{
  "dishes": [
    "المنسف",
    "المقلوبة",
    "المسخن",
    "الكبسة",
    "الفتة",
    "المجدرة",
    "الكبة",
    "الزرب",
    "الرشوف",
    "الشنينة",
    "ورق العنب",
    "صاجية",
    "حوسة اللحمة",
    "العرايس",
    "فريكة بالدجاج أو اللحم",
    "القطايف",
    "الكنافة",
    "مطبق",
    "ريش اللحم",
    "شيش برك",
    "فتوش",
    "تبولة",
    "مكبوس",
    "شاورما",
    "دجاج محمر",
    "كوارع",
    "لفت مخلل",
    "فتة حمص",
    "مسخن رول",
    "بطاطا باللحمة",
    "لبن بالخوخ",
    "لبنة بالزيت",
    "مخشي كوسا",
    "فاصوليا باللحمة",
    "رُب بندورة",
    "حواضر",
    "بيض باللحمة",
    "بطاطا محشية",
    "سمبوسك",
    "مقروطة",
    "مكمورة",
    "يخنة البامية",
    "شوربة العدس",
    "قلاية بندورة",
    "عرايس لحم"
  ],
  "drinks": [
    "الشاي بالنعناع",
    "الشاي بالميرمية",
    "القهوة العربية",
    "القهوة السادة",
    "القهوة بالهيل",
    "الشنينة",
    "عصير الليمون بالنعناع",
    "عرقسوس",
    "تمر هندي",
    "سحلب",
    "قهوة تركية",
    "ماء الزهر",
    "عصير الرمان",
    "عصير الجزر",
    "عصير البرتقال الطبيعي",
    "عصير التمر الهندي",
    "خروب",
    "قمر الدين",
    "حليب بالتمر",
    "عصير الكركديه",
    "شراب اللوز",
    "مغلي الزنجبيل",
    "شاي أخضر",
    "شاي كرك",
    "عصير التفاح الطبيعي",
    "عصير العنب",
    "شاي أحمر",
    "شاي دارسين (قرفة)",
    "مغلي الحلبة",
    "شاي الزعتر",
    "عصير فراولة",
    "عصير مانجو",
    "عصير الجوافة",
    "عصير الأناناس"
  ],
  "fruits": [
    "تفاح",
    "موز",
    "برتقال",
    "فراولة",
    "أناناس",
    "عنب",
    "كيوي",
    "جوافة",
    "مانجو",
    "رمان",
    "ليمون",
    "تين",
    "خوخ",
    "كمثرى",
    "برقوق",
    "مشمش",
    "تمر",
    "كرز",
    "بطيخ",
    "بابايا",
    "طماطم",
    "أفوكادو",
    "جريب فروت",
    "مانغوستين",
    "التين الشوكي",
    "العنب",
    "الجوافة",
    "البرقوق",
    "الليمون الهندي",
    "المشمش المجفف",
    "التمر الهندي",
    "الفراولة البرية",
    "التوت البري",
    "الكيوي"
  ],
  "spices": [
    "كمون",
    "كزبرة",
    "قرفة",
    "قرنفل",
    "هيل",
    "زعفران",
    "فلفل أسود",
    "فلفل أحمر حار",
    "زنجبيل",
    "سبع بهارات",
    "جوزة الطيب",
    "كركم",
    "بابريكا",
    "العكري",
    "كاري",
    "شمر",
    "ريحان",
    "نعناع",
    "خردل",
    "كراوية",
    "زعتر",
    "شطة",
    "مسحوق الثوم",
    "مسحوق البصل",
    "قشر الليمون المجفف",
    "يانسون",
    "بقدونس مجفف",
    "أوراق الغار",
    "بزار",
    "مسمار",
    "قرفة ناعمة",
    "كزبرة جافة",
    "فلفل أبيض",
    "توابل البحر الأبيض المتوسط",
    "فلفل أسود مجروش",
    "ملح الليمون",
    "توابل تندوري",
    "ليمون مجفف",
    "طرخون",
    "راس الحانوت",
    "كزبرة مطحونة"
  ],
  "vegetables": [
    "جزر",
    "بطاطا",
    "بصل",
    "فلفل",
    "كوسة",
    "باذنجان",
    "قرنبيط",
    "لوبيا خضراء",
    "سبانخ",
    "جرجير",
    "خيار",
    "فجل",
    "شمندر",
    "كرنب",
    "ملفوف",
    "يقطين",
    "لوبيا بيضاء",
    "بروكلي",
    "فطر",
    "ثوم",
    "كرافس",
    "الباذنجان",
    "البطاطا الحلوة",
    "العدس",
    "الخرشوف",
    "البرسيم",
    "اللوبيا السوداء",
    "اللوبيا الحمراء"
  ]
}
