{
  "academic_degree": [
    "ليسانس",
    "ماستر",
    "دكتوراه"
  ],
  "gender": [
    "ذكر",
    "أنثى"
  ],
  "language": [
    "الصينية الماندرين",
    "الإسبانية",
    "الإنجليزية",
    "البنغالية",
    "الهندية",
    "البرتغالية",
    "الروسية",
    "اليابانية",
    "الألمانية",
    "الصينية الوو",
    "الجاوية",
    "الكورية",
    "الفرنسية",
    "الفيتنامية",
    "التيلجو",
    "الصينية الكانتونية",
    "الماراثية",
    "التاميلية",
    "التركية",
    "الأردية",
    "الصينية المين",
    "الصينية الجينيو",
    "الغوجاراتية",
    "البولندية",
    "العربية المصرية",
    "الأوكرانية",
    "الإيطالية",
    "الصينية الشيانغ",
    "المالايالامية",
    "الصينية الهكا",
    "الكانادا",
    "الأوريا",
    "البنجابية الغربية",
    "السوندية",
    "البنجابية الشرقية",
    "الرومانية",
    "البوجبورية",
    "الأذربيجانية",
    "الفارسية",
    "الميثيلية",
    "الهوسا",
    "العربية الجزائرية",
    "البورمية",
    "الصربية",
    "الصينية الجان",
    "الأوادية",
    "التايلاندية",
    "الهولندية",
    "اليوروبية",
    "السندية",
    "العربية المغربية",
    "العربية الصعيدية",
    "الأوزبكية",
    "الماليزية",
    "الأمهرية",
    "الإندونيسية",
    "الإيغبو",
    "الفلبينية",
    "النيبالية",
    "العربية السودانية",
    "السرايكية",
    "الفيزايانية",
    "العربية البدوية",
    "التايلاندية الشمالية الشرقية",
    "الآسامية",
    "الهنغارية",
    "الشيتاغونية",
    "العربية العراقية (الميزوبوتامية)",
    "المدورية",
    "السنهالية",
    "الهاريانفية",
    "الماروارية",
    "التشيكية",
    "اليونانية",
    "الماجاهي",
    "الشاتيسجارية",
    "الدكنية",
    "الصينية المين باي",
    "البيلاروسية",
    "الزوانغ"
  ],
  "names": {
    "female": [
      "فاطمة",
      "زينب",
      "صباح",
      "نادية",
      "سهى",
      "أمينة",
      "سمية",
      "سارة",
      "سلمى",
      "مريم",
      "حنان",
      "ملاك",
      "اكرام",
      "وفاء",
      "رشا",
      "غادة",
      "هند",
      "ليلى",
      "ريم",
      "هدى",
      "صفاء",
      "رحمة",
      "اسراء",
      "ريهام",
      "ابتسام",
      "آية",
      "نور",
      "جنى",
      "سهام",
      "فريدة",
      "إيمان",
      "نسرين",
      "ياسمين",
      "فريال",
      "أسماء",
      "خديجة",
      "نجوى",
      "بشرى",
      "فرح",
      "زهراء",
      "هالة",
      "يسرى",
      "نادين",
      "أسيل",
      "نورهان",
      "ميساء",
      "شيماء",
      "سيرين",
      "عبير",
      "لمياء",
      "رندة",
      "آلاء",
      "هاجر",
      "أميرة",
      "نوال",
      "دنيا",
      "مرام",
      "إسراء",
      "رميساء",
      "هديل",
      "أمال",
      "وصال",
      "رحاب",
      "هبة",
      "رفيدة",
      "دعاء",
      "كوثر",
      "مايا",
      "الين",
      "نور الهدى",
      "نور الايمان"
    ],
    "male": [
      "آدم",
      "أنيس",
      "أكرم",
      "أيمن",
      "إياد",
      "باسم",
      "ريان",
      "سفيان",
      "مروان",
      "نوح",
      "مالك",
      "جواد",
      "ليث",
      "يوسف",
      "كريم",
      "عماد",
      "زيد",
      "هشام",
      "رامي",
      "حسان",
      "أسامة",
      "أنس",
      "عادل",
      "فهد",
      "سيف",
      "محمود",
      "فارس",
      "خليل",
      "عمر",
      "عبد الله",
      "عبد القادر",
      "عبد الكريم",
      "عزيز",
      "عبد الرحيم",
      "عبد الفتاح",
      "عبد المجيد",
      "عبد الرحمن",
      "يزيد",
      "السعيد",
      "موسى",
      "إبراهيم",
      "سامر",
      "جلال",
      "جواد",
      "خالد",
      "وليد",
      "حمزة",
      "نورالدين",
      "توفيق",
      "سليم",
      "فيصل",
      "سامي",
      "رياض",
      "نادر",
      "طارق",
      "جمال",
      "صهيب",
      "شريف",
      "حليم",
      "بلال",
      "زكريا",
      "منجد",
      "علاء",
      "وسيم",
      "وائل",
      "يعقوب",
      "يحي"
    ]
  },
  "nationality": [
    "أفغاني",
    "ألباني",
    "جزائري",
    "أمريكي",
    "أندوري",
    "أنغولي",
    "أنتيغوي",
    "أرجنتيني",
    "أرميني",
    "أسترالي",
    "نمساوي",
    "أذربيجاني",
    "باهامي",
    "بحريني",
    "بنغلاديشي",
    "بربادوسي",
    "بيلاروسي",
    "بلجيكي",
    "بليزي",
    "بنيني",
    "بوتاني",
    "بوليفي",
    "بوسني",
    "بوتسواني",
    "برازيلي",
    "بريطاني",
    "بروناي",
    "بلغاري",
    "بوركيني",
    "بورمي",
    "بوروندي",
    "كامبودي",
    "كاميروني",
    "كندي",
    "كيب فيردي",
    "تشادي",
    "تشيلي",
    "صيني",
    "كولومبي",
    "كوموري",
    "كونغولي",
    "كوستاريكي",
    "كرواتي",
    "كوبي",
    "قبرصي",
    "تشيكي",
    "دنماركي",
    "جيبوتي",
    "دومينيكاني",
    "إكوادوري",
    "مصري",
    "سلفادوري",
    "غيني استوائي",
    "إريتري",
    "إستوني",
    "إسواتيني",
    "إثيوبي",
    "فيجي",
    "فنلندي",
    "فرنسي",
    "غابوني",
    "غامبي",
    "جورجي",
    "ألماني",
    "غاناوي",
    "يوناني",
    "غرينادي",
    "غواتيمالي",
    "غيني",
    "غيني بيساوي",
    "غوياني",
    "هايتي",
    "هندوراسي",
    "هنغاري",
    "آيسلندي",
    "هندي",
    "إندونيسي",
    "إيراني",
    "عراقي",
    "إيرلندي",
    "إيطالي",
    "إيفواري",
    "جامايكي",
    "ياباني",
    "أردني",
    "كازاخستاني",
    "كيني",
    "كيريباتي",
    "كوري شمالي",
    "كوري جنوبي",
    "كويتي",
    "قيرغيزستاني",
    "لاوسي",
    "لاتفي",
    "لبناني",
    "ليسوتي",
    "ليبيري",
    "ليبي"
  ],
  "occupation": [
    "مدير",
    "مساعد إداري",
    "محاسب",
    "مدير مشاريع",
    "موظف استقبال",
    "مدير تسويق",
    "موظف موارد بشرية",
    "مهندس حاسوب",
    "طبيب",
    "ممرض",
    "صيدلي",
    "أخصائي تخدير",
    "طبيب أسنان",
    "معالج طبيعي",
    "أخصائي نفسي",
    "تقني مختبر",
    "أستاذ جامعي",
    "مشرف تربوي",
    "معلم",
    "مهندس مدني",
    "مهندس كهرباء",
    "مهندس ميكانيكا",
    "مهندس برمجيات",
    "تقني صيانة",
    "تقني إلكترونيات",
    "مصمم جرافيك",
    "مصور",
    "كاتب",
    "مغني",
    "مخرج سينمائي",
    "نجار",
    "سباك",
    "كهربائي",
    "حداد",
    "مبلط",
    "حرفي جلد",
    "صباغ",
    "ميكانيكي سيارات",
    "بناء",
    "بائع",
    "صاحب متجر",
    "كاشير",
    "نادِل",
    "طباخ",
    "حارس أمن",
    "سائق تاكسي",
    "موظف خدمة العملاء",
    "مزارع",
    "مهندس",
    "بيطري",
    "أخصائي بيئة",
    "مدير مزرعة",
    "بستاني",
    "مهندس تنظيف",
    "باحث علمي",
    "كيميائي",
    "عالم آثار",
    "محامي",
    "قاضي",
    "كاتب عدل",
    "مستشار قانوني",
    "محقق",
    "بقال",
    "قاضي التحقيق",
    "مدقق حسابات",
    "صحفي",
    "مذيع",
    "معد برامج",
    "محرر",
    "مراسل",
    "متخصص في التسويق",
    "مختص في الأمن السيبراني",
    "مدرب رياضي",
    "مهندس اعلام الي",
    "مهندس زلازل",
    "تقني أجهزة طبية",
    "شرطي",
    "جمركي",
    "دركي",
    "عسكري",
    "اسكافي",
    "خياط",
    "عامل تنظيف",
    "مصور فوتوغرافي",
    "مراقب جودة",
    "مدير موارد بشرية",
    "تقني تدفئة وتكييف",
    "طبيب بيطري",
    "تقني صيانة الالات صناعية",
    "منسق مشاريع",
    "مستشار مالي",
    "مهندس معماري",
    "مستشار تربوي",
    "تقني كهرباء صناعية",
    "تقني كهرباء"
  ],
  "political_views": [
    "رأسمالي",
    "شيوعي",
    "ليبرالي"
  ],
  "surnames": [
    "أحمد",
    "الأبرش",
    "الأردني",
    "الأسد",
    "الأسمر",
    "الأعرج",
    "الأغا",
    "الإبراهيم",
    "الباز",
    "البحر",
    "البحري",
    "البدر",
    "البدوي",
    "البراج",
    "البركات",
    "البصري",
    "البطنجي",
    "البقاعي",
    "البكر",
    "البليدي",
    "البيطار",
    "التقي",
    "الجابر",
    "الجابري",
    "الجبري",
    "الجبلي",
    "الجدع",
    "الجراح",
    "الجراوي",
    "الجربا",
    "الجرج",
    "الجرف",
    "الجفال",
    "الجلاد",
    "الجليدي",
    "الجملة",
    "الجندي",
    "الجواد",
    "الحاج",
    "الحاج حسن",
    "الحاج عارف",
    "الحاج عيسى",
    "الحاجي",
    "الحارثي",
    "الحافظ",
    "الحامد",
    "الحجوج",
    "الحريري",
    "الحسن",
    "الحسني",
    "الحسين",
    "الحسيني",
    "الحطاب",
    "الحكيم",
    "الحلاق",
    "الحلبى",
    "الحلبي",
    "الحمود",
    "الحموي",
    "الحنفي",
    "الخالد",
    "الخضر",
    "الخطيب",
    "الخواجا",
    "الدرع",
    "الدرويش",
    "الديري",
    "الراوي",
    "الرشيد",
    "الرضا",
    "الرفاعي",
    "الريس",
    "الزاكي",
    "الزايد",
    "الزعبي",
    "الزمر",
    "الزميل",
    "الزهور",
    "الزهيري",
    "الزيد",
    "السامر",
    "السخني",
    "السردي",
    "السعد",
    "السعيد",
    "السلمان",
    "السليمان",
    "السماوي",
    "السويجي",
    "السياري",
    "الشامي",
    "الشبلي",
    "الشرع",
    "الشيخ",
    "الشيخاني",
    "الصادق",
    "الصالح",
    "الصالحي",
    "الصانع",
    "الصباغ",
    "الصوفي",
    "الصياد",
    "الضاهر",
    "الطاهري",
    "الطيب",
    "الطيبي",
    "العارف",
    "العباس",
    "العبد الله",
    "العجلوني",
    "العريف",
    "العساف",
    "العسكر",
    "العشي",
    "العطار",
    "العقاد",
    "العلي",
    "العمار",
    "العمري",
    "العناني",
    "العنزي",
    "العواد",
    "العوض",
    "العيسى",
    "الغانم",
    "الغطريف",
    "الغنام",
    "الغوانم",
    "الغوطة",
    "الفارس",
    "الفرا",
    "الفرج",
    "الفطيسي",
    "الفلاح",
    "الفليح",
    "الفيصل",
    "القادر",
    "القادري",
    "القاضي",
    "القرع",
    "القسيس",
    "القطان",
    "القعقاع",
    "القناص",
    "القنصل",
    "القيسي",
    "الكردي",
    "الكعبي",
    "الكيلاني",
    "اللبابيدي",
    "الماجد",
    "المالح",
    "المالك",
    "المجدوب",
    "المحمد",
    "المحمود",
    "المداوي",
    "المدني",
    "المدى",
    "المراد",
    "المراشدة",
    "المري",
    "المزين",
    "المطلق",
    "المعراوي",
    "المعلم",
    "المفلح",
    "المليح",
    "المنذر",
    "المنصور",
    "المهدي",
    "المواس",
    "الميالي",
    "النابلسي",
    "الناجي",
    "الناصر",
    "النجدي",
    "النسيمي",
    "النص",
    "النعيمي",
    "النقيب",
    "النمر",
    "النوفل",
    "الهدي",
    "الهلال",
    "الوهاب",
    "اليوسف",
    "اليوسفي",
    "جلال",
    "زيدان",
    "عابد",
    "عازر",
    "عبد الله",
    "عكاشة",
    "غنام"
  ],
  "title": {
    "female": {
      "typical": [
        "السيدة"
      ],
      "academic": [
        "الدكتورة",
        "الاستاذة"
      ]
    },
    "male": {
      "typical": [
        "السيد"
      ],
      "academic": [
        "الدكتور",
        "الاستاذ"
      ]
    }
  },
  "university": [
    "جامعة إدلب",
    "جامعة الأندلس",
    "جامعة البعث",
    "جامعة الفرات",
    "جامعة القلمون",
    "جامعة المعري",
    "جامعة تشرين",
    "جامعة جبل العرب",
    "جامعة حلب",
    "جامعة حلوان",
    "جامعة دمشق",
    "جامعة دير الزور",
    "جامعة سبع بحرات",
    "معهد إدارة الأعمال",
    "معهد الإرشاد الزراعي",
    "معهد التدريب المهني",
    "معهد التقنية الطبية",
    "معهد التكنولوجيا التطبيقية",
    "معهد التكنولوجيا الكهربائية",
    "معهد الثقافة والفنون",
    "معهد الحرف التقليدية",
    "معهد الدراسات العليا",
    "معهد الدراسات المصرفية",
    "معهد الزراعة",
    "معهد السياحة والفندقة",
    "معهد الشؤون الدولية",
    "معهد الشام العالي",
    "معهد الصحافة والإعلام",
    "معهد الطوبوغرافيا",
    "معهد الطيران",
    "معهد العلوم الاجتماعية",
    "معهد العلوم التطبيقية",
    "معهد العلوم السياسية",
    "معهد العلوم الطبية",
    "معهد الفلسفة",
    "معهد الفنون التطبيقية",
    "معهد الفنون الجميلة",
    "معهد الفنون المسرحية",
    "معهد الكهرباء",
    "معهد الكيمياء",
    "معهد اللغات",
    "معهد اللغة العربية",
    "معهد المعلمات",
    "معهد المهن الطبية",
    "معهد الميكانيك",
    "معهد الهندسة",
    "معهد الهندسة المعمارية",
    "معهد دراسات الإقتصاد"
  ],
  "views_on": [
    "سلبي",
    "ايجابي",
    "حيادي"
  ],
  "telephone_fmt": [
    "(+963) 9########",
    "(+963) 8########",
    "(+963) ## #######"
  ],
  "worldview": [
    "مسلم",
    "مسيحي",
    "لا ديني",
    "يهودي",
    "إخواني",
    "سلفي",
    "صوفي",
    "غير محدد"
  ]
}
