{
  "template": "https://github.com/timothycrosley/cookiecutter-python/",
  "commit": "71391fd9999067ef4b38aa05e7116087fac431f8",
  "context": {
    "cookiecutter": {
      "full_name": "Timothy Crosley",
      "email": "timothy.crosley@gmail.com",
      "github_username": "pycqa",
      "project_name": "isort",
      "description": "A Python utility / library to sort Python imports.",
      "version": "4.3.21",
      "_template": "https://github.com/timothycrosley/cookiecutter-python/"
    }
  },
  "directory": "",
  "checkout": null
}
