{
  "dishes": [
    "السلته",
    "الفحسة",
    "المندي",
    "المظبي",
    "المشوي",
    "العصيد",
    "الشفوت",
    "الكبسة",
    "الحنيذ",
    "الكدم",
    "البرم",
    "بنت الصحن",
    "زربيان",
    "سبايا",
    "سوسي",
    "ملوّح",
    "رشوش"
  ],
  "drinks": [
    "قهوة بيضانية",
    "شاي عدني",
    "شاي بالحليب",
    "بن يمني",
    "شاي أحمر",
    "قهوة عربية",
    "شراب الليمون",
    "حليب الإبل",
    "حقين",
    "مشروبات غازية",
    "شراب الكركديه",
    "عصير الرمان",
    "عصير البرتقال",
    "عصير الليمون",
    "عصير التفاح",
    "عصير الجوافة",
    "عصير المانجو",
    "عصير الأناناس",
    "شربات",
    "عصير البطيخ",
    "عصير التوت",
    "الزنجبيل"
  ],
  "fruits": [
    "تفاح",
    "موز",
    "برتقال",
    "فراولة",
    "أناناس",
    "كيوي",
    "جوافة",
    "مانجو",
    "رمان",
    "ليمون",
    "تين",
    "خوخ",
    "برقوق",
    "تمر",
    "عنب",
    "حبحب",
    "طماط",
    "أفوكادو",
    "التين الشوكي",
    "العنب",
    "التوت البري",
    "الكيوي"
  ],
  "spices": [
    "كمون",
    "كزبرة",
    "قرفة",
    "قرنفل",
    "هيل",
    "زعفران",
    "فلفل أسود",
    "بسباس حيمي",
    "زنجبيل",
    "جوزة الطيب",
    "هرد",
    "كاري",
    "ريحان",
    "نعناع",
    "خردل",
    "زعتر",
    "شطة",
    "مسحوق الثوم",
    "مسحوق البصل",
    "ينسون",
    "بقدونس مجفف",
    "أوراق الغار",
    "كبزرة",
    "ملح الليمون",
    "ليمون مجفف"
  ],
  "vegetables": [
    "جزر",
    "بطاط",
    "بصل",
    "فلفل",
    "كوسة",
    "باذنجان",
    "خيار",
    "قرنبيط",
    "سبانخ",
    "جرجير",
    "فجل",
    "شمندر",
    "كوبيش",
    "يقطين",
    "زهرة القرنبيط",
    "بروكلي",
    "فطر",
    "ثوم",
    "الباذنجان",
    "جزر هندي",
    "العدس",
    "البرسيم",
    "فاصولياء",
    "فول",
    "بازلاء"
  ]
}
