{
  "alphabet": {
    "lowercase": [
      "α",
      "β",
      "γ",
      "δ",
      "ε",
      "ζ",
      "η",
      "θ",
      "ι",
      "κ",
      "λ",
      "μ",
      "ν",
      "ξ",
      "ο",
      "π",
      "ρ",
      "σ",
      "τ",
      "υ",
      "φ",
      "χ",
      "ψ",
      "ω"
    ],
    "uppercase": [
      "Α",
      "Β",
      "Γ",
      "Δ",
      "Ε",
      "Ζ",
      "Η",
      "Θ",
      "Ι",
      "Κ",
      "Λ",
      "Μ",
      "Ν",
      "Ξ",
      "Ο",
      "Π",
      "Ρ",
      "Σ",
      "Τ",
      "Υ",
      "Φ",
      "Χ",
      "Ψ",
      "Ω"
    ]
  },
  "answers": [
    "Ίσως",
    "Όχι",
    "Ναι"
  ],
  "color": [
    "Kυανό",
    "Άσπρο",
    "Κίτρινο",
    "Καφέ",
    "Κόκκινο",
    "Μαύρο",
    "Μπεζ",
    "Μπλε",
    "Μωβ",
    "Πορτοκαλί",
    "Πορφυρό",
    "Πράσσινο",
    "Ροζ"
  ],
  "level": [
    "Κρίσιμο",
    "Μέτριο",
    "Πολύ μεγάλο",
    "Υπερβολικό",
    "Υψηλό",
    "Χαμηλό"
  ],
  "quotes": [
    "Ένα ξέρω, ότι τίποτα δεν ξέρω. Αυτή είναι η πηγή της σοφίας μου",
    "Αγάπη είναι όταν μία ψυχή ζει σε δύο σώματα.",
    "Αν βρεις μια καλή σύζηγο θα είσαι χαρούμενος, αν όχι θα γίνεις φιλόσοφος",
    "Αν οι γυναίκες δεν υπήρχαν, όλα τα χρήματα στο κόσμο δεν θα είχαν νόημα.",
    "Δεν υπάρχει τίποτα σταθερό εκτός από την αλλαγή.",
    "Είμαι υπόχρεος στον πατέρα μου που ζω, αλλά είμαι υπόχρεος στον δάσκαλο μου που ζω καλά.",
    "Ιστορία είναι φιλοσοφία που διδάσκεται με παραδείγματα.",
    "Ο θάνατος δεν μας αφορά, γιατί όσο υπάρχουμε ο θάνατος δεν υπάρχει. Και όταν έρχεται, τότε δεν υπάρχουμε πια.",
    "Ο καθένας μπορεί να θυμώσει- αυτό είναι εύκολο. Αλλά το να θυμώσει κανείς με το σωστό άτομο, στο σωστό βαθμό, τη σωστή στιγμή,  για τη σωστή αιτία και με το σωστό τρόπο- αυτό είναι δύσκολο.",
    "Οι καλοί άνθρωποι δεν χρειάζονται νόμους για να ενεργούν υπεύθυνα, ενώ οι κακοί άνθρωποι θα βρουν τρόπους να τους παρακάμψουν.",
    "Περίμενε για τον πιο σοφό σύμβουλο, τον χρόνο.",
    "Τίποτα δεν υπάρχει εκτός απο τα άτομα και το κενό. Όλα τα άλλα είναι απλά απόψεις.",
    "Υπάρχει μόνο μία γυναίκα στο κόσμο. Μία γυναίκα, με πολλά πρόσωπα."
  ],
  "text": [
    "Όλα τα άτομα, εκτός του 'πρώτιου' που είναι ισότοπο του χημικού στοιχείου 'υδρογόνο' και δεν έχει νετρόνια, αποτελούνται από τρεις τύπους υποατομικών σωματιδίων.",
    "Αν ήταν εφικτό να συμπτυχθεί ολόκληρη η Γη σε μια ακτίνα 0,9 εκατοστών, δηλαδή στο μέγεθος ενός κερασιού, θα είχε μετατραπεί σε μαύρη τρύπα.",
    "Η C είναι μια σχετικά μινιμαλιστική γλώσσα προγραμματισμού.",
    "Η αυτοματοποιημένη υλοποίηση των μεθόδων της πληροφορικής βασίστηκε από την πρώτη στιγμή στους ηλεκτρονικούς υπολογιστές (Η/Υ).",
    "Η διπλή άρθρωση είναι αποκλειστικό χαρακτηριστικό της ανθρώπινης γλώσσας.",
    "Η κοινή αντίληψη που κυριαρχεί σχετικά με τη γλώσσα είναι ότι η επίσημη μορφή της, άρα και η πιο «έγκυρη», είναι η γραπτή και ότι η πιο «πρόχειρη» και «λιγότερο σταθερή» είναι η προφορική.",
    "Η μνήμη ενός κλασικού ψηφιακού υπολογιστή αποτελείται από bit τα οποία μπορούν να αναπαραστήσουν την τιμή 1 ή 0.",
    "Μία μαύρη τρύπα είναι το σημείο εκείνο του διαστήματος, όπου κάποτε υπήρχε ο πυρήνας ενός γιγάντιου άστρου.",
    "Μεγάλης κλίμακας κβαντικοί υπολογιστές αναμένεται να λύνουν προβλήματα πολύ ταχύτερα από τους κλασικούς υπολογιστές.",
    "Οι τύποι του Βιέτ δίνουν απλές σχέσεις μεταξύ των ριζών ενός πολυωνύμου και των συντελεστών του.",
    "Στα μαθηματικά, δευτεροβάθμια εξίσωση ονομάζεται κάθε πολυωνυμική εξίσωση δευτέρου βαθμού.",
    "Στη διάρκεια των Σκοτεινών Αιώνων, τότε που κυριαρχούσε η λατινική γλώσσα και η Δυτική Ευρώπη ήταν υπό τον σιδηρό έλεγχο της Ρωμαιοκαθολικής Εκκλησίας, το επίπεδο μόρφωσης και μάθησης του λαού ήταν χαμηλό.",
    "Τα πρωτόνια και τα νετρόνια ονομάζονται νουκλεόνια και σχηματίζουν τον συμπαγή ατομικό πυρήνα.",
    "Το κεφαλαίο Δ ως σύμβολο το συναντούμε σε διάφορες περιπτώσεις.",
    "Τόσο οι επιστημονικές όσο και οι διεπιστημονικές προσεγγίσεις της γλώσσας συνιστούν ό,τι ονομάζουμε μεταγλώσσα."
  ],
  "words": [
    "Ιστορικό",
    "Λογαριασμός",
    "άδεια",
    "άσσος",
    "έγινε",
    "ήδη",
    "αέρας",
    "αερογραμμή",
    "αεροσκάφος",
    "ακαδημία",
    "ακαδημαϊκός",
    "ακουστικός",
    "ακρίβεια",
    "ακριβής",
    "ακροβάτης",
    "αλφαβητικός",
    "ανάλυση",
    "αναλογικό",
    "αξεσουάρ",
    "απέναντι",
    "απαγόρευση",
    "απευθύνεται",
    "αποδέχομαι",
    "απουσία",
    "απόγευμα",
    "απόκτηση",
    "απόλυτος",
    "αρκούδα",
    "αρτοποιός",
    "ατύχημα",
    "αφηρημένος",
    "βάση",
    "βασικά",
    "βασικός",
    "βοήθεια",
    "γεωργικός",
    "δέσμη",
    "δεκτός",
    "διαφημίσεις",
    "διαφημιστές",
    "διαχείριση",
    "διαχειριστές",
    "διαχειριστής",
    "διαχειριστής",
    "διεύθυνση",
    "διοικητικός",
    "δράση",
    "δραστηριοποίηση",
    "δραστηριότητα",
    "δραστηριότητες",
    "δυσμενής",
    "εμπρός",
    "ενήλικας",
    "εναλλακτικό",
    "ενεργω",
    "ενεργός",
    "ενισχύσεις",
    "ενστερνίζομαι",
    "εξαιτίας",
    "επίκτητος",
    "επίσης",
    "επαρκής",
    "επηρεάζονται",
    "επηρεάζουν",
    "ευκανόνιστος",
    "ηθοποιία",
    "ηθοποιός",
    "ηλικία",
    "ηλικίες",
    "θετός",
    "ικανός",
    "ικανότητα",
    "ισορροπία",
    "κακό",
    "καλάθι",
    "κατά",
    "κατάλυμα",
    "κατάχρηση",
    "κατορθώνω",
    "κατόρθωμα",
    "κρεβάτι",
    "κρεβατοκάμαρα",
    "λεκάνη",
    "λογιστική",
    "λούτρο",
    "μάχη",
    "μέσο",
    "μετά",
    "μπάλα",
    "μπάσκετ",
    "μπάσσο",
    "μπέιζμπολ",
    "μπαρ",
    "μπαταρία",
    "μπαταρίες",
    "μόνος",
    "ξεκίνημα",
    "ξεκίνησε",
    "ξεκινάω",
    "ομοπρφιά",
    "οξύς",
    "πάλι",
    "πάταγος",
    "πίσω",
    "παζάρι",
    "πανω",
    "πανό",
    "παραλία",
    "περιδέραιο",
    "περιπέτεια",
    "πιστεύω",
    "πλίθα",
    "πλεονέκτημα",
    "ποσό",
    "πράγματι",
    "πράκτορες",
    "πράξεις",
    "πραγματικός",
    "πρακτορείο",
    "πριν",
    "προκαταβολή",
    "προσαρμογέας",
    "προσαρμογή",
    "προσαρμοσμένο",
    "προσθέτω",
    "προσθήκες",
    "προσιτός",
    "προσιτότητα",
    "προχωρημένος",
    "πρόσβαση",
    "πρόσθεση",
    "πρόσθετος",
    "πτώχευση",
    "ρουλεμάν",
    "σκοπός",
    "στο εξωτερικο",
    "στρέμματα",
    "στόχους",
    "συμβουλή",
    "συμβουλευτικός",
    "συμπεριφορά",
    "συμφωνία",
    "συμφωνώ",
    "σχετικά με",
    "σύμβουλος",
    "σύμφωνα με",
    "σύμφωνος",
    "τουαλέτα",
    "τράπεζα",
    "τρομάζω",
    "τροπολογία",
    "τροποποιήθηκε",
    "τσάντα",
    "υιοθεσία",
    "υιοθετώ",
    "υποθέσεις",
    "φοβερό",
    "φοβισμένος",
    "όμορφος",
    "όρμος"
  ]
}