{
  "day": {
    "abbr": [
      "س",
      "ح",
      "ن",
      "ث",
      "ر",
      "خ",
      "ج"
    ],
    "name": [
      "السبت",
      "الأحد",
      "الإثنين",
      "الثلاثاء",
      "الأربعاء",
      "الخميس",
      "الجمعة"
    ]
  },
  "formats": {
    "date": "%d-%m-%Y",
    "time": "%H:%M:%S"
  },
  "month": {
    "abbr": [
           "يناير",
    "فبراير",
    "مارس",
    "أبريل",
    "مايو",
    "يونيو",
    "يوليو",
    "أغسطس",
    "سبتمبر",
    "أكتوبر",
    "نوفمبر",
    "ديسمبر"
    ],
    "name": [
           "يناير",
    "فبراير",
    "مارس",
    "أبريل",
    "مايو",
    "يونيو",
    "يوليو",
    "أغسطس",
    "سبتمبر",
    "أكتوبر",
    "نوفمبر",
    "ديسمبر"
    ]
  },
  "periodicity": [
    "سنوي",
    "أسبوعي",
    "أبداً",
    "شهري",
    "نادراً",
    "غالباً",
    "يوميًا",
    "مرة واحدة"
  ]
}
