{
  "banks": [
    "البنك  الخارجي",
    "البنك الوطني العربي",
    "بنك التنمية المحلية",
    "القرض الشعبي العربي",
    "بنك البركة العربي",
    "ناتيكسيس ",
    "سوسيتي جينيرال ",
    "سيتي بنك ",
    "البنك العربي ",
    "بي ان بي باريباس - ",
    "ترست بنك ",
    "بنك الخليج ",
    "بنك الإسكان للتجارة والتمويل ",
    "فرانس-بنك ",
    "بنك السلام ",
    "اش اس بي سي ",
    "البنك الوطني للإسكان"
  ],
  "company": {
    "type": {
      "title": [
        "شركة",
        "مجمع"
      ],
      "abbr": [
        "شركة",
        "مجمع"
      ]
    },
    "name": [
      "شركة المياه",
      "اتصالات",
      "الإذاعة الوطنية",
      "الخطوط الجوية",
      "الديوان الوطني  للسياحة",
      "الشركة القومية لصناعة المروحيات",
      "الشركة الوطنية للعربات الصناعية",
      "الشركة الوطنية للنقل بالسكك الحديدية",
      "الشركة الوطنية للهندسة المدنية والبناء",
      "المؤسسة الوطنية للصناعات الإلكترونية",
      "المؤسسة الوطنية للصناعات الكهرومنزلية",
      "النقل البحري القومي",
      "الوكالة القومية للإشعاع الثقافي",
      "البريد",
      "شركة الجرارات القومية",
      "مدار القابضة",
      "السلام إلكترونيك",
      "المعهد القومي للبترول",
      "المعهد القومي للتقييس",
      "دار البرزخ للنشر",
      "ورود",
      "يسير"
    ]
  },
  "currency-code": "DZD"
}
