{
  "academic_degree": [
    "ليسانس",
    "ماستر",
    "دكتوراه"
  ],
  "gender": [
    "ذكر",
    "أنثى"
  ],
  "language": [
    "الصينية الماندرين",
    "الإسبانية",
    "الإنجليزية",
    "البنغالية",
    "الهندية",
    "البرتغالية",
    "الروسية",
    "اليابانية",
    "الألمانية",
    "الصينية الوو",
    "الجاوية",
    "الكورية",
    "الفرنسية",
    "الفيتنامية",
    "التيلجو",
    "الصينية الكانتونية",
    "الماراثية",
    "التاميلية",
    "التركية",
    "الأردية",
    "الصينية المين",
    "الصينية الجينيو",
    "الغوجاراتية",
    "البولندية",
    "العربية المصرية",
    "الأوكرانية",
    "الإيطالية",
    "الصينية الشيانغ",
    "المالايالامية",
    "الصينية الهكا",
    "الكانادا",
    "الأوريا",
    "البنجابية الغربية",
    "السوندية",
    "البنجابية الشرقية",
    "الرومانية",
    "البوجبورية",
    "الأذربيجانية",
    "الفارسية",
    "الميثيلية",
    "الهوسا",
    "العربية الجزائرية",
    "البورمية",
    "الصربية",
    "الصينية الجان",
    "الأوادية",
    "التايلاندية",
    "الهولندية",
    "اليوروبية",
    "السندية",
    "العربية المغربية",
    "العربية الصعيدية",
    "الأوزبكية",
    "الماليزية",
    "الأمهرية",
    "الإندونيسية",
    "الإيغبو",
    "الفلبينية",
    "النيبالية",
    "العربية السودانية",
    "السرايكية",
    "الفيزايانية",
    "العربية البدوية",
    "التايلاندية الشمالية الشرقية",
    "الآسامية",
    "الهنغارية",
    "الشيتاغونية",
    "العربية العراقية (الميزوبوتامية)",
    "المدورية",
    "السنهالية",
    "الهاريانفية",
    "الماروارية",
    "التشيكية",
    "اليونانية",
    "الماجاهي",
    "الشاتيسجارية",
    "الدكنية",
    "الصينية المين باي",
    "البيلاروسية",
    "الزوانغ"
  ],
  "names": {
    "female": [
      "فاطمة",
      "زينب",
      "صباح",
      "نادية",
      "سهى",
      "أمينة",
      "سمية",
      "سارة",
      "سلمى",
      "مريم",
      "حنان",
      "ملاك",
      "اكرام",
      "وفاء",
      "رشا",
      "غادة",
      "هند",
      "ليلى",
      "ريم",
      "هدى",
      "صفاء",
      "رحمة",
      "اسراء",
      "ريهام",
      "ابتسام",
      "آية",
      "نور",
      "جنى",
      "سهام",
      "فريدة",
      "إيمان",
      "نسرين",
      "ياسمين",
      "فريال",
      "أسماء",
      "خديجة",
      "نجوى",
      "بشرى",
      "فرح",
      "زهراء",
      "هالة",
      "يسرى",
      "نادين",
      "أسيل",
      "نورهان",
      "ميساء",
      "شيماء",
      "سيرين",
      "عبير",
      "لمياء",
      "رندة",
      "آلاء",
      "هاجر",
      "أميرة",
      "نوال",
      "دنيا",
      "مرام",
      "إسراء",
      "رميساء",
      "هديل",
      "أمال",
      "وصال",
      "رحاب",
      "هبة",
      "رفيدة",
      "دعاء",
      "كوثر",
      "مايا",
      "الين",
      "نور الهدى",
      "نور الايمان"
    ],
    "male": [
      "آدم",
      "أنيس",
      "أكرم",
      "أيمن",
      "إياد",
      "باسم",
      "ريان",
      "سفيان",
      "مروان",
      "نوح",
      "مالك",
      "جواد",
      "ليث",
      "يوسف",
      "كريم",
      "عماد",
      "زيد",
      "هشام",
      "رامي",
      "حسان",
      "أسامة",
      "أنس",
      "عادل",
      "فهد",
      "سيف",
      "محمود",
      "فارس",
      "خليل",
      "عمر",
      "عبد الله",
      "عبد القادر",
      "عبد الكريم",
      "عزيز",
      "عبد الرحيم",
      "عبد الفتاح",
      "عبد المجيد",
      "عبد الرحمن",
      "يزيد",
      "السعيد",
      "موسى",
      "إبراهيم",
      "سامر",
      "جلال",
      "جواد",
      "خالد",
      "وليد",
      "حمزة",
      "نورالدين",
      "توفيق",
      "سليم",
      "فيصل",
      "سامي",
      "رياض",
      "نادر",
      "طارق",
      "جمال",
      "صهيب",
      "شريف",
      "حليم",
      "بلال",
      "زكريا",
      "منجد",
      "علاء",
      "وسيم",
      "وائل",
      "يعقوب",
      "يحي"
    ]
  },
  "nationality": [
    "أفغاني",
    "ألباني",
    "جزائري",
    "أمريكي",
    "أندوري",
    "أنغولي",
    "أنتيغوي",
    "أرجنتيني",
    "أرميني",
    "أسترالي",
    "نمساوي",
    "أذربيجاني",
    "باهامي",
    "بحريني",
    "بنغلاديشي",
    "بربادوسي",
    "بيلاروسي",
    "بلجيكي",
    "بليزي",
    "بنيني",
    "بوتاني",
    "بوليفي",
    "بوسني",
    "بوتسواني",
    "برازيلي",
    "بريطاني",
    "بروناي",
    "بلغاري",
    "بوركيني",
    "بورمي",
    "بوروندي",
    "كامبودي",
    "كاميروني",
    "كندي",
    "كيب فيردي",
    "تشادي",
    "تشيلي",
    "صيني",
    "كولومبي",
    "كوموري",
    "كونغولي",
    "كوستاريكي",
    "كرواتي",
    "كوبي",
    "قبرصي",
    "تشيكي",
    "دنماركي",
    "جيبوتي",
    "دومينيكاني",
    "إكوادوري",
    "مصري",
    "سلفادوري",
    "غيني استوائي",
    "إريتري",
    "إستوني",
    "إسواتيني",
    "إثيوبي",
    "فيجي",
    "فنلندي",
    "فرنسي",
    "غابوني",
    "غامبي",
    "جورجي",
    "ألماني",
    "غاناوي",
    "يوناني",
    "غرينادي",
    "غواتيمالي",
    "غيني",
    "غيني بيساوي",
    "غوياني",
    "هايتي",
    "هندوراسي",
    "هنغاري",
    "آيسلندي",
    "هندي",
    "إندونيسي",
    "إيراني",
    "عراقي",
    "إيرلندي",
    "إيطالي",
    "إيفواري",
    "جامايكي",
    "ياباني",
    "أردني",
    "كازاخستاني",
    "كيني",
    "كيريباتي",
    "كوري شمالي",
    "كوري جنوبي",
    "كويتي",
    "قيرغيزستاني",
    "لاوسي",
    "لاتفي",
    "لبناني",
    "ليسوتي",
    "ليبيري",
    "ليبي"
  ],
  "occupation": [
    "مدير",
    "مساعد إداري",
    "محاسب",
    "مدير مشاريع",
    "موظف استقبال",
    "مدير تسويق",
    "موظف موارد بشرية",
    "مهندس حاسوب",
    "طبيب",
    "ممرض",
    "صيدلي",
    "أخصائي تخدير",
    "طبيب أسنان",
    "معالج طبيعي",
    "أخصائي نفسي",
    "تقني مختبر",
    "أستاذ جامعي",
    "مشرف تربوي",
    "معلم",
    "مهندس مدني",
    "مهندس كهرباء",
    "مهندس ميكانيكا",
    "مهندس برمجيات",
    "تقني صيانة",
    "تقني إلكترونيات",
    "مصمم جرافيك",
    "مصور",
    "كاتب",
    "مغني",
    "مخرج سينمائي",
    "نجار",
    "سباك",
    "كهربائي",
    "حداد",
    "مبلط",
    "حرفي جلد",
    "صباغ",
    "ميكانيكي سيارات",
    "بناء",
    "بائع",
    "صاحب متجر",
    "كاشير",
    "نادِل",
    "طباخ",
    "حارس أمن",
    "سائق تاكسي",
    "موظف خدمة العملاء",
    "مزارع",
    "مهندس",
    "بيطري",
    "أخصائي بيئة",
    "مدير مزرعة",
    "بستاني",
    "مهندس تنظيف",
    "باحث علمي",
    "كيميائي",
    "عالم آثار",
    "محامي",
    "قاضي",
    "كاتب عدل",
    "مستشار قانوني",
    "محقق",
    "بقال",
    "قاضي التحقيق",
    "مدقق حسابات",
    "صحفي",
    "مذيع",
    "معد برامج",
    "محرر",
    "مراسل",
    "متخصص في التسويق",
    "مختص في الأمن السيبراني",
    "مدرب رياضي",
    "مهندس اعلام الي",
    "مهندس زلازل",
    "تقني أجهزة طبية",
    "شرطي",
    "جمركي",
    "دركي",
    "عسكري",
    "اسكافي",
    "خياط",
    "عامل تنظيف",
    "مصور فوتوغرافي",
    "مراقب جودة",
    "مدير موارد بشرية",
    "تقني تدفئة وتكييف",
    "طبيب بيطري",
    "تقني صيانة الالات صناعية",
    "منسق مشاريع",
    "مستشار مالي",
    "مهندس معماري",
    "مستشار تربوي",
    "تقني كهرباء صناعية",
    "تقني كهرباء"
  ],
  "political_views": [
    "رأسمالي",
    "شيوعي",
    "ليبرالي"
  ],
  "surnames": [
    "عبد الله",
    "بن عبد الله",
    "أبو  عبد الله",
    "بني  عبد الله",
    "ولد عبد الله",
    "عبد الله باشا",
    "عبد الله باي",
    "عبد الله خوجة",
    "عبد الله قارة",
    "عبد الرحمن",
    "بن عبد الرحمن",
    "أبو  عبد الرحمن",
    "بني  عبد الرحمن",
    "ولد عبد الرحمن",
    "عبد الرحمن باشا",
    "عبد الرحمن باي",
    "عبد الرحمن خوجة",
    "عبد الرحمن قارة",
    "عبد الرحيم",
    "بن عبد الرحيم",
    "أبو  عبد الرحيم",
    "بني  عبد الرحيم",
    "ولد عبد الرحيم",
    "عبد الرحيم باشا",
    "عبد الرحيم باي",
    "عبد الرحيم خوجة",
    "عبد الرحيم قارة",
    "عبد الملك",
    "بن عبد الملك",
    "أبو  عبد الملك",
    "بني  عبد الملك",
    "ولد عبد الملك",
    "عبد الملك باشا",
    "عبد الملك باي",
    "عبد الملك خوجة",
    "عبد الملك قارة",
    "عبد القدوس",
    "بن عبد القدوس",
    "أبو  عبد القدوس",
    "بني  عبد القدوس",
    "ولد عبد القدوس",
    "عبد القدوس باشا",
    "عبد القدوس باي",
    "عبد القدوس خوجة",
    "عبد القدوس قارة",
    "عبد السلام",
    "بن عبد السلام",
    "أبو  عبد السلام",
    "بني  عبد السلام",
    "ولد عبد السلام",
    "عبد السلام باشا",
    "عبد السلام باي",
    "عبد السلام خوجة",
    "عبد السلام قارة",
    "عبد المؤمن",
    "بن عبد المؤمن",
    "أبو  عبد المؤمن",
    "بني  عبد المؤمن",
    "ولد عبد المؤمن",
    "عبد المؤمن باشا",
    "عبد المؤمن باي",
    "عبد المؤمن خوجة",
    "عبد المؤمن قارة",
    "عبد المهيمن",
    "بن عبد المهيمن",
    "أبو  عبد المهيمن",
    "بني  عبد المهيمن",
    "ولد عبد المهيمن",
    "عبد المهيمن باشا",
    "عبد المهيمن باي",
    "عبد المهيمن خوجة",
    "عبد المهيمن قارة",
    "عبد العزيز",
    "بن عبد العزيز",
    "أبو  عبد العزيز",
    "بني  عبد العزيز",
    "ولد عبد العزيز",
    "عبد العزيز باشا",
    "عبد العزيز باي",
    "عبد العزيز خوجة",
    "عبد العزيز قارة",
    "عبد الجبار",
    "بن عبد الجبار",
    "أبو  عبد الجبار",
    "بني  عبد الجبار",
    "ولد عبد الجبار",
    "عبد الجبار باشا",
    "عبد الجبار باي",
    "عبد الجبار خوجة",
    "عبد الجبار قارة",
    "عبد المتكبر",
    "بن عبد المتكبر",
    "أبو  عبد المتكبر",
    "بني  عبد المتكبر",
    "ولد عبد المتكبر",
    "عبد المتكبر باشا",
    "عبد المتكبر باي",
    "عبد المتكبر خوجة",
    "عبد المتكبر قارة",
    "عبد الخالق",
    "بن عبد الخالق",
    "أبو  عبد الخالق",
    "بني  عبد الخالق",
    "ولد عبد الخالق",
    "عبد الخالق باشا",
    "عبد الخالق باي",
    "عبد الخالق خوجة",
    "عبد الخالق قارة",
    "عبد البارئ",
    "بن عبد البارئ",
    "أبو  عبد البارئ",
    "بني  عبد البارئ",
    "ولد عبد البارئ",
    "عبد البارئ باشا",
    "عبد البارئ باي",
    "عبد البارئ خوجة",
    "عبد البارئ قارة",
    "عبد المصور",
    "بن عبد المصور",
    "أبو  عبد المصور",
    "بني  عبد المصور",
    "ولد عبد المصور",
    "عبد المصور باشا",
    "عبد المصور باي",
    "عبد المصور خوجة",
    "عبد المصور قارة",
    "عبد الغفار",
    "بن عبد الغفار",
    "أبو  عبد الغفار",
    "بني  عبد الغفار",
    "ولد عبد الغفار",
    "عبد الغفار باشا",
    "عبد الغفار باي",
    "عبد الغفار خوجة",
    "عبد الغفار قارة",
    "عبد القهار",
    "بن عبد القهار",
    "أبو  عبد القهار",
    "بني  عبد القهار",
    "ولد عبد القهار",
    "عبد القهار باشا",
    "عبد القهار باي",
    "عبد القهار خوجة",
    "عبد القهار قارة",
    "عبد الوهاب",
    "بن عبد الوهاب",
    "أبو  عبد الوهاب",
    "بني  عبد الوهاب",
    "ولد عبد الوهاب",
    "عبد الوهاب باشا",
    "عبد الوهاب باي",
    "عبد الوهاب خوجة",
    "عبد الوهاب قارة",
    "عبد الرزاق",
    "بن عبد الرزاق",
    "أبو  عبد الرزاق",
    "بني  عبد الرزاق",
    "ولد عبد الرزاق",
    "عبد الرزاق باشا",
    "عبد الرزاق باي",
    "عبد الرزاق خوجة",
    "عبد الرزاق قارة",
    "عبد الفتاح",
    "بن عبد الفتاح",
    "أبو  عبد الفتاح",
    "بني  عبد الفتاح",
    "ولد عبد الفتاح",
    "عبد الفتاح باشا",
    "عبد الفتاح باي",
    "عبد الفتاح خوجة",
    "عبد الفتاح قارة",
    "عبد العليم",
    "بن عبد العليم",
    "أبو  عبد العليم",
    "بني  عبد العليم",
    "ولد عبد العليم",
    "عبد العليم باشا",
    "عبد العليم باي",
    "عبد العليم خوجة",
    "عبد العليم قارة",
    "عبد القابض",
    "بن عبد القابض",
    "أبو  عبد القابض",
    "بني  عبد القابض",
    "ولد عبد القابض",
    "عبد القابض باشا",
    "عبد القابض باي",
    "عبد القابض خوجة",
    "عبد القابض قارة",
    "عبد الباسط",
    "بن عبد الباسط",
    "أبو  عبد الباسط",
    "بني  عبد الباسط",
    "ولد عبد الباسط",
    "عبد الباسط باشا",
    "عبد الباسط باي",
    "عبد الباسط خوجة",
    "عبد الباسط قارة",
    "عبد الرافع",
    "بن عبد الرافع",
    "أبو  عبد الرافع",
    "بني  عبد الرافع",
    "ولد عبد الرافع",
    "عبد الرافع باشا",
    "عبد الرافع باي",
    "عبد الرافع خوجة",
    "عبد الرافع قارة",
    "عبد المعز",
    "بن عبد المعز",
    "أبو  عبد المعز",
    "بني  عبد المعز",
    "ولد عبد المعز",
    "عبد المعز باشا",
    "عبد المعز باي",
    "عبد المعز خوجة",
    "عبد المعز قارة",
    "عبد السميع",
    "بن عبد السميع",
    "أبو  عبد السميع",
    "بني  عبد السميع",
    "ولد عبد السميع",
    "عبد السميع باشا",
    "عبد السميع باي",
    "عبد السميع خوجة",
    "عبد السميع قارة",
    "عبد البصير",
    "بن عبد البصير",
    "أبو  عبد البصير",
    "بني  عبد البصير",
    "ولد عبد البصير",
    "عبد البصير باشا",
    "عبد البصير باي",
    "عبد البصير خوجة",
    "عبد البصير قارة",
    "عبد الحكم",
    "بن عبد الحكم",
    "أبو  عبد الحكم",
    "بني  عبد الحكم",
    "ولد عبد الحكم",
    "عبد الحكم باشا",
    "عبد الحكم باي",
    "عبد الحكم خوجة",
    "عبد الحكم قارة",
    "عبد العدل",
    "بن عبد العدل",
    "أبو  عبد العدل",
    "بني  عبد العدل",
    "ولد عبد العدل",
    "عبد العدل باشا",
    "عبد العدل باي",
    "عبد العدل خوجة",
    "عبد العدل قارة",
    "عبد اللطيف",
    "بن عبد اللطيف",
    "أبو  عبد اللطيف",
    "بني  عبد اللطيف",
    "ولد عبد اللطيف",
    "عبد اللطيف باشا",
    "عبد اللطيف باي",
    "عبد اللطيف خوجة",
    "عبد اللطيف قارة",
    "عبد الخبير",
    "بن عبد الخبير",
    "أبو  عبد الخبير",
    "بني  عبد الخبير",
    "ولد عبد الخبير",
    "عبد الخبير باشا",
    "عبد الخبير باي",
    "عبد الخبير خوجة",
    "عبد الخبير قارة",
    "عبد الحليم",
    "بن عبد الحليم",
    "أبو  عبد الحليم",
    "بني  عبد الحليم",
    "ولد عبد الحليم",
    "عبد الحليم باشا",
    "عبد الحليم باي",
    "عبد الحليم خوجة",
    "عبد الحليم قارة",
    "عبد العظيم",
    "بن عبد العظيم",
    "أبو  عبد العظيم",
    "بني  عبد العظيم",
    "ولد عبد العظيم",
    "عبد العظيم باشا",
    "عبد العظيم باي",
    "عبد العظيم خوجة",
    "عبد العظيم قارة",
    "عبد الغفور",
    "بن عبد الغفور",
    "أبو  عبد الغفور",
    "بني  عبد الغفور",
    "ولد عبد الغفور",
    "عبد الغفور باشا",
    "عبد الغفور باي",
    "عبد الغفور خوجة",
    "عبد الغفور قارة",
    "عبد الشكور",
    "بن عبد الشكور",
    "أبو  عبد الشكور",
    "بني  عبد الشكور",
    "ولد عبد الشكور",
    "عبد الشكور باشا",
    "عبد الشكور باي",
    "عبد الشكور خوجة",
    "عبد الشكور قارة",
    "عبد العلي",
    "بن عبد العلي",
    "أبو  عبد العلي",
    "بني  عبد العلي",
    "ولد عبد العلي",
    "عبد العلي باشا",
    "عبد العلي باي",
    "عبد العلي خوجة",
    "عبد العلي قارة",
    "عبد الكبير",
    "بن عبد الكبير",
    "أبو  عبد الكبير",
    "بني  عبد الكبير",
    "ولد عبد الكبير",
    "عبد الكبير باشا",
    "عبد الكبير باي",
    "عبد الكبير خوجة",
    "عبد الكبير قارة",
    "عبد الحفيظ",
    "بن عبد الحفيظ",
    "أبو  عبد الحفيظ",
    "بني  عبد الحفيظ",
    "ولد عبد الحفيظ",
    "عبد الحفيظ باشا",
    "عبد الحفيظ باي",
    "عبد الحفيظ خوجة",
    "عبد الحفيظ قارة",
    "عبد المقيت",
    "بن عبد المقيت",
    "أبو  عبد المقيت",
    "بني  عبد المقيت",
    "ولد عبد المقيت",
    "عبد المقيت باشا",
    "عبد المقيت باي",
    "عبد المقيت خوجة",
    "عبد المقيت قارة",
    "عبد الحسيب",
    "بن عبد الحسيب",
    "أبو  عبد الحسيب",
    "بني  عبد الحسيب",
    "ولد عبد الحسيب",
    "عبد الحسيب باشا",
    "عبد الحسيب باي",
    "عبد الحسيب خوجة",
    "عبد الحسيب قارة",
    "عبد الجليل",
    "بن عبد الجليل",
    "أبو  عبد الجليل",
    "بني  عبد الجليل",
    "ولد عبد الجليل",
    "عبد الجليل باشا",
    "عبد الجليل باي",
    "عبد الجليل خوجة",
    "عبد الجليل قارة",
    "عبد الكريم",
    "بن عبد الكريم",
    "أبو  عبد الكريم",
    "بني  عبد الكريم",
    "ولد عبد الكريم",
    "عبد الكريم باشا",
    "عبد الكريم باي",
    "عبد الكريم خوجة",
    "عبد الكريم قارة",
    "عبد الرقيب",
    "بن عبد الرقيب",
    "أبو  عبد الرقيب",
    "بني  عبد الرقيب",
    "ولد عبد الرقيب",
    "عبد الرقيب باشا",
    "عبد الرقيب باي",
    "عبد الرقيب خوجة",
    "عبد الرقيب قارة",
    "عبد المجيب",
    "بن عبد المجيب",
    "أبو  عبد المجيب",
    "بني  عبد المجيب",
    "ولد عبد المجيب",
    "عبد المجيب باشا",
    "عبد المجيب باي",
    "عبد المجيب خوجة",
    "عبد المجيب قارة",
    "عبد الواسع",
    "بن عبد الواسع",
    "أبو  عبد الواسع",
    "بني  عبد الواسع",
    "ولد عبد الواسع",
    "عبد الواسع باشا",
    "عبد الواسع باي",
    "عبد الواسع خوجة",
    "عبد الواسع قارة",
    "عبد الحكيم",
    "بن عبد الحكيم",
    "أبو  عبد الحكيم",
    "بني  عبد الحكيم",
    "ولد عبد الحكيم",
    "عبد الحكيم باشا",
    "عبد الحكيم باي",
    "عبد الحكيم خوجة",
    "عبد الحكيم قارة",
    "عبد الودود",
    "بن عبد الودود",
    "أبو  عبد الودود",
    "بني  عبد الودود",
    "ولد عبد الودود",
    "عبد الودود باشا",
    "عبد الودود باي",
    "عبد الودود خوجة",
    "عبد الودود قارة",
    "عبد المجيد",
    "بن عبد المجيد",
    "أبو  عبد المجيد",
    "بني  عبد المجيد",
    "ولد عبد المجيد",
    "عبد المجيد باشا",
    "عبد المجيد باي",
    "عبد المجيد خوجة",
    "عبد المجيد قارة",
    "عبد الباعث",
    "بن عبد الباعث",
    "أبو  عبد الباعث",
    "بني  عبد الباعث",
    "ولد عبد الباعث",
    "عبد الباعث باشا",
    "عبد الباعث باي",
    "عبد الباعث خوجة",
    "عبد الباعث قارة",
    "عبد الشهيد",
    "بن عبد الشهيد",
    "أبو  عبد الشهيد",
    "بني  عبد الشهيد",
    "ولد عبد الشهيد",
    "عبد الشهيد باشا",
    "عبد الشهيد باي",
    "عبد الشهيد خوجة",
    "عبد الشهيد قارة",
    "عبد الحق",
    "بن عبد الحق",
    "أبو  عبد الحق",
    "بني  عبد الحق",
    "ولد عبد الحق",
    "عبد الحق باشا",
    "عبد الحق باي",
    "عبد الحق خوجة",
    "عبد الحق قارة",
    "عبد الوكيل",
    "بن عبد الوكيل",
    "أبو  عبد الوكيل",
    "بني  عبد الوكيل",
    "ولد عبد الوكيل",
    "عبد الوكيل باشا",
    "عبد الوكيل باي",
    "عبد الوكيل خوجة",
    "عبد الوكيل قارة",
    "عبد القوي",
    "بن عبد القوي",
    "أبو  عبد القوي",
    "بني  عبد القوي",
    "ولد عبد القوي",
    "عبد القوي باشا",
    "عبد القوي باي",
    "عبد القوي خوجة",
    "عبد القوي قارة",
    "عبد المتين",
    "بن عبد المتين",
    "أبو  عبد المتين",
    "بني  عبد المتين",
    "ولد عبد المتين",
    "عبد المتين باشا",
    "عبد المتين باي",
    "عبد المتين خوجة",
    "عبد المتين قارة",
    "عبد الولي",
    "بن عبد الولي",
    "أبو  عبد الولي",
    "بني  عبد الولي",
    "ولد عبد الولي",
    "عبد الولي باشا",
    "عبد الولي باي",
    "عبد الولي خوجة",
    "عبد الولي قارة",
    "عبد الحميد",
    "بن عبد الحميد",
    "أبو  عبد الحميد",
    "بني  عبد الحميد",
    "ولد عبد الحميد",
    "عبد الحميد باشا",
    "عبد الحميد باي",
    "عبد الحميد خوجة",
    "عبد الحميد قارة",
    "عبد الـمحصي",
    "بن عبد الـمحصي",
    "أبو  عبد الـمحصي",
    "بني  عبد الـمحصي",
    "ولد عبد الـمحصي",
    "عبد الـمحصي باشا",
    "عبد الـمحصي باي",
    "عبد الـمحصي خوجة",
    "عبد الـمحصي قارة",
    "عبد المبدئ",
    "بن عبد المبدئ",
    "أبو  عبد المبدئ",
    "بني  عبد المبدئ",
    "ولد عبد المبدئ",
    "عبد المبدئ باشا",
    "عبد المبدئ باي",
    "عبد المبدئ خوجة",
    "عبد المبدئ قارة",
    "عبد المعيد",
    "بن عبد المعيد",
    "أبو  عبد المعيد",
    "بني  عبد المعيد",
    "ولد عبد المعيد",
    "عبد المعيد باشا",
    "عبد المعيد باي",
    "عبد المعيد خوجة",
    "عبد المعيد قارة",
    "عبد المحيي",
    "بن عبد المحيي",
    "أبو  عبد المحيي",
    "بني  عبد المحيي",
    "ولد عبد المحيي",
    "عبد المحيي باشا",
    "عبد المحيي باي",
    "عبد المحيي خوجة",
    "عبد المحيي قارة",
    "عبد الحي",
    "بن عبد الحي",
    "أبو  عبد الحي",
    "بني  عبد الحي",
    "ولد عبد الحي",
    "عبد الحي باشا",
    "عبد الحي باي",
    "عبد الحي خوجة",
    "عبد الحي قارة",
    "عبد القيوم",
    "بن عبد القيوم",
    "أبو  عبد القيوم",
    "بني  عبد القيوم",
    "ولد عبد القيوم",
    "عبد القيوم باشا",
    "عبد القيوم باي",
    "عبد القيوم خوجة",
    "عبد القيوم قارة",
    "عبد الواجد",
    "بن عبد الواجد",
    "أبو  عبد الواجد",
    "بني  عبد الواجد",
    "ولد عبد الواجد",
    "عبد الواجد باشا",
    "عبد الواجد باي",
    "عبد الواجد خوجة",
    "عبد الواجد قارة",
    "عبد الماجد",
    "بن عبد الماجد",
    "أبو  عبد الماجد",
    "بني  عبد الماجد",
    "ولد عبد الماجد",
    "عبد الماجد باشا",
    "عبد الماجد باي",
    "عبد الماجد خوجة",
    "عبد الماجد قارة",
    "عبد الواحد",
    "بن عبد الواحد",
    "أبو  عبد الواحد",
    "بني  عبد الواحد",
    "ولد عبد الواحد",
    "عبد الواحد باشا",
    "عبد الواحد باي",
    "عبد الواحد خوجة",
    "عبد الواحد قارة",
    "عبد الصمد",
    "بن عبد الصمد",
    "أبو  عبد الصمد",
    "بني  عبد الصمد",
    "ولد عبد الصمد",
    "عبد الصمد باشا",
    "عبد الصمد باي",
    "عبد الصمد خوجة",
    "عبد الصمد قارة",
    "عبد القادر",
    "بن عبد القادر",
    "أبو  عبد القادر",
    "بني  عبد القادر",
    "ولد عبد القادر",
    "عبد القادر باشا",
    "عبد القادر باي",
    "عبد القادر خوجة",
    "عبد القادر قارة",
    "عبد المقتدر",
    "بن عبد المقتدر",
    "أبو  عبد المقتدر",
    "بني  عبد المقتدر",
    "ولد عبد المقتدر",
    "عبد المقتدر باشا",
    "عبد المقتدر باي",
    "عبد المقتدر خوجة",
    "عبد المقتدر قارة",
    "عبد المقدم",
    "بن عبد المقدم",
    "أبو  عبد المقدم",
    "بني  عبد المقدم",
    "ولد عبد المقدم",
    "عبد المقدم باشا",
    "عبد المقدم باي",
    "عبد المقدم خوجة",
    "عبد المقدم قارة",
    "عبد المؤخر",
    "بن عبد المؤخر",
    "أبو  عبد المؤخر",
    "بني  عبد المؤخر",
    "ولد عبد المؤخر",
    "عبد المؤخر باشا",
    "عبد المؤخر باي",
    "عبد المؤخر خوجة",
    "عبد المؤخر قارة",
    "عبد الأول",
    "بن عبد الأول",
    "أبو  عبد الأول",
    "بني  عبد الأول",
    "ولد عبد الأول",
    "عبد الأول باشا",
    "عبد الأول باي",
    "عبد الأول خوجة",
    "عبد الأول قارة",
    "عبد الآخر",
    "بن عبد الآخر",
    "أبو  عبد الآخر",
    "بني  عبد الآخر",
    "ولد عبد الآخر",
    "عبد الآخر باشا",
    "عبد الآخر باي",
    "عبد الآخر خوجة",
    "عبد الآخر قارة",
    "عبد الظاهر",
    "بن عبد الظاهر",
    "أبو  عبد الظاهر",
    "بني  عبد الظاهر",
    "ولد عبد الظاهر",
    "عبد الظاهر باشا",
    "عبد الظاهر باي",
    "عبد الظاهر خوجة",
    "عبد الظاهر قارة",
    "عبد الباطن",
    "بن عبد الباطن",
    "أبو  عبد الباطن",
    "بني  عبد الباطن",
    "ولد عبد الباطن",
    "عبد الباطن باشا",
    "عبد الباطن باي",
    "عبد الباطن خوجة",
    "عبد الباطن قارة",
    "عبد الوالي",
    "بن عبد الوالي",
    "أبو  عبد الوالي",
    "بني  عبد الوالي",
    "ولد عبد الوالي",
    "عبد الوالي باشا",
    "عبد الوالي باي",
    "عبد الوالي خوجة",
    "عبد الوالي قارة",
    "عبد المتعال",
    "بن عبد المتعال",
    "أبو  عبد المتعال",
    "بني  عبد المتعال",
    "ولد عبد المتعال",
    "عبد المتعال باشا",
    "عبد المتعال باي",
    "عبد المتعال خوجة",
    "عبد المتعال قارة",
    "عبد البر",
    "بن عبد البر",
    "أبو  عبد البر",
    "بني  عبد البر",
    "ولد عبد البر",
    "عبد البر باشا",
    "عبد البر باي",
    "عبد البر خوجة",
    "عبد البر قارة",
    "عبد التواب",
    "بن عبد التواب",
    "أبو  عبد التواب",
    "بني  عبد التواب",
    "ولد عبد التواب",
    "عبد التواب باشا",
    "عبد التواب باي",
    "عبد التواب خوجة",
    "عبد التواب قارة",
    "عبد المنتقم",
    "بن عبد المنتقم",
    "أبو  عبد المنتقم",
    "بني  عبد المنتقم",
    "ولد عبد المنتقم",
    "عبد المنتقم باشا",
    "عبد المنتقم باي",
    "عبد المنتقم خوجة",
    "عبد المنتقم قارة",
    "عبد العفو",
    "بن عبد العفو",
    "أبو  عبد العفو",
    "بني  عبد العفو",
    "ولد عبد العفو",
    "عبد العفو باشا",
    "عبد العفو باي",
    "عبد العفو خوجة",
    "عبد العفو قارة",
    "عبد الرؤوف",
    "بن عبد الرؤوف",
    "أبو  عبد الرؤوف",
    "بني  عبد الرؤوف",
    "ولد عبد الرؤوف",
    "عبد الرؤوف باشا",
    "عبد الرؤوف باي",
    "عبد الرؤوف خوجة",
    "عبد الرؤوف قارة",
    "عبد مالك",
    "بن عبد مالك",
    "أبو  عبد مالك",
    "بني  عبد مالك",
    "ولد عبد مالك",
    "عبد مالك باشا",
    "عبد مالك باي",
    "عبد مالك خوجة",
    "عبد مالك قارة",
    "عبد الملك",
    "بن عبد الملك",
    "أبو  عبد الملك",
    "بني  عبد الملك",
    "ولد عبد الملك",
    "عبد الملك باشا",
    "عبد الملك باي",
    "عبد الملك خوجة",
    "عبد الملك قارة",
    "عبد المقسط",
    "بن عبد المقسط",
    "أبو  عبد المقسط",
    "بني  عبد المقسط",
    "ولد عبد المقسط",
    "عبد المقسط باشا",
    "عبد المقسط باي",
    "عبد المقسط خوجة",
    "عبد المقسط قارة",
    "عبد الجامع",
    "بن عبد الجامع",
    "أبو  عبد الجامع",
    "بني  عبد الجامع",
    "ولد عبد الجامع",
    "عبد الجامع باشا",
    "عبد الجامع باي",
    "عبد الجامع خوجة",
    "عبد الجامع قارة",
    "عبد الغني",
    "بن عبد الغني",
    "أبو  عبد الغني",
    "بني  عبد الغني",
    "ولد عبد الغني",
    "عبد الغني باشا",
    "عبد الغني باي",
    "عبد الغني خوجة",
    "عبد الغني قارة",
    "عبد المغني",
    "بن عبد المغني",
    "أبو  عبد المغني",
    "بني  عبد المغني",
    "ولد عبد المغني",
    "عبد المغني باشا",
    "عبد المغني باي",
    "عبد المغني خوجة",
    "عبد المغني قارة",
    "عبد المعطي",
    "بن عبد المعطي",
    "أبو  عبد المعطي",
    "بني  عبد المعطي",
    "ولد عبد المعطي",
    "عبد المعطي باشا",
    "عبد المعطي باي",
    "عبد المعطي خوجة",
    "عبد المعطي قارة",
    "عبد النافع",
    "بن عبد النافع",
    "أبو  عبد النافع",
    "بني  عبد النافع",
    "ولد عبد النافع",
    "عبد النافع باشا",
    "عبد النافع باي",
    "عبد النافع خوجة",
    "عبد النافع قارة",
    "عبد النور",
    "بن عبد النور",
    "أبو  عبد النور",
    "بني  عبد النور",
    "ولد عبد النور",
    "عبد النور باشا",
    "عبد النور باي",
    "عبد النور خوجة",
    "عبد النور قارة",
    "عبد الهادي",
    "بن عبد الهادي",
    "أبو  عبد الهادي",
    "بني  عبد الهادي",
    "ولد عبد الهادي",
    "عبد الهادي باشا",
    "عبد الهادي باي",
    "عبد الهادي خوجة",
    "عبد الهادي قارة",
    "عبد البديع",
    "بن عبد البديع",
    "أبو  عبد البديع",
    "بني  عبد البديع",
    "ولد عبد البديع",
    "عبد البديع باشا",
    "عبد البديع باي",
    "عبد البديع خوجة",
    "عبد البديع قارة",
    "عبد الباقي",
    "بن عبد الباقي",
    "أبو  عبد الباقي",
    "بني  عبد الباقي",
    "ولد عبد الباقي",
    "عبد الباقي باشا",
    "عبد الباقي باي",
    "عبد الباقي خوجة",
    "عبد الباقي قارة",
    "عبد الوارث",
    "بن عبد الوارث",
    "أبو  عبد الوارث",
    "بني  عبد الوارث",
    "ولد عبد الوارث",
    "عبد الوارث باشا",
    "عبد الوارث باي",
    "عبد الوارث خوجة",
    "عبد الوارث قارة",
    "عبد الرشيد",
    "بن عبد الرشيد",
    "أبو  عبد الرشيد",
    "بني  عبد الرشيد",
    "ولد عبد الرشيد",
    "عبد الرشيد باشا",
    "عبد الرشيد باي",
    "عبد الرشيد خوجة",
    "عبد الرشيد قارة",
    "عبد الصبور",
    "بن عبد الصبور",
    "أبو  عبد الصبور",
    "بني  عبد الصبور",
    "ولد عبد الصبور",
    "عبد الصبور باشا",
    "عبد الصبور باي",
    "عبد الصبور خوجة",
    "عبد الصبور قارة",
    "آدم",
    "بن آدم",
    "أبو  آدم",
    "بني  آدم",
    "ولد آدم",
    "آدم باشا",
    "آدم باي",
    "آدم خوجة",
    "آدم قارة",
    "إدريس",
    "بن إدريس",
    "أبو  إدريس",
    "بني  إدريس",
    "ولد إدريس",
    "إدريس باشا",
    "إدريس باي",
    "إدريس خوجة",
    "إدريس قارة",
    "نوح",
    "بن نوح",
    "أبو  نوح",
    "بني  نوح",
    "ولد نوح",
    "نوح باشا",
    "نوح باي",
    "نوح خوجة",
    "نوح قارة",
    "هود",
    "بن هود",
    "أبو  هود",
    "بني  هود",
    "ولد هود",
    "هود باشا",
    "هود باي",
    "هود خوجة",
    "هود قارة",
    "صالح",
    "بن صالح",
    "أبو  صالح",
    "بني  صالح",
    "ولد صالح",
    "صالح باشا",
    "صالح باي",
    "صالح خوجة",
    "صالح قارة",
    "إبراهيم",
    "بن إبراهيم",
    "أبو  إبراهيم",
    "بني  إبراهيم",
    "ولد إبراهيم",
    "إبراهيم باشا",
    "إبراهيم باي",
    "إبراهيم خوجة",
    "إبراهيم قارة",
    "لوط",
    "بن لوط",
    "أبو  لوط",
    "بني  لوط",
    "ولد لوط",
    "لوط باشا",
    "لوط باي",
    "لوط خوجة",
    "لوط قارة",
    "إسماعيل",
    "بن إسماعيل",
    "أبو  إسماعيل",
    "بني  إسماعيل",
    "ولد إسماعيل",
    "إسماعيل باشا",
    "إسماعيل باي",
    "إسماعيل خوجة",
    "إسماعيل قارة",
    "إسحاق",
    "بن إسحاق",
    "أبو  إسحاق",
    "بني  إسحاق",
    "ولد إسحاق",
    "إسحاق باشا",
    "إسحاق باي",
    "إسحاق خوجة",
    "إسحاق قارة",
    "يعقوب",
    "بن يعقوب",
    "أبو  يعقوب",
    "بني  يعقوب",
    "ولد يعقوب",
    "يعقوب باشا",
    "يعقوب باي",
    "يعقوب خوجة",
    "يعقوب قارة",
    "يوسف",
    "بن يوسف",
    "أبو  يوسف",
    "بني  يوسف",
    "ولد يوسف",
    "يوسف باشا",
    "يوسف باي",
    "يوسف خوجة",
    "يوسف قارة",
    "أيوب",
    "بن أيوب",
    "أبو  أيوب",
    "بني  أيوب",
    "ولد أيوب",
    "أيوب باشا",
    "أيوب باي",
    "أيوب خوجة",
    "أيوب قارة",
    "شعيب",
    "بن شعيب",
    "أبو  شعيب",
    "بني  شعيب",
    "ولد شعيب",
    "شعيب باشا",
    "شعيب باي",
    "شعيب خوجة",
    "شعيب قارة",
    "موسى",
    "بن موسى",
    "أبو  موسى",
    "بني  موسى",
    "ولد موسى",
    "موسى باشا",
    "موسى باي",
    "موسى خوجة",
    "موسى قارة",
    "هارون",
    "بن هارون",
    "أبو  هارون",
    "بني  هارون",
    "ولد هارون",
    "هارون باشا",
    "هارون باي",
    "هارون خوجة",
    "هارون قارة",
    "يونس",
    "بن يونس",
    "أبو  يونس",
    "بني  يونس",
    "ولد يونس",
    "يونس باشا",
    "يونس باي",
    "يونس خوجة",
    "يونس قارة",
    "داود",
    "بن داود",
    "أبو  داود",
    "بني  داود",
    "ولد داود",
    "داود باشا",
    "داود باي",
    "داود خوجة",
    "داود قارة",
    "سليمان",
    "بن سليمان",
    "أبو  سليمان",
    "بني  سليمان",
    "ولد سليمان",
    "سليمان باشا",
    "سليمان باي",
    "سليمان خوجة",
    "سليمان قارة",
    "إلياس",
    "بن إلياس",
    "أبو  إلياس",
    "بني  إلياس",
    "ولد إلياس",
    "إلياس باشا",
    "إلياس باي",
    "إلياس خوجة",
    "إلياس قارة",
    "الْيَسَع",
    "بن الْيَسَع",
    "أبو  الْيَسَع",
    "بني  الْيَسَع",
    "ولد الْيَسَع",
    "الْيَسَع باشا",
    "الْيَسَع باي",
    "الْيَسَع خوجة",
    "الْيَسَع قارة",
    "زكريا",
    "بن زكريا",
    "أبو  زكريا",
    "بني  زكريا",
    "ولد زكريا",
    "زكريا باشا",
    "زكريا باي",
    "زكريا خوجة",
    "زكريا قارة",
    "يحيى",
    "بن يحيى",
    "أبو  يحيى",
    "بني  يحيى",
    "ولد يحيى",
    "يحيى باشا",
    "يحيى باي",
    "يحيى خوجة",
    "يحيى قارة",
    "عيسى",
    "بن عيسى",
    "أبو  عيسى",
    "بني  عيسى",
    "ولد عيسى",
    "عيسى باشا",
    "عيسى باي",
    "عيسى خوجة",
    "عيسى قارة",
    "محمد",
    "بن محمد",
    "أبو  محمد",
    "بني  محمد",
    "ولد محمد",
    "محمد باشا",
    "محمد باي",
    "محمد خوجة",
    "محمد قارة",
    "أحمد",
    "بن أحمد",
    "أبو  أحمد",
    "بني  أحمد",
    "ولد أحمد",
    "أحمد باشا",
    "أحمد باي",
    "أحمد خوجة",
    "أحمد قارة",
    "طه",
    "بن طه",
    "أبو  طه",
    "بني  طه",
    "ولد طه",
    "طه باشا",
    "طه باي",
    "طه خوجة",
    "طه قارة",
    "القاسم",
    "بن القاسم",
    "أبو  القاسم",
    "بني  القاسم",
    "ولد القاسم",
    "القاسم باشا",
    "القاسم باي",
    "القاسم خوجة",
    "القاسم قارة",
    "عمر",
    "بن عمر",
    "أبو  عمر",
    "بني  عمر",
    "ولد عمر",
    "عمر باشا",
    "عمر باي",
    "عمر خوجة",
    "عمر قارة",
    "أبوبكر",
    "بن أبوبكر",
    "أبو  أبوبكر",
    "بني  أبوبكر",
    "ولد أبوبكر",
    "أبوبكر باشا",
    "أبوبكر باي",
    "أبوبكر خوجة",
    "أبوبكر قارة",
    "عثمان",
    "بن عثمان",
    "أبو  عثمان",
    "بني  عثمان",
    "ولد عثمان",
    "عثمان باشا",
    "عثمان باي",
    "عثمان خوجة",
    "عثمان قارة",
    "قصي",
    "بن قصي",
    "أبو  قصي",
    "بني  قصي",
    "ولد قصي",
    "قصي باشا",
    "قصي باي",
    "قصي خوجة",
    "قصي قارة",
    "لؤي",
    "بن لؤي",
    "أبو  لؤي",
    "بني  لؤي",
    "ولد لؤي",
    "لؤي باشا",
    "لؤي باي",
    "لؤي خوجة",
    "لؤي قارة",
    "عمّار",
    "بن عمّار",
    "أبو  عمّار",
    "بني  عمّار",
    "ولد عمّار",
    "عمّار باشا",
    "عمّار باي",
    "عمّار خوجة",
    "عمّار قارة",
    "علي",
    "بن علي",
    "أبو  علي",
    "بني  علي",
    "ولد علي",
    "علي باشا",
    "علي باي",
    "علي خوجة",
    "علي قارة",
    "عائش",
    "بن عائش",
    "أبو  عائش",
    "بني  عائش",
    "ولد عائش",
    "عائش باشا",
    "عائش باي",
    "عائش خوجة",
    "عائش قارة",
    "عياش",
    "بن عياش",
    "أبو  عياش",
    "بني  عياش",
    "ولد عياش",
    "عياش باشا",
    "عياش باي",
    "عياش خوجة",
    "عياش قارة",
    "مصعب",
    "بن مصعب",
    "أبو  مصعب",
    "بني  مصعب",
    "ولد مصعب",
    "مصعب باشا",
    "مصعب باي",
    "مصعب خوجة",
    "مصعب قارة",
    "منذر",
    "بن منذر",
    "أبو  منذر",
    "بني  منذر",
    "ولد منذر",
    "منذر باشا",
    "منذر باي",
    "منذر خوجة",
    "منذر قارة",
    "النذير",
    "بن النذير",
    "أبو  النذير",
    "بني  النذير",
    "ولد النذير",
    "النذير باشا",
    "النذير باي",
    "النذير خوجة",
    "النذير قارة",
    "البشير",
    "بن البشير",
    "أبو  البشير",
    "بني  البشير",
    "ولد البشير",
    "البشير باشا",
    "البشير باي",
    "البشير خوجة",
    "البشير قارة",
    "العربي",
    "بن العربي",
    "أبو  العربي",
    "بني  العربي",
    "ولد العربي",
    "العربي باشا",
    "العربي باي",
    "العربي خوجة",
    "العربي قارة",
    "الماحي",
    "بن الماحي",
    "أبو  الماحي",
    "بني  الماحي",
    "ولد الماحي",
    "الماحي باشا",
    "الماحي باي",
    "الماحي خوجة",
    "الماحي قارة"
  ],
  "title": {
    "female": {
      "typical": [
        "السيدة"
      ],
      "academic": [
        "الدكتورة",
        "الاستاذة"
      ]
    },
    "male": {
      "typical": [
        "السيد"
      ],
      "academic": [
        "الدكتور",
        "الاستاذ"
      ]
    }
  },
  "university": [
    "جامعة السعادة المفتوحة",
    "الجامعة التقنية",
    "جامعة النخبة",
    "المعهد العالي للتكنولوجيا",
    "الجامعة الأهلية",
    "المدرسة الوطنية للتقنيات",
    "المدرسة الوطنية العليا للبيطرة",
    "المدرسة المتعددة العلوم للهندسة المعمارية والعمران",
    "المدرسة الوطنية العليا لعلوم الزراعة",
    "مدرسة الدراسات العليا التجارية",
    "المدرسة العليا للتجارة"
  ],
  "views_on": [
    "سلبي",
    "ايجابي",
    "حيادي"
  ],
  "telephone_fmt": [
    "05########",
    "06########",
    "07########",
    "(+213) 05########",
    "(+213) 06########",
    "(+213) 07########"
  ],
  "worldview": [
    "مسلم",
    "مسيحي",
    "لا ديني",
    "يهودي",
    "إخواني",
    "سلفي",
    "صوفي",
    "غير محدد"
  ]
}
