{
  "academic_degree": [
    "BSc",
    "MSc",
    "PhD"
  ],
  "gender": [
    "Férfi",
    "Nő",
    "Egyéb"
  ],
  "language": [
    "Afrikaans",
    "Ajmara",
    "Albán",
    "Amhara",
    "Angol",
    "Arab",
    "Asszámi",
    "Azeri",
    "Belarusz",
    "Bengáli",
    "Biszlama",
    "Bolgár",
    "Bosnyák",
    "Burmai",
    "Cseh",
    "Dán",
    "Dari",
    "Dhivehi",
    "Dzongkha",
    "Észak-Sotho",
    "Észt",
    "Fidzsi",
    "Filippínó",
    "Finn",
    "Francia",
    "Fríz",
    "Gagauz",
    "Görög",
    "Grúz",
    "Guaraní",
    "Gudzsaráti",
    "Haiti kreol",
    "Héber",
    "Hindi",
    "Hiri Motu",
    "Holland",
    "Horvát",
    "Indonéz",
    "Ír gael",
    "Izlandi",
    "Japán",
    "Jiddis",
    "Kannada",
    "Kasmíri",
    "Katalán",
    "Kazah",
    "Kecsua",
    "Khmer",
    "Kínai",
    "Kirgiz",
    "Koreai",
    "Kurd",
    "Lao",
    "Lengyel",
    "Lett",
    "Litván",
    "Luxemburgi",
    "Macedón",
    "Madagaszkári",
    "Magyar",
    "Maláj",
    "Malajálam",
    "Máltai",
    "Maori",
    "Marathi",
    "Moldovai",
    "Mongol",
    "Montenegrói",
    "Ndebele",
    "Német",
    "Nepáli",
    "Norvég",
    "Olasz",
    "Orija",
    "Örmény",
    "Orosz",
    "Pandzsábi",
    "Papiamento",
    "Pastu",
    "Perzsa",
    "Portugál",
    "Román",
    "Sotho",
    "Spanyol",
    "Svéd",
    "Szecsuáni",
    "Szomáliai",
    "Szuahéli",
    "Tádzsik",
    "Tamil",
    "Telugu",
    "Tetum",
    "Thai",
    "Tok piszin",
    "Tsonga",
    "Zulu"
  ],
  "names": {
    "male": [
      "Aba",
      "Adorján",
      "Aladár",
      "Albert",
      "Alex",
      "Alexander",
      "Amadé",
      "Andor",
      "Andris",
      "András",
      "Antal",
      "Arnold",
      "Artúr",
      "Atlasz",
      "Attila",
      "Baltazár",
      "Balázs",
      "Barna",
      "Bence",
      "Benedek",
      "Benjámin",
      "Bernát",
      "Bertalan",
      "Boldizsár",
      "Botond",
      "Bálint",
      "Bán",
      "Bánk",
      "Béla",
      "Bódog",
      "Csaba",
      "Dani",
      "Dante",
      "Demeter",
      "Dezső",
      "Domokos",
      "Domonkos",
      "Dániel",
      "Dávid",
      "Dénes",
      "Dózsa",
      "Ede",
      "Edu",
      "Elek",
      "Elemér",
      "Emil",
      "Endre",
      "Ernő",
      "Ervin",
      "Farkas",
      "Ferenc",
      "Feri",
      "Ferkó",
      "Frigyes",
      "Fülöp",
      "Gabi",
      "Gedeon",
      "Gellért",
      "Gergely",
      "Gergő",
      "Gusztáv",
      "Gyula",
      "Gyuri",
      "György",
      "Győző",
      "Gábor",
      "Gál",
      "Gáspár",
      "Géza",
      "Henrik",
      "Ignác",
      "Illés",
      "Imre",
      "István",
      "Iván",
      "Jakab",
      "Jancsi",
      "Jenő",
      "Jeromos",
      "Jordán",
      "János",
      "Jónás",
      "Jóska",
      "József",
      "Józsi",
      "Karcsi",
      "Kelemen",
      "Kornél",
      "Kozma",
      "Kristóf",
      "Krisztián",
      "Kálmán",
      "Károly",
      "Laci",
      "Lajos",
      "Levente",
      "Levi",
      "Lukács",
      "László",
      "Lázár",
      "Lénárd",
      "Lőrinc",
      "Marci",
      "Matyi",
      "Mihály",
      "Miki",
      "Mikike",
      "Miklós",
      "Miklóska",
      "Miksa",
      "Milos",
      "Márk",
      "Márton",
      "Mátyás",
      "Máté",
      "Mór",
      "Móric",
      "Mózes",
      "Napóleon",
      "Norbert",
      "Norbi",
      "Nándor",
      "Olivér",
      "Orbán",
      "Oszkár",
      "Ottó",
      "Pali",
      "Peti",
      "Pista",
      "Pisti",
      "Pál",
      "Péter",
      "Rezső",
      "Richárd",
      "Roland",
      "Rudolf",
      "Róbert",
      "Rómeó",
      "Salamon",
      "Sebestyén",
      "Simon",
      "Szabolcs",
      "Szilveszter",
      "Szilárd",
      "Sámuel",
      "Sándor",
      "Tamás",
      "Tibi",
      "Tibor",
      "Tivadar",
      "Tomi",
      "Viktor",
      "Vilmos",
      "Vince",
      "Xavér",
      "Zakariás",
      "Zala",
      "Zoli",
      "Zoltán",
      "Zsigmond",
      "Zsolt",
      "Zsombor",
      "Ábel",
      "Ábrahám",
      "Ádi",
      "Ádika",
      "Ádám",
      "Ágoston",
      "Ármin",
      "Áron",
      "Árpád",
      "Ödön"
    ],
    "female": [
      "Abigél",
      "Abiáta",
      "Abélia",
      "Ada",
      "Adala",
      "Adalberta",
      "Adalbertina",
      "Adela",
      "Adelaida",
      "Adelgund",
      "Adelgunda",
      "Adelheid",
      "Adelin",
      "Adelina",
      "Adelinda",
      "Adeodáta",
      "Adina",
      "Admira",
      "Adolfina",
      "Adonika",
      "Adria",
      "Adrianna",
      "Adrienn",
      "Adriána",
      "Adél",
      "Adéla",
      "Adélia",
      "Afrodita",
      "Afrodité",
      "Aglent",
      "Aglája",
      "Agnabella",
      "Agnella",
      "Agnéta",
      "Agrippína",
      "Agáta",
      "Aida",
      "Aina",
      "Ainó",
      "Aisa",
      "Ajna",
      "Ajnácska",
      "Ajnó",
      "Ajsa",
      "Ajtonka",
      "Ajándék",
      "Akaiéna",
      "Akilina",
      "Alba",
      "Alberta",
      "Albertin",
      "Albertina",
      "Albina",
      "Alda",
      "Aldea",
      "Alesszia",
      "Aleszja",
      "Alett",
      "Aletta",
      "Alexa",
      "Alexandra",
      "Alexandrin",
      "Alexandrina",
      "Alexia",
      "Alfonza",
      "Alfonzin",
      "Alfonzina",
      "Alfréda",
      "Alica",
      "Alicia",
      "Alida",
      "Alina",
      "Alinda",
      "Alinka",
      "Alirán",
      "Alitta",
      "Aliz",
      "Aliza",
      "Allegra",
      "Alma",
      "Almanda",
      "Almira",
      "Almiréna",
      "Alojzia",
      "Aloma",
      "Aloé",
      "Alvina",
      "Aléna",
      "Alícia",
      "Alíz",
      "Alóma",
      "Amadea",
      "Amadil",
      "Amanda",
      "Amarant",
      "Amaranta",
      "Amarill",
      "Amarilla",
      "Amarillisz",
      "Ambrózia",
      "Amelda",
      "Amelita",
      "Ametiszt",
      "Amidala",
      "Amilla",
      "Amina",
      "Aminta",
      "Amira",
      "Amrita",
      "Amábel",
      "Amál",
      "Amália",
      "Amáta",
      "Amázia",
      "Amélia",
      "Anada",
      "Anaisz",
      "Anasztázia",
      "Anatólia",
      "Ancilla",
      "Anda",
      "Andelin",
      "Andelina",
      "Andi",
      "Andrea",
      "Androméda",
      "Anelma",
      "Anett",
      "Anetta",
      "Angelika",
      "Angelina",
      "Angella",
      "Angyal",
      "Angyalka",
      "Angéla",
      "Ani",
      "Anica",
      "Anicéta",
      "Aniella",
      "Anika",
      "Anikó",
      "Anilla",
      "Anina",
      "Anissza",
      "Anita",
      "Anitra",
      "Anka",
      "Anna",
      "Annabel",
      "Annabell",
      "Annabella",
      "Annaliza",
      "Annamari",
      "Annamária",
      "Annarita",
      "Annavera",
      "Anni",
      "Annunciáta",
      "Anriett",
      "Antea",
      "Antigoné",
      "Antoanett",
      "Antonella",
      "Antoniett",
      "Antonietta",
      "Antónia",
      "Anzelma",
      "Anélia",
      "Anéta",
      "Anízia",
      "Apol",
      "Apolka",
      "Apollinária",
      "Apollónia",
      "Aporka",
      "Appia",
      "Arabella",
      "Aranka",
      "Arany",
      "Aranyka",
      "Ariadna",
      "Ariadné",
      "Arianna",
      "Ariella",
      "Arienn",
      "Arika",
      "Arikán",
      "Arina",
      "Arinka",
      "Arita",
      "Ariéla",
      "Arlett",
      "Armanda",
      "Armandina",
      "Armida",
      "Armilla",
      "Arnolda",
      "Artemisz",
      "Artemízia",
      "Arzénia",
      "Asma",
      "Asszunta",
      "Aszpázia",
      "Asztrid",
      "Asztrida",
      "Asztéria",
      "Ata",
      "Atala",
      "Atalanta",
      "Atanázia",
      "Atika",
      "Atina",
      "Atália",
      "Aténa",
      "Aténé",
      "Auguszta",
      "Augusztina",
      "Aura",
      "Aurea",
      "Aurélia",
      "Auróra",
      "Avarka",
      "Azucséna",
      "Azurea",
      "Azálea",
      "Babett",
      "Babetta",
      "Babita",
      "Babiána",
      "Babér",
      "Bagita",
      "Balbina",
      "Balda",
      "Balzsam",
      "Barack",
      "Baranka",
      "Barbara",
      "Barbarella",
      "Barka",
      "Baucisz",
      "Bea",
      "Beatricse",
      "Beatrisz",
      "Beatrix",
      "Bebóra",
      "Begónia",
      "Belinda",
      "Bella",
      "Benedetta",
      "Benedikta",
      "Beneditta",
      "Benigna",
      "Benita",
      "Benjamina",
      "Benáta",
      "Bereniké",
      "Berill",
      "Berkenye",
      "Bernadett",
      "Bernadetta",
      "Bernarda",
      "Bernardina",
      "Berta",
      "Bertilla",
      "Bertina",
      "Bertolda",
      "Betsabé",
      "Betta",
      "Betti",
      "Bettina",
      "Beáta",
      "Bianka",
      "Bibiána",
      "Birgit",
      "Biri",
      "Blandina",
      "Blanka",
      "Blazsena",
      "Blondina",
      "Bodza",
      "Bogi",
      "Boglár",
      "Boglárka",
      "Bogárka",
      "Bogáta",
      "Bojána",
      "Bolda",
      "Bonita",
      "Bora",
      "Borbolya",
      "Borbála",
      "Bori",
      "Boris",
      "Boriska",
      "Borka",
      "Borostyán",
      "Borsika",
      "Boróka",
      "Bozsena",
      "Bozsóka",
      "Brenda",
      "Brigitta",
      "Britani",
      "Britni",
      "Britta",
      "Brunella",
      "Brunhilda",
      "Brünhild",
      "Bársony",
      "Bársonyka",
      "Béda",
      "Béke",
      "Béta",
      "Bíbor",
      "Bíbora",
      "Bíborka",
      "Bítia",
      "Bóra",
      "Búzavirág",
      "Cecilla",
      "Cecília",
      "Celerina",
      "Celeszta",
      "Celesztina",
      "Celina",
      "Cettina",
      "Cezarin",
      "Cezarina",
      "Cicelle",
      "Ciklámen",
      "Cikra",
      "Cili",
      "Cilla",
      "Cinderella",
      "Cinella",
      "Cinka",
      "Cinna",
      "Cinnia",
      "Cintia",
      "Cipora",
      "Cippóra",
      "Cipra",
      "Ciprienn",
      "Cipriána",
      "Cirilla",
      "Citta",
      "Csaga",
      "Csende",
      "Csendike",
      "Csenge",
      "Csengele",
      "Cseperke",
      "Csepke",
      "Csermely",
      "Cserne",
      "Csilla",
      "Csillag",
      "Csillagvirág",
      "Csinszka",
      "Csipke",
      "Csobilla",
      "Csobánka",
      "Csönge",
      "Csöre",
      "Célia",
      "Dafna",
      "Dafné",
      "Dalida",
      "Dalma",
      "Damarisz",
      "Dana",
      "Danica",
      "Daniella",
      "Danila",
      "Daniéla",
      "Danka",
      "Danuta",
      "Darina",
      "Darinka",
      "Darla",
      "Dea",
      "Debóra",
      "Delfina",
      "Delila",
      "Delinke",
      "Della",
      "Demetria",
      "Denissza",
      "Deniza",
      "Derien",
      "Detti",
      "Dezdemóna",
      "Dezideráta",
      "Dezidéria",
      "Dia",
      "Diandra",
      "Diké",
      "Dina",
      "Dionízia",
      "Diotíma",
      "Ditta",
      "Ditte",
      "Diána",
      "Dolli",
      "Dolorita",
      "Doloróza",
      "Dolóresz",
      "Domicella",
      "Domiciána",
      "Dominika",
      "Dominka",
      "Domitilla",
      "Donatella",
      "Donna",
      "Donáta",
      "Dorabella",
      "Doren",
      "Dorina",
      "Dorinka",
      "Dorisz",
      "Dorit",
      "Dorka",
      "Dorkás",
      "Dormánka",
      "Dorotea",
      "Doroti",
      "Dorotina",
      "Dorottya",
      "Druzsiána",
      "Dulcinea",
      "Dusmáta",
      "Dusánka",
      "Dzsamila",
      "Dzsamilla",
      "Dzsenet",
      "Dzsenifer",
      "Dzsenna",
      "Dzsenni",
      "Dzsesszika",
      "Dália",
      "Dára",
      "Dária",
      "Délia",
      "Délibáb",
      "Dézi",
      "Dóra",
      "Döníz",
      "Edda",
      "Edentina",
      "Edina",
      "Edit",
      "Edmunda",
      "Edna",
      "Eduárda",
      "Edvarda",
      "Edvina",
      "Effi",
      "Egberta",
      "Eija",
      "Eleanor",
      "Elektra",
      "Elen",
      "Elena",
      "Eleni",
      "Eleonóra",
      "Elfrida",
      "Elga",
      "Elin",
      "Elina",
      "Elinor",
      "Eliz",
      "Eliza",
      "Elizabet",
      "Eliána",
      "Elke",
      "Ella",
      "Elli",
      "Ellina",
      "Elma",
      "Elmira",
      "Elvira",
      "Elza",
      "Emanuéla",
      "Emerencia",
      "Emerika",
      "Emerita",
      "Emerka",
      "Emese",
      "Emili",
      "Emiliána",
      "Emma",
      "Emmi",
      "Emília",
      "Emő",
      "Emőke",
      "Enciána",
      "Enese",
      "Enet",
      "Enid",
      "Enikő",
      "Enna",
      "Ené",
      "Enéh",
      "Eper",
      "Eperke",
      "Epifánia",
      "Eponin",
      "Era",
      "Erika",
      "Erina",
      "Ermelinda",
      "Erna",
      "Ernella",
      "Erneszta",
      "Ernesztin",
      "Ernesztina",
      "Ervina",
      "Ervínia",
      "Erzsébet",
      "Erátó",
      "Estella",
      "Estilla",
      "Eszmeralda",
      "Esztella",
      "Eszter",
      "Eszténa",
      "Eső",
      "Eta",
      "Etel",
      "Etelka",
      "Etka",
      "Etta",
      "Etus",
      "Eudoxia",
      "Eufrozina",
      "Eufémia",
      "Eugénia",
      "Eulália",
      "Eunika",
      "Euniké",
      "Euridiké",
      "Európa",
      "Eutímia",
      "Euzébia",
      "Evangelina",
      "Evelin",
      "Evelina",
      "Evetke",
      "Evica",
      "Evila",
      "Evita",
      "Evódia",
      "Fabiána",
      "Fabióla",
      "Fabrícia",
      "Fahéj",
      "Fanna",
      "Fanni",
      "Fatima",
      "Fatime",
      "Fausztina",
      "Febrónia",
      "Federika",
      "Fedóra",
      "Fehér",
      "Fehéra",
      "Fehére",
      "Fehérke",
      "Felicita",
      "Felicitás",
      "Felicitász",
      "Feliciána",
      "Felícia",
      "Ferdinanda",
      "Fernanda",
      "Fiametta",
      "Fiamma",
      "Fidélia",
      "Filadelfia",
      "Filippa",
      "Fillisz",
      "Filoméla",
      "Filoména",
      "Filotea",
      "Fiorella",
      "Firtos",
      "Fióna",
      "Flamina",
      "Flanna",
      "Floransz",
      "Florencia",
      "Florentina",
      "Florianna",
      "Florica",
      "Florina",
      "Florinda",
      "Flávia",
      "Flóra",
      "Fortuna",
      "Fortunáta",
      "Franciska",
      "Franka",
      "Freja",
      "Frida",
      "Friderika",
      "Fruzsina",
      "Frézia",
      "Fulvia",
      "Fácán",
      "Fáni",
      "Fáta",
      "Fédra",
      "Fürtike",
      "Füzike",
      "Füzér",
      "Főbe",
      "Gabriella",
      "Gajána",
      "Galamb",
      "Galatea",
      "Galina",
      "Gardénia",
      "Gemella",
      "Gemma",
      "Genovéva",
      "Georgina",
      "Gerbera",
      "Gerda",
      "Gerle",
      "Gertrúd",
      "Gertrúdisz",
      "Gesztenye",
      "Gilberta",
      "GildaGina",
      "Gilvád",
      "Giszmunda",
      "Gitta",
      "Giza",
      "Gizella",
      "Glenda",
      "Glória",
      "Godiva",
      "Golda",
      "Goldina",
      "Gordána",
      "Graciella",
      "Graciána",
      "Grizelda",
      "Grizeldisz",
      "Grácia",
      "Gréta",
      "Gréte",
      "Gréti",
      "Gunda",
      "Gvendolin",
      "Gyopár",
      "Gyopárka",
      "Gyémánt",
      "Gyöngy",
      "Gyöngyi",
      "Gyöngyike",
      "Gyöngyvirág",
      "Gyöngyvér",
      "Gyöngyös",
      "Gyönyörű",
      "Györgyi",
      "Györgyike",
      "Géda",
      "Géla",
      "Génia",
      "Hadassa",
      "Hajna",
      "Hajnal",
      "Hajnalka",
      "Hajni",
      "Hajnácska",
      "Hanga",
      "Hanka",
      "Hanna",
      "Hanni",
      "Hargita",
      "Hargitta",
      "Harmat",
      "Harmatka",
      "Harriet",
      "Havaska",
      "Hedda",
      "Hedvig",
      "Heidi",
      "Helga",
      "Helka",
      "Hella",
      "Helén",
      "Heléna",
      "Henriett",
      "Henrietta",
      "Hermia",
      "Hermina",
      "Herta",
      "Hetti",
      "Hiacinta",
      "Hieronima",
      "Hilda",
      "Hildegárd",
      "Hildelita",
      "Hilka",
      "Hilária",
      "Hippia",
      "Hippolita",
      "Holda",
      "Honorina",
      "Honorka",
      "Honoráta",
      "Honóra",
      "Honória",
      "Hortenzia",
      "Horácia",
      "Huberta",
      "Hunorka",
      "Hágár",
      "Hédi",
      "Héla",
      "Héra",
      "Hófehérke",
      "Hóvirág",
      "Ibolya",
      "Ida",
      "Iduna",
      "Ifigénia",
      "Ignácia",
      "Ila",
      "Ilang",
      "Ilda",
      "Ildikó",
      "Ilka",
      "Illa",
      "Illangó",
      "Ilma",
      "Ilon",
      "Ilona",
      "Ilonka",
      "Ilus",
      "Iluska",
      "Ilze",
      "Imelda",
      "Immakuláta",
      "Imodzsen",
      "Imogén",
      "Imola",
      "Indira",
      "Indra",
      "Inez",
      "Inge",
      "Ingeborg",
      "Ingrid",
      "Inka",
      "Innocencia",
      "Ippolita",
      "Irina",
      "Iringó",
      "Irma",
      "Irén",
      "Iréne",
      "Isméria",
      "Itala",
      "Ivett",
      "Ivetta",
      "Ivica",
      "Ividő",
      "Ivola",
      "Ivonn",
      "Ivána",
      "Iza",
      "Izabel",
      "Izabell",
      "Izabella",
      "Izaura",
      "Izidóra",
      "Izméne",
      "Izolda",
      "Izóra",
      "Jadviga",
      "Jakobina",
      "Jamina",
      "Jana",
      "Janina",
      "Janka",
      "Jarmila",
      "Jelka",
      "Jella",
      "Jenni",
      "Jente",
      "Jerne",
      "Jeronima",
      "Jerta",
      "Jetta",
      "Jetti",
      "Johanna",
      "Jolanda",
      "Joli",
      "Jolán",
      "Jolánta",
      "Jonka",
      "Jordána",
      "Jována",
      "Jozefa",
      "Jozefin",
      "Jozefina",
      "Judit",
      "Juli",
      "Julianna",
      "Julietta",
      "Julilla",
      "Julinka",
      "Juliska",
      "Julitta",
      "Juliána",
      "Jusztina",
      "Jusztícia",
      "Jusztínia",
      "Jutka",
      "Jutta",
      "Jácinta",
      "Jáde",
      "Jádránka",
      "Jáhel",
      "Jára",
      "Jávorka",
      "Jázmin",
      "Józsa",
      "Júlia",
      "Júnó",
      "Kalipszó",
      "Kalliopé",
      "Kalliszta",
      "Kamilla",
      "Kamélia",
      "Kandida",
      "Karen",
      "Karin",
      "Karina",
      "Karitász",
      "Karla",
      "Karmelina",
      "Karmella",
      "Karméla",
      "Karola",
      "Karolin",
      "Karolina",
      "Karolt",
      "Kasszandra",
      "Kata",
      "Katalin",
      "Katarina",
      "Katerina",
      "Kati",
      "Katica",
      "Katinka",
      "Katrin",
      "Kató",
      "Kelli",
      "Kendra",
      "Kenza",
      "Kerka",
      "Kerubina",
      "Ketrin",
      "Kiara",
      "Kikinda",
      "Kiliána",
      "Kim",
      "Kimberli",
      "Kincső",
      "Kinga",
      "Kira",
      "Kiri",
      "Kirilla",
      "Kisanna",
      "Kisó",
      "Kitana",
      "Kitti",
      "Klarissza",
      "Klarisz",
      "Klaudetta",
      "Klaudia",
      "Klaudiána",
      "Klemencia",
      "Klementin",
      "Klementina",
      "Klemátisz",
      "Kleopátra",
      "Klió",
      "Klotild",
      "Kloé",
      "Klára",
      "Klári",
      "Klélia",
      "Kolett",
      "Koletta",
      "Kolomba",
      "Kolombina",
      "Koni",
      "Konkordia",
      "Konstancia",
      "Konstantina",
      "Kora",
      "Korall",
      "Kordélia",
      "Korina",
      "Korinna",
      "Kornélia",
      "Koronilla",
      "Korália",
      "Kozett",
      "Kozima",
      "Kreola",
      "Kreszcencia",
      "Krimhilda",
      "Kriszta",
      "Krisztina",
      "Krisztiána",
      "Krizanta",
      "Kunigunda",
      "Kála",
      "Kámea",
      "Kármen",
      "Kármin",
      "Késa",
      "Kíra",
      "Kökény",
      "Küllikki",
      "Ladiszla",
      "Lamberta",
      "Lara",
      "Larcia",
      "Larin",
      "Larissza",
      "Lartia",
      "Latinka",
      "Laura",
      "Laurencia",
      "Lauretta",
      "Lavínia",
      "Lea",
      "Leila",
      "Lejla",
      "Lelle",
      "Lenke",
      "Lenóra",
      "Leona",
      "Leonarda",
      "Leonetta",
      "Leontina",
      "Leonóra",
      "Leopolda",
      "Leopoldina",
      "Letta",
      "Letti",
      "Letícia",
      "Levendula",
      "Lia",
      "Lida",
      "Lile",
      "Lili",
      "Lilia",
      "Lilian",
      "Lilianna",
      "Lilien",
      "Liliom",
      "Liliána",
      "Lilióza",
      "Lilla",
      "Lina",
      "Linda",
      "Linett",
      "Linetta",
      "Linka",
      "Livianna",
      "Liviána",
      "Liza",
      "Lizandra",
      "Lizavéta",
      "Lizett",
      "Lizetta",
      "Liána",
      "Lióra",
      "Lola",
      "Lolita",
      "Lolli",
      "Lora",
      "Lorella",
      "Loren",
      "Lorett",
      "Loretta",
      "Lorin",
      "Lorina",
      "Loréna",
      "Lotte",
      "Lotti",
      "Luca",
      "Lucilla",
      "Luciána",
      "Ludmilla",
      "Ludovika",
      "Lujza",
      "Lukrécia",
      "Luna",
      "Léda",
      "Léla",
      "Léna",
      "Léni",
      "Létó",
      "Lícia",
      "Lídia",
      "Lígia",
      "Lívia",
      "Lóna",
      "Lúcia",
      "Mabella",
      "Madlen",
      "Madléna",
      "Magda",
      "Magdaléna",
      "Magdolna",
      "Magdó",
      "Magnólia",
      "Magorka",
      "Mahália",
      "Maida",
      "Maja",
      "Majoranna",
      "Makrina",
      "Malvin",
      "Malvina",
      "Manda",
      "Mandola",
      "Mandorla",
      "Mandula",
      "Manfréda",
      "Manga",
      "Manka",
      "Manna",
      "Manon",
      "Manszvéta",
      "Manuella",
      "Manuéla",
      "Manyi",
      "Mara",
      "Marcella",
      "Marcellina",
      "Margaretta",
      "Margarita",
      "Margarét",
      "Margaréta",
      "Margit",
      "Margita",
      "Margitta",
      "Margó",
      "Mari",
      "Mariann",
      "Marianna",
      "Marica",
      "Mariella",
      "Mariett",
      "Marietta",
      "Marika",
      "Marilla",
      "Marina",
      "Marinella",
      "Marinetta",
      "Marinka",
      "Marion",
      "Mariska",
      "Marita",
      "Marióra",
      "Marléne",
      "Martina",
      "Martinella",
      "Martinka",
      "Maréza",
      "Masa",
      "Matild",
      "Matilda",
      "Maura",
      "Maurícia",
      "Maxima",
      "Maximilla",
      "Medárda",
      "Meggi",
      "Megán",
      "Melani",
      "Melina",
      "Melinda",
      "Melissza",
      "Melitta",
      "Melizand",
      "Melióra",
      "Melodi",
      "Meluzina",
      "Melánia",
      "Melódia",
      "Mendi",
      "Menodóra",
      "Menta",
      "Mercédesz",
      "Meredisz",
      "Merilin",
      "Merima",
      "Metella",
      "Metta",
      "Mia",
      "Mici",
      "Miett",
      "Mietta",
      "Mihaéla",
      "Mikolt",
      "Milda",
      "Miletta",
      "Milica",
      "Milka",
      "Milla",
      "Miléna",
      "Mimi",
      "Mimóza",
      "Minerva",
      "Minka",
      "Minna",
      "Minóna",
      "Mira",
      "Mirabel",
      "Mirabella",
      "Miranda",
      "Mirandella",
      "Mirandola",
      "Mirandolína",
      "Mirella",
      "Miriam",
      "Mirjam",
      "Mirjána",
      "Mirtill",
      "Mirázs",
      "Misell",
      "Modeszta",
      "Moira",
      "Molli",
      "Montika",
      "Morella",
      "Morgána",
      "Moána",
      "Muriel",
      "Mábel",
      "Málna",
      "Mályva",
      "Mária",
      "Márta",
      "Mátka",
      "Méda",
      "Médea",
      "Médi",
      "Méráb",
      "Méta",
      "Mína",
      "Mínea",
      "Míra",
      "Móna",
      "Mónika",
      "Múzsa",
      "Nadett",
      "Nadin",
      "Nadinka",
      "Nanda",
      "Nandin",
      "Nanett",
      "Nanetta",
      "Naomi",
      "Napsugár",
      "Narcissza",
      "Nasztázia",
      "Natali",
      "Natasa",
      "Natália",
      "Nausziká",
      "Nauzika",
      "Naómi",
      "Nedda",
      "Nefelejcs",
      "Nella",
      "Nelli",
      "Nerella",
      "Nerina",
      "Neste",
      "Neszta",
      "Netta",
      "Netti",
      "Nikodémia",
      "Nikol",
      "Nikola",
      "Nikolett",
      "Nikoletta",
      "Niké",
      "Nilla",
      "Nimfa",
      "Nina",
      "Ninell",
      "Ninett",
      "Ninetta",
      "Ninon",
      "Niobé",
      "Noa",
      "Noella",
      "Norberta",
      "Norina",
      "Norma",
      "Noélia",
      "Noémi",
      "Nyeste",
      "Nádja",
      "Nárcisz",
      "Násfa",
      "Níla",
      "Nóna",
      "Nóra",
      "Odett",
      "Odetta",
      "Odil",
      "Odília",
      "Ofélia",
      "Oktávia",
      "Olga",
      "Olimpia",
      "Olinda",
      "Oliva",
      "Olívia",
      "Opika",
      "Opál",
      "Orchidea",
      "Orgona",
      "Oriána",
      "Orsi",
      "Orsika",
      "Orsolya",
      "Orália",
      "Oszvalda",
      "Ottilia",
      "Otília",
      "Oxána",
      "Palmira",
      "Palóma",
      "Paméla",
      "Pamína",
      "Pandora",
      "Pandóra",
      "Panka",
      "Panna",
      "Panni",
      "Paszkália",
      "Pasztorella",
      "Patrícia",
      "Paula",
      "Pauletta",
      "Paulin",
      "Paulina",
      "Peggi",
      "Pelágia",
      "Peregrina",
      "Perenna",
      "Perla",
      "Perpétua",
      "Petra",
      "Petronella",
      "Petrónia",
      "Petúnia",
      "Peónia",
      "Pillangó",
      "Pilár",
      "Pintyőke",
      "Piri",
      "Pirit",
      "Piros",
      "Piroska",
      "Placida",
      "Platina",
      "Polda",
      "Polett",
      "Polina",
      "Polixéna",
      "Polla",
      "Polli",
      "Pompília",
      "Pompónia",
      "Poppea",
      "Primula",
      "Priszcilla",
      "Prudencia",
      "Psziché",
      "Pálma",
      "Pénelopé",
      "Pírea",
      "Pólika",
      "Rafaella",
      "Rafaéla",
      "Rajmonda",
      "Rajmunda",
      "Ramira",
      "Ramóna",
      "Rea",
      "Rebeka",
      "Rege",
      "Regina",
      "Relinda",
      "Rella",
      "Relli",
      "Remény",
      "Reményke",
      "Renáta",
      "Rezeda",
      "Ria",
      "Riana",
      "Rika",
      "Rikarda",
      "Ripszima",
      "Rita",
      "Ritta",
      "Riza",
      "Roberta",
      "Robertin",
      "Robertina",
      "Robina",
      "Robinetta",
      "Rodelinda",
      "Rodé",
      "Romi",
      "Romina",
      "Rominett",
      "Romola",
      "Romána",
      "Ronett",
      "Ronetta",
      "Rovéna",
      "Roxán",
      "Roxána",
      "Rozalinda",
      "Rozamunda",
      "Rozanna",
      "Rozi",
      "Rozina",
      "Rozita",
      "Rozmarin",
      "Rozvita",
      "Rozál",
      "Rozália",
      "Rubin",
      "Rubina",
      "Rubinka",
      "Rudolfina",
      "Rufina",
      "Ruperta",
      "Ruszalka",
      "Ruszlána",
      "Rut",
      "Ruzsinka",
      "Ráchel",
      "Ráhel",
      "Rákhel",
      "Rákis",
      "Réka",
      "Réta",
      "Rézi",
      "Róna",
      "Róza",
      "Rózsa",
      "Rózsi",
      "Röné",
      "Salóme",
      "Samuella",
      "Santál",
      "Sarlott",
      "Sarolt",
      "Sarolta",
      "Seherezádé",
      "Seila",
      "Sejla",
      "Senon",
      "Skolasztika",
      "Stefi",
      "Stefánia",
      "Stella",
      "Sudárka",
      "Sugár",
      "Sugárka",
      "Szabella",
      "Szabina",
      "Szabrina",
      "Szaffi",
      "Szalvia",
      "Szalóme",
      "Szamanta",
      "Szamira",
      "Szandra",
      "Szanna",
      "Szantina",
      "Szantána",
      "Szavanna",
      "Szavina",
      "Szavéta",
      "Szederke",
      "Szedra",
      "Szegfű",
      "Szelina",
      "Szelli",
      "Szellő",
      "Szellőke",
      "Szemerke",
      "Szemira",
      "Szemirámisz",
      "Szemőke",
      "Szendi",
      "Szendike",
      "Szendile",
      "Szenta",
      "Szerefina",
      "Szerkő",
      "Szeréna",
      "Szerénke",
      "Szeverina",
      "Szibill",
      "Szibilla",
      "Szidalisz",
      "Szidi",
      "Szidónia",
      "Sziglind",
      "Szille",
      "Szilvesztra",
      "Szilvia",
      "Szilvána",
      "Szilárda",
      "Szimonett",
      "Szimonetta",
      "Szimóna",
      "Szindi",
      "Szinta",
      "Szintia",
      "Sziringa",
      "Szirka",
      "Szirom",
      "Szironka",
      "Szirén",
      "Szixtin",
      "Szixtina",
      "Szkarlett",
      "Szkilla",
      "Szofi",
      "Szofrónia",
      "Szolanzs",
      "Szonja",
      "Szonóra",
      "Szoraja",
      "Szorina",
      "Sztavrula",
      "Sztella",
      "Szulamit",
      "Szulejka",
      "Szulikó",
      "Szulita",
      "Szultána",
      "Szvetlána",
      "Száva",
      "Szénia",
      "Szépa",
      "Szépe",
      "Színes",
      "Szíra",
      "Szófia",
      "Szörénke",
      "Szúra",
      "Sába",
      "Sára",
      "Sári",
      "Sáron",
      "Taciána",
      "Talita",
      "Tamara",
      "Tanita",
      "Tanázia",
      "Tara",
      "Tarzícia",
      "Tatjána",
      "Tavasz",
      "Tavaszka",
      "Tea",
      "Tegza",
      "Tekla",
      "Telma",
      "Teobalda",
      "Teodolinda",
      "Teodóra",
      "Teodózia",
      "Teofila",
      "Teofánia",
      "Tercia",
      "Tereza",
      "Teri",
      "Terka",
      "Tertullia",
      "Teréz",
      "Teréza",
      "Terézia",
      "Tessza",
      "Teónia",
      "Tiana",
      "Tiara",
      "Ticiána",
      "Tifani",
      "Tilda",
      "Tilla",
      "Timona",
      "Timótea",
      "Tina",
      "Tinetta",
      "Tirca",
      "Tirza",
      "Titanilla",
      "Tittína",
      "Titánia",
      "Tomazina",
      "Tomázia",
      "Toszka",
      "Triniti",
      "Trixi",
      "Trudi",
      "Tulipán",
      "Tullia",
      "Tábita",
      "Tácia",
      "Tália",
      "Támár",
      "Tánya",
      "Témisz",
      "Ténia",
      "Tétisz",
      "Tícia",
      "Tília",
      "Tímea",
      "Tíra",
      "Tíria",
      "Tóbia",
      "Túlia",
      "Tünde",
      "Tündér",
      "Tűzvirág",
      "Uljána",
      "Ulla",
      "Ulrika",
      "Urbána",
      "Urszula",
      "Urzula",
      "Urzulina",
      "Uránia",
      "Uzonka",
      "Vadvirág",
      "Valencia",
      "Valentina",
      "Valéria",
      "Vanda",
      "Vanessza",
      "Vanilla",
      "Varínia",
      "Vaszília",
      "Velmira",
      "Vendelina",
      "Vera",
      "Verbéna",
      "Verita",
      "Veron",
      "Verona",
      "Veronika",
      "Veronka",
      "Veránka",
      "Veréna",
      "Veszta",
      "Vetúria",
      "Via",
      "Vica",
      "Viki",
      "Vikta",
      "Viktorina",
      "Viktória",
      "Vilhelma",
      "Vilhelmina",
      "Vilja",
      "Villő",
      "Vilma",
      "Vincencia",
      "Viola",
      "Violenta",
      "Violett",
      "Violetta",
      "Viorika",
      "Virgília",
      "Virgínia",
      "Virág",
      "Vitolda",
      "Vitália",
      "Vivianna",
      "Vivien",
      "Viviána",
      "Vulfia",
      "Véda",
      "Vélia",
      "Vénusz",
      "Véta",
      "Víta",
      "Xavéria",
      "Xenodiké",
      "Xénia",
      "Zafira",
      "Zakária",
      "Zalánka",
      "Zamfira",
      "Zamira",
      "Zara",
      "Zazi",
      "Zdenka",
      "Zea",
      "Zefira",
      "Zelda",
      "Zelina",
      "Zelinda",
      "Zeline",
      "Zelinke",
      "Zella",
      "Zelma",
      "Zelmira",
      "Zengő",
      "Zenina",
      "Zenke",
      "Zenkő",
      "Zenta",
      "Zenóbia",
      "Zia",
      "Zille",
      "Zimra",
      "Zina",
      "Zinaida",
      "Zinajda",
      "Zinka",
      "Zita",
      "Zizi",
      "Zoja",
      "Zolna",
      "Zoltána",
      "Zomilla",
      "Zonga",
      "Zora",
      "Zorinka",
      "Zorka",
      "Zoárda",
      "Zoé",
      "Zsaklin",
      "Zsanett",
      "Zsanin",
      "Zsanina",
      "Zsanka",
      "Zsanna",
      "Zsazsa",
      "Zselinke",
      "Zsella",
      "Zselyke",
      "Zseni",
      "Zseraldin",
      "Zseraldina",
      "Zsinett",
      "Zsolna",
      "Zsorzsett",
      "Zsuzsa",
      "Zsuzsanna",
      "Zsuzsi",
      "Zsuzska",
      "Zsuzsánna",
      "Zsálya",
      "Zsófi",
      "Zsófia",
      "Zsóka",
      "Zsüliett",
      "Zsüsztin",
      "Zulejka",
      "Zápor",
      "Zélia",
      "Zília",
      "Zója",
      "Zóra",
      "Zöldike",
      "Áfonya",
      "Áfra",
      "Ági",
      "Ágnes",
      "Ágosta",
      "Ágota",
      "Áldáska",
      "Álea",
      "Ánizs",
      "Áprilka",
      "Ármina",
      "Árnika",
      "Árpádina",
      "Árven",
      "Árvácska",
      "Écska",
      "Éda",
      "Édua",
      "Ékes",
      "Életke",
      "Éva",
      "Írisz",
      "Ízisz",
      "Örsi",
      "Örzse",
      "Üdvöske",
      "Őszike",
      "Őzike"
    ]
  },
  "nationality": [
    "Afgán",
    "Albán",
    "Angol",
    "Argentin",
    "Ausztrál",
    "Belga",
    "Bolgár",
    "Bolíviai",
    "Brazil",
    "Chilei",
    "Costa Rica-i",
    "Cseh",
    "Dán",
    "Dominikánus",
    "Ecuadori",
    "Egyiptomi",
    "Észt",
    "Etióp",
    "Finn",
    "Francia",
    "Görög",
    "Guatemalai",
    "Holland",
    "Horvát",
    "Ír",
    "Iráni",
    "Izraeli",
    "Japán",
    "Jordán",
    "Kambodzsai",
    "Kameruni",
    "Kanadai",
    "Kínai",
    "Kolumbiai",
    "Kubai",
    "Lengyel",
    "Lett",
    "Marokkói",
    "Mexikói",
    "Mongol",
    "Német",
    "Norvég",
    "Olasz",
    "Orosz",
    "Portugál",
    "Puerto Ricó-i",
    "Román",
    "Salvadori",
    "Spanyol",
    "Svájci",
    "Svéd",
    "Szaúd-arábiai",
    "Szerb",
    "Szlovák",
    "Szlovén",
    "Tajvani",
    "Török",
    "Ukrán",
    "Uruguayi",
    "Venezuelai"
  ],
  "occupation": [
    "Adatbázis adminisztrátor",
    "Állatgondozó",
    "Állatorvos",
    "Általános orvos",
    "Analitikus",
    "Ápoló",
    "Audiológus",
    "Autószerelő",
    "Balett táncos",
    "Bankár",
    "Bankpénztáros",
    "Biológus",
    "Biztonságiőr",
    "Biztonsági szakértő",
    "Botanikus",
    "Családi orvos",
    "Csapos",
    "Csillagász",
    "Dietetikus",
    "Dobos",
    "Drámaíró",
    "Eladó",
    "Elemző",
    "Elemző programozó",
    "Előadó",
    "Énekes",
    "Építész",
    "Építészmérnök",
    "Építőipari munkás",
    "Értékesítési ügyintéző",
    "Fedélzeti mérnök",
    "Fejlesztő",
    "Felfedező",
    "Feltaláló",
    "Festő",
    "Filmrendező",
    "Fizikus",
    "Fogorvos",
    "Főmérnök",
    "Fotós",
    "Futár",
    "Geológus",
    "Gitáros",
    "Gyermekorvos",
    "Gyógyszerész",
    "Hegedűművész",
    "Író",
    "Kamionsofőr",
    "Kardiológus",
    "Karmester",
    "Kertész",
    "Költő",
    "Könyvelő",
    "Könyvvizsgáló",
    "Közgazdász",
    "Kutató",
    "Légiutas-kísérő",
    "Matematikus",
    "Mosogató",
    "Műfordító",
    "Műszaki szakember",
    "Művész",
    "Művészeti vezető",
    "Nyelvész",
    "Nyomdász",
    "Operaénekes",
    "Operatőr",
    "Orvos",
    "Pénztáros",
    "Pilóta",
    "Pincér",
    "Portás",
    "Programozó",
    "Projektmenedzser",
    "Pszichiáter",
    "Pszichológus",
    "Régész",
    "Rendszer adminisztrátor",
    "Rendszer elemző",
    "Rendszergazda",
    "Rendszer tervező",
    "Repülésirányító",
    "Riporter",
    "Sebész",
    "Szakfordító",
    "Szemész",
    "Színész",
    "Szív specialista",
    "Szobrász",
    "Szociológus",
    "Szoftverfejlesztő",
    "Szoftvermérnök",
    "Szoftver minőségbiztosítási elemző",
    "Szoftvertesztelő",
    "Táncos",
    "Távközlési szakértő",
    "Taxisofőr",
    "Termelő",
    "Történész",
    "Tudós",
    "Ügyfélszolgálati asszisztens",
    "Újságíró",
    "Vállalkozó",
    "Vegyész",
    "Vezető elemző programozó",
    "Web designer",
    "Webfejlesztő",
    "Webmester",
    "Zenész",
    "Zeneszerző",
    "Zongorista",
    "Zoológus"
  ],
  "political_views": [
    "Anarchista",
    "Kommunista",
    "Konzervatív",
    "Liberális",
    "Libertariánus",
    "Mérsékelt",
    "Semleges",
    "Szocialista"
  ],
  "surnames": [
    "Ady",
    "András",
    "Andrássy",
    "Asztalos",
    "Babits",
    "Babos",
    "Bacsik",
    "Balassa",
    "Balint",
    "Balog",
    "Balogh",
    "Balzary",
    "Balázs",
    "Baranyai",
    "Baross",
    "Barta",
    "Bartok",
    "Bartók",
    "Batthyány",
    "Beck",
    "Beethoven",
    "Beregfy",
    "Beres",
    "Berényi",
    "Bethlen",
    "Birtalan",
    "Bogdani",
    "Bognár",
    "Bollobás",
    "Bolyai",
    "Borbély",
    "Bornemisza",
    "Bottyán",
    "Breznay",
    "Buday",
    "Bukrán",
    "Burjan",
    "Bánffy",
    "Bárány",
    "Béres",
    "Cseh",
    "Csere",
    "Cseszneky",
    "Csillag",
    "Csizmadia",
    "Csokonai",
    "Csonka",
    "Csukás",
    "Csupó",
    "Csurka",
    "Csák",
    "Csáki",
    "Csóka",
    "Csókás",
    "Curiel",
    "Czakó",
    "Cziffra",
    "Dajos",
    "Darányi",
    "Demszky",
    "Deák",
    "Dienes",
    "Disztl",
    "Dobay",
    "Dobos",
    "Dobó",
    "Domokos (name)",
    "Draskovich",
    "Draskovics",
    "Draskovits",
    "Dzsudzsák",
    "Dávid",
    "Dózsa",
    "Egerszegi",
    "Erdős",
    "Erkel",
    "Esterházy",
    "Eötvös",
    "Farkas",
    "Fazekas",
    "Ferencz",
    "Fischer",
    "Fodor",
    "Freud",
    "Fülöp",
    "Gabor",
    "Galamb",
    "Galambos",
    "Garaba",
    "Garai",
    "Gaál",
    "Gergely",
    "Gindl",
    "Grósz",
    "Gyarmati",
    "Gyepes",
    "Gyulai",
    "Gyulay",
    "Gyurta",
    "Gál",
    "Gárdonyi",
    "Göncz",
    "Hajdú",
    "Hajnal",
    "Halász",
    "Hegedűs",
    "Horn",
    "Horváth",
    "Hosszú",
    "Hunyadi",
    "Illyés",
    "Imre",
    "Juhász",
    "Jókai",
    "Kalocsai",
    "Kalocsay",
    "Kanizsa",
    "Karakas",
    "Kardos",
    "Karinthy",
    "Karman",
    "Katona",
    "Kecskés",
    "Kelemen",
    "Kemény",
    "Kenderesi",
    "Keresztes",
    "Kertész",
    "Keserü",
    "Király",
    "Kisfaludi",
    "Kisfaludy",
    "Kiss",
    "Kocsis",
    "Kocsárdi",
    "Kodály",
    "Koltai",
    "Koranyi",
    "Kornai",
    "Koroknay",
    "Kossuth",
    "Kosztolányi",
    "Kovacsics",
    "Kovač",
    "Kovačić",
    "Kovács",
    "Kozma",
    "Koós",
    "Kristofics",
    "Kristó",
    "Krúdy",
    "Kulcsár",
    "Kurt",
    "Kurucz",
    "Kádár",
    "Káldy",
    "Kállay",
    "Kármán",
    "Károly",
    "Károlyi",
    "Kósz",
    "Körte",
    "Kőszegi",
    "Lakatos",
    "Lengyel",
    "László",
    "Lőrincz",
    "Madaras",
    "Madách",
    "Markovits",
    "Marx",
    "Medgyessy",
    "Megyeri",
    "Mihály",
    "Mikes",
    "Miklós",
    "Mikszáth",
    "Moldován",
    "Molnár",
    "Moskovics",
    "Moskovits",
    "Mudin",
    "Munkácsi",
    "Munkácsy",
    "Mágocsy",
    "Márkus",
    "Márton",
    "Máté",
    "Mészáros",
    "Mészöly",
    "Móra",
    "Móricz",
    "Nagy",
    "Nemes",
    "Nemeș",
    "Neumann",
    "Nikics",
    "Nikisch",
    "Nikiš",
    "Novák",
    "Nyers",
    "Nyilasi",
    "Nébald",
    "Németh",
    "Oláh",
    "Orbán",
    "Orczy",
    "Orosz",
    "Papp",
    "Parnell",
    "Pekurár",
    "Petőfi",
    "Pintér",
    "Polgár",
    "Polányi",
    "Pulszky",
    "Puskás",
    "Pázmány",
    "Pólya",
    "Radnóti",
    "Rejtő",
    "Reményi",
    "Riesz",
    "Roskoványi",
    "Rosztóczy",
    "Roveda",
    "Rozgonyi",
    "Rudas",
    "Ruffínyi",
    "Rác",
    "Rácz",
    "Rátz",
    "Rédei",
    "Révai",
    "Róka",
    "Rózsa",
    "Schmidt",
    "Sebestyén",
    "Sipos",
    "Solt",
    "Solti",
    "Somogyi",
    "Somorjai",
    "Somorjay",
    "Soros",
    "Strelicz",
    "Sumegi",
    "Supka",
    "Szabó",
    "Szakolczai",
    "Szakács",
    "Szakály",
    "Szalai",
    "Szalay",
    "Szathmary",
    "Szatmary",
    "Szekeres",
    "Szell",
    "Szenes",
    "Szervánszky",
    "Szigeti",
    "Sziklai",
    "Szilágyi",
    "Szilárd",
    "Szisz",
    "Szklenár",
    "Szluka",
    "Szokol",
    "Szollosi",
    "Szondi",
    "Sztraka",
    "Szántó",
    "Szász",
    "Szávay",
    "Széchenyi",
    "Széchényi",
    "Székely",
    "Szép",
    "Szőcs",
    "Szűcs",
    "Sándor",
    "Takac",
    "Takach",
    "Takač",
    "Takács",
    "Takáts",
    "Tardy",
    "Tarján",
    "Teleki",
    "Tellér",
    "Torma",
    "Toró",
    "Tóth",
    "Török",
    "Törőcsik",
    "Vadász",
    "Vajda",
    "Varadi",
    "Varady",
    "Varga",
    "Vasas",
    "Vass",
    "Vazsonyi",
    "Veréb",
    "Vető",
    "Vincze",
    "Virág",
    "Vujicsics",
    "Váci",
    "Várhidi",
    "Várkonyi",
    "Vásáry",
    "Végh",
    "Vörösmarty",
    "Vöröss",
    "Zichy",
    "Zrínyi",
    "Zsiga",
    "Zsigmondi",
    "Zsigmondy",
    "Zsivoczky",
    "Ötvös"
  ],
  "title": {
    "female": {
      "typical": [
        "Mrs.",
        "Ms.",
        "Miss"
      ],
      "academic": [
        "Adjunktus",
        "Dékán",
        "Dr.",
        "Egyetemi docens",
        "Egyetemi tanár",
        "Főiskolai docens",
        "Főiskolai tanár",
        "PhD.",
        "Professzor",
        "Rektor",
        "Rektorhelyettes",
        "Tanársegéd",
        "Tanszékvezető"
      ]
    },
    "male": {
      "typical": [
        "Mr.",
        "Sir"
      ],
      "academic": [
        "Adjunktus",
        "Dékán",
        "Dr.",
        "Egyetemi docens",
        "Egyetemi tanár",
        "Főiskolai docens",
        "Főiskolai tanár",
        "PhD.",
        "Professzor",
        "Rektor",
        "Rektorhelyettes",
        "Tanársegéd",
        "Tanszékvezető"
      ]
    }
  },
  "university": [
    "Állatorvostudományi Egyetem",
    "Andrássy Gyula Budapesti Német Nyelvű Egyetem",
    "Budapesti Corvinus Egyetem",
    "Budapesti Gazdasági Egyetem",
    "Budapesti Metropolitan Egyetem",
    "Budapesti Műszaki és Gazdaságtudományi Egyetem",
    "Debreceni Egyetem",
    "Debreceni Református Hittudományi Egyetem",
    "Dunaújvárosi Egyetem",
    "Eötvös Loránd Tudományegyetem",
    "Eszterházy Károly Egyetem",
    "Evangélikus Hittudományi Egyetem",
    "Kaposvári Egyetem",
    "Károli Gáspár Református Egyetem",
    "Közép-európai Egyetem",
    "Liszt Ferenc Zeneművészeti Egyetem",
    "Magyar Képzőművészeti Egyetem",
    "Magyar Táncművészeti Egyetem",
    "McDaniel College Budapest",
    "Moholy-Nagy Művészeti Egyetem",
    "Miskolci Egyetem",
    "Nemzeti Közszolgálati Egyetem",
    "Nyíregyházi Egyetem",
    "Nyugat-magyarországi Egyetem",
    "Óbudai Egyetem",
    "Országos Rabbiképző – Zsidó Egyetem",
    "Pallasz Athéné Egyetem",
    "Pannon Egyetem",
    "Pázmány Péter Katolikus Egyetem",
    "Pécsi Tudományegyetem",
    "Semmelweis Egyetem",
    "Szent István Egyetem",
    "Széchenyi István Egyetem",
    "Színház- és Filmművészeti Egyetem",
    "Szegedi Tudományegyetem",
    "Zsigmond Király Egyetem"
  ],
  "views_on": [
    "Negatív",
    "Nagyon pozitív",
    "Pozitív",
    "Semleges",
    "Kompromittálható"
  ],
  "worldview": [
    "Agnoszticizmus",
    "Ateizmus",
    "Deizmus",
    "Judaizmus",
    "Katolicizmus",
    "Konfucianizmus",
    "Panteizmus",
    "Szekuláris humanizmus"
  ],
  "telephone_fmt": [
    "+36 1 ### ###",
    "+36 ## ### ###",
    "+36 ## ### ####"
  ]
}
