{
  "dishes": [
    "الكسكس",
    "البرْبوشة",
    "الطْعَام",
    "التليتلي",
    "الرشتة",
    "الشكشوكة",
    "الدولمة",
    "التريدة",
    "الزفيطي",
    "الشخشوخة",
    "العصبان",
    "المسفوف",
    "البركوكس",
    "طاجين الزيتون",
    "المثوم",
    "البوزلوف",
    "الدوبارة",
    "بسطيلة",
    "الكارنتيكا",
    "مرقاز",
    "القديد",
    "شربة فريك",
    "الدشيشة",
    "الحميص",
    "البوراك",
    "المحاجب",
    "البغرير",
    "الكسرة",
    "المطلوع",
    "طاجين الباي",
    "صوص مشوي",
    "كبدة مشرملة",
    "فلفل محشي",
    "سكسو بالدجاج",
    "بوقليلة",
    "قرنون محشي",
    "طاجين العنب",
    "خبز الدار",
    "محجوبة",
    "رفيس",
    "بطاطا مقلية بالبيض",
    "بيتزا مربعة",
    "المشلوش",
    "شطيطحة دجاج",
    "شطيطحة لحم",
    "شخشوخة بسكرية",
    "شربة الحوت",
    "لوبية بالكرعين",
    "لوبيا",
    "عدس",
    "حمص",
    "بكبوكة",
    "الطاجين بالبرقوق",
    "المسفوف باللحم",
    "الملوخية",
    "الطاجين بالخضروات",
    "القرنون باللحم",
    "رز"
  ],
  "drinks": [
    "قهوة عربية",
    "شاي",
    "شاي بالنعناع",
    "قهوة تركية",
    "عرقسوس",
    "تمر هندي",
    "قمر الدين",
    "لبن",
    "مشروبات غازية",
    "شاي أخضر",
    "شاي بالأعشاب",
    "شاي بالحليب",
    "قهوة",
    "قهوة بالإسبريسو",
    "شاي المريمية",
    "قهوة بالحليب",
    "شراب التمر الهندي",
    "شراب الكركديه",
    "شاي بالزنجبيل",
    "شاي بالهيل",
    "شاي بالزعتر",
    "شاي بالقرفة",
    "شاي بالكركم",
    "الحلبة",
    "شاي النعناع الطازج",
    "شاي قشور الرمان",
    "عصير الرمان",
    "عصير البرتقال",
    "عصير الليمون",
    "عصير التفاح",
    "عصير الجوافة",
    "عصير المانجو",
    "عصير الأناناس",
    "شربات",
    "عصير البطيخ",
    "عصير التوت",
    "شراب الجرجير",
    "شراب النعناع",
    "الزنجبيل"
  ],
  "fruits": [
    "تفاح",
    "موز",
    "برتقال",
    "فراولة",
    "أناناس",
    "عنب",
    "كيوي",
    "جوافة",
    "مانجو",
    "رمان",
    "ليمون",
    "تين",
    "خوخ",
    "كمثرى",
    "برقوق",
    "مشمش",
    "تمر",
    "كرز",
    "بطيخ",
    "بابايا",
    "طماطم",
    "أفوكادو",
    "جريب فروت",
    "مانغوستين",
    "التين الشوكي",
    "العنب",
    "الجوافة",
    "البرقوق",
    "الليمون الهندي",
    "المشمش المجفف",
    "التمر الهندي",
    "الفراولة البرية",
    "التوت البري",
    "الكيوي"
  ],
  "spices": [
    "كمون",
    "كزبرة",
    "قرفة",
    "قرنفل",
    "هيل",
    "زعفران",
    "فلفل أسود",
    "فلفل أحمر حار",
    "زنجبيل",
    "سبع بهارات",
    "جوزة الطيب",
    "كركم",
    "بابريكا",
    "العكري",
    "كاري",
    "شمر",
    "ريحان",
    "نعناع",
    "خردل",
    "كراوية",
    "زعتر",
    "شطة",
    "مسحوق الثوم",
    "مسحوق البصل",
    "قشر الليمون المجفف",
    "يانسون",
    "بقدونس مجفف",
    "أوراق الغار",
    "بزار",
    "مسمار",
    "قرفة ناعمة",
    "كزبرة جافة",
    "فلفل أبيض",
    "توابل البحر الأبيض المتوسط",
    "فلفل أسود مجروش",
    "ملح الليمون",
    "توابل تندوري",
    "تاي بودرة",
    "ليمون مجفف",
    "طرخون",
    "راس الحانوت",
    "كزبرة مطحونة"
  ],
  "vegetables": [
    "جزر",
    "بطاطس",
    "بصل",
    "فلفل",
    "كوسة",
    "باذنجان",
    "قرنبيط",
    "لوبيا خضراء",
    "سبانخ",
    "جرجير",
    "خيار",
    "فجل",
    "شمندر",
    "كرنب",
    "ملفوف",
    "يقطين",
    "لوبيا بيضاء",
    "بروكلي",
    "فطر",
    "ثوم",
    "كرافس",
    "الباذنجان",
    "البطاطا الحلوة",
    "العدس",
    "الخرشوف",
    "البرسيم",
    "اللوبيا السوداء",
    "اللوبيا الحمراء"
  ]
}
