{
  "dishes": [
    "أرز بالشعيرية",
    "بابا غنوج",
    "بامية باللحم",
    "برياني",
    "بسبوسة",
    "بقلاوة",
    "تبولة",
    "ثريد",
    "جريش",
    "حمص",
    "حميس",
    "حميسة",
    "حنيذ",
    "حنيني",
    "حواوشي",
    "خبيصة",
    "دجاج بالفرن",
    "دجاج محشي",
    "دجاج مندي",
    "رز بخاري",
    "رز بشعيرية",
    "روبيان مقلي",
    "زربيان",
    "سحلب",
    "سلطة خضراء",
    "سليق",
    "سليق دجاج",
    "سليق لحم",
    "سمبوسة",
    "سمك فرن",
    "سمك مشوي",
    "سمك مقلي",
    "سندويشات دجاج",
    "سندويشات فلافل",
    "سندويشات كبدة",
    "شاورما",
    "شعبان",
    "شوربة حب",
    "شوربة دجاج",
    "شوربة عدس",
    "شوشة",
    "صيادية",
    "صيادية سمك",
    "عدس",
    "عريكة",
    "عريكة بالتمر",
    "عصيدة",
    "عصيدة تمر",
    "عيش بالربيان",
    "عيش بالسمن",
    "عيش باللحم",
    "فتة",
    "فتة حمص",
    "فتة ملوخية",
    "فتوش",
    "فريك",
    "فريك باللحم",
    "فطائر سبانخ",
    "فطائر لحم",
    "فطير",
    "فلافل",
    "فول",
    "قرصان",
    "قرص عقيلي",
    "قوزي",
    "كباب",
    "كبة مقلية",
    "كبدة",
    "كبده مقلية",
    "كبسة",
    "كليجا",
    "كنافة",
    "كوارع",
    "لقيمات",
    "محشوش",
    "محشي باذنجان",
    "محشي كوسا",
    "محمر",
    "مراصيع",
    "مرق لحم",
    "مرقوق",
    "مشاوي",
    "مشخول",
    "مضغوط",
    "مطازيز",
    "مطبق",
    "مطبق باللحم",
    "مطفاية",
    "مظبي",
    "معدوس",
    "معصوب",
    "معمول",
    "مفروكة",
    "مفطح",
    "مقروطة",
    "مكرونة بالبشاميل",
    "مكرونة بالجبنة",
    "مكرونة بالصلصة",
    "ملوخية",
    "مندي",
    "منسف",
    "منسف بالدجاج",
    "مهلبية",
    "مهلبية",
    "هريس",
    "ورق عنب"
  ],
  "drinks": [
    "إسبريسو",
    "بيبسي",
    "تمر هندي",
    "حليب بالتمر",
    "حليب بالزنجبيل",
    "حليب بالشوكولاتة",
    "حليب بالعسل",
    "حليب بالقرفة",
    "سبرايت",
    "سفن أب",
    "سوبيا",
    "شاي أحمر",
    "شاي أخضر",
    "شاي بالحليب",
    "شاي بالزعتر",
    "شاي بالزنجبيل",
    "شاي بالهيل",
    "شاي كرك",
    "شاي مثلج",
    "شاي نعناع",
    "شراب الورد",
    "عصير أناناس",
    "عصير برتقال",
    "عصير برتقال بالجزر",
    "عصير بطيخ",
    "عصير تانج",
    "عصير تفاح",
    "عصير تمر هندي بالليمون",
    "عصير توت",
    "عصير جزر",
    "عصير جوافة",
    "عصير خوخ",
    "عصير رمان",
    "عصير رمان بالرمان",
    "عصير ريبينا",
    "عصير شمام",
    "عصير طماطم",
    "عصير عنب",
    "عصير فراولة",
    "عصير فيمتو",
    "عصير قصب",
    "عصير ليمون",
    "عصير ليمون بالنعناع",
    "عصير مانجو",
    "عصير موز",
    "قمر الدين",
    "قهوة تركية",
 "قهوة عربية",
    "قهوة فرنسية",
    "كابتشينو",
    "كوكاكولا",
    "لاتيه",
    "لبن زبادي",
    "لبن عيران",
    "ماء جوز الهند",
    "ماء زمزم",
    "مشروب الطاقة",
    "مشروب غازي بنكهة العنب",
    "مشروب غازي بنكهة الفواكه",
    "موكا",
    "مياه معدنية"

  ],
  "fruits": [
    "تفاح",
    "موز",
    "برتقال",
    "فراولة",
    "أناناس",
    "عنب",
    "كيوي",
    "جوافة",
    "مانجو",
    "رمان",
    "ليمون",
    "تين",
    "خوخ",
    "كمثرى",
    "برقوق",
    "مشمش",
    "تمر",
    "كرز",
    "بطيخ",
    "بابايا",
    "طماطم",
    "أفوكادو",
    "جريب فروت",
    "مانغوستين",
    "التين الشوكي",
    "العنب",
    "الجوافة",
    "البرقوق",
    "الليمون الهندي",
    "المشمش المجفف",
    "التمر الهندي",
    "الفراولة البرية",
    "التوت البري",
    "الكيوي"
  ],
  "spices": [
    "كمون",
    "كزبرة",
    "قرفة",
    "قرنفل",
    "هيل",
    "زعفران",
    "فلفل أسود",
    "فلفل أحمر حار",
    "زنجبيل",
    "سبع بهارات",
    "جوزة الطيب",
    "كركم",
    "بابريكا",
    "العكري",
    "كاري",
    "شمر",
    "ريحان",
    "نعناع",
    "خردل",
    "كراوية",
    "زعتر",
    "شطة",
    "مسحوق الثوم",
    "مسحوق البصل",
    "قشر الليمون المجفف",
    "يانسون",
    "بقدونس مجفف",
    "أوراق الغار",
    "بزار",
    "مسمار",
    "قرفة ناعمة",
    "كزبرة جافة",
    "فلفل أبيض",
    "توابل البحر الأبيض المتوسط",
    "فلفل أسود مجروش",
    "ملح الليمون",
    "توابل تندوري",
    "ليمون مجفف",
    "طرخون",
    "راس الحانوت",
    "كزبرة مطحونة"
  ],
  "vegetables": [
    "جزر",
    "بطاطس",
    "بصل",
    "فلفل",
    "كوسة",
    "باذنجان",
    "قرنبيط",
    "لوبيا خضراء",
    "سبانخ",
    "جرجير",
    "خيار",
    "فجل",
    "شمندر",
    "كرنب",
    "ملفوف",
    "يقطين",
    "لوبيا بيضاء",
    "بروكلي",
    "فطر",
    "ثوم",
    "كرافس",
    "الباذنجان",
    "البطاطا الحلوة",
    "العدس",
    "الخرشوف",
    "البرسيم",
    "اللوبيا السوداء",
    "اللوبيا الحمراء"
  ]
}
