{
  "address_fmt": "{st_sfx} {st_name} {st_num}",
  "city": [
    "Bakar",
    "Beli Manastir",
    "Belišće",
    "Benkovac",
    "Biograd na Moru",
    "Bjelovar",
    "Buje",
    "Buzet",
    "Cres",
    "Crikvenica",
    "Daruvar",
    "Delnice",
    "Donja Stubica",
    "Donji Miholjac",
    "Drniš",
    "Dubrovnik",
    "Duga Resa",
    "Dugo Selo",
    "Garešnica",
    "Glina",
    "Gospić",
    "Grubišno Polje",
    "Hrvatska Kostajnica",
    "Hvar",
    "Ilok",
    "Imotski",
    "Ivanec",
    "Ivanić Grad",
    "Jastrebarsko",
    "Karlovac",
    "Kastav",
    "Kaštela",
    "Klanjec",
    "Knin",
    "Komiža",
    "Koprivnica",
    "Korčula",
    "Kraljevica",
    "Krapina",
    "Križevci",
    "Krk",
    "Kutina",
    "Kutjevo",
    "Labin",
    "Lepoglava",
    "Lipik",
    "Ludbreg",
    "Makarska",
    "Mali Lošinj",
    "Metković",
    "Mursko Središće",
    "Našice",
    "Nin",
    "Nova Gradiška",
    "Novalja",
    "Novi Marof",
    "Novi Vinodolski",
    "Novigrad",
    "Novska",
    "Obrovac",
    "Ogulin",
    "Omiš",
    "Opatija",
    "Opuzen",
    "Orahovica",
    "Oroslavje",
    "Osijek",
    "Otok",
    "Otočac",
    "Ozalj",
    "Pag",
    "Pakrac",
    "Pazin",
    "Petrinja",
    "Pleternica",
    "Ploče",
    "Poreč",
    "Požega",
    "Pregrada",
    "Prelog",
    "Pula",
    "Rab",
    "Rijeka",
    "Rovinj",
    "Samobor",
    "Senj",
    "Sinj",
    "Sisak",
    "Skradin",
    "Slatina",
    "Slavonski Brod",
    "Slunj",
    "Solin",
    "Split",
    "Stari Grad",
    "Supetar",
    "Sveta Nedelja",
    "Sveti Ivan Zelina",
    "Trilj",
    "Trogir",
    "Umag",
    "Valpovo",
    "Varaždin",
    "Varaždinske Toplice",
    "Velika Gorica",
    "Vinkovci",
    "Virovitica",
    "Vis",
    "Vodice",
    "Vodnjan",
    "Vrbovec",
    "Vrbovsko",
    "Vrgorac",
    "Vrlika",
    "Vukovar",
    "Zabok",
    "Zadar",
    "Zagreb",
    "Zaprešić",
    "Zlatar",
    "Čabar",
    "Čakovec",
    "Čazma",
    "Đakovo",
    "Đurđevac",
    "Šibenik",
    "Županja"
  ],
  "continent": [
    "Afrika",
    "Antarktika",
    "Australija i Oceania",
    "Azija",
    "Europa",
    "Južna Amerika",
    "Sjeverna Amerika"
  ],
  "country": {
    "current_locale": "Hrvatska",
    "name": [
      "Afganistan",
      "Albanija",
      "Alžir",
      "Andora",
      "Angola",
      "Antigua i Barbuda",
      "Argentina",
      "Armenija",
      "Australija",
      "Austrija",
      "Azerbajdžan",
      "Bahami",
      "Bahrein",
      "Bangladeš",
      "Barbados",
      "Belgija",
      "Belize",
      "Benin",
      "Bjelorusija",
      "Bocvana",
      "Bolivija",
      "Bosna i Hercegovina",
      "Brazil",
      "Brunej",
      "Bugarska",
      "Burkina Faso",
      "Burundi",
      "Butan",
      "Cipar",
      "Crna Gora",
      "Danska",
      "Demokratska Republika Kong",
      "Dominika",
      "Dominikanska Republika",
      "Džibuti",
      "Egipat",
      "Ekvador",
      "Ekvatorijalna Gvineja",
      "Eritreja",
      "Estonija",
      "Etiopija",
      "Fidži",
      "Filipini",
      "Finska",
      "Francuska",
      "Gabon",
      "Gambija",
      "Gana",
      "Grenada",
      "Gruzija",
      "Grčka",
      "Gvajana",
      "Gvatemala",
      "Gvineja Bisau",
      "Gvineja",
      "Haiti",
      "Honduras",
      "Hrvatska",
      "Indija",
      "Indonezija",
      "Irak",
      "Iran",
      "Irska",
      "Island",
      "Istočni Timor",
      "Italija",
      "Izrael",
      "Jamajka",
      "Japan",
      "Jemen",
      "Jordan",
      "Južna Afrika",
      "Južna Koreja",
      "Južni Sudan",
      "Kambodža",
      "Kamerun",
      "Kanada",
      "Katar",
      "Kazahstan",
      "Kenija",
      "Kina",
      "Kirgistan",
      "Kiribati",
      "Kolumbija",
      "Komori",
      "Kongo Brazzaville",
      "Kosovo",
      "Kostarika",
      "Kraljevina Eswatini",
      "Kuba",
      "Kuvajt",
      "Laos",
      "Latvija",
      "Lesoto",
      "Libanon",
      "Liberija",
      "Libija",
      "Lihtenštajn",
      "Litva",
      "Luksemburg",
      "Madagaskar",
      "Malavi",
      "Maldivi",
      "Malezija",
      "Mali",
      "Malta",
      "Maroko",
      "Maršalovi otoci",
      "Mauricijus",
      "Mauritanija",
      "Mađarska",
      "Meksiko",
      "Mjanmar",
      "Moldavija",
      "Monako",
      "Mongolija",
      "Mozambik",
      "Namibija",
      "Nauru",
      "Nepal",
      "Niger",
      "Nigerija",
      "Nikaragva",
      "Nizozemska",
      "Njemačka",
      "Norveška",
      "Novi Zeland",
      "Obala Bjelokosti",
      "Oman",
      "Pakistan",
      "Palau",
      "Palestina",
      "Panama",
      "Papua Nova Gvineja",
      "Paragvaj",
      "Peru",
      "Poljska",
      "Portugal",
      "Republika Centralna Afrika",
      "Ruanda",
      "Rumunjska",
      "Rusija",
      "Salvador",
      "Samoa",
      "San Marino",
      "Saudijska Arabija",
      "Savezne Države Mikronezije",
      "Sejšeli",
      "Senegal",
      "Sijera Leone",
      "Singapur",
      "Sirija",
      "Sjedinjene Američke Države",
      "Sjeverna Koreja",
      "Sjeverna Makedonija",
      "Slovačka",
      "Slovenija",
      "Solomonovi otoci",
      "Somalija",
      "Srbija",
      "Sudan",
      "Surinam",
      "Sveta Lucija",
      "Sveti Kristofor i Nevis",
      "Sveti Toma i Princip",
      "Sveti Vincent i Grenadini",
      "Tadžikistan",
      "Tajland",
      "Tanzanija",
      "Togo",
      "Tonga",
      "Trinidad i Tobago",
      "Tunis",
      "Turkmenistan",
      "Turska",
      "Tuvalu",
      "Uganda",
      "Ujedinjeni Arapski Emirati",
      "Ujedinjeno Kraljevstvo",
      "Ukrajina",
      "Urugvaj",
      "Uzbekistan",
      "Vanuatu",
      "Vatikan",
      "Venezuela",
      "Vijetnam",
      "Zambija",
      "Zelenortski Otoci",
      "Zimbabve",
      "Čad",
      "Češka",
      "Čile",
      "Španjolska",
      "Šri Lanka",
      "Švedska",
      "Švicarska"
    ]
  },
  "postal_code_fmt": "#####",
  "state": {
    "abbr": [
      "BBŽ",
      "BPŽ",
      "DN",
      "IS",
      "KA",
      "KZ",
      "KŽ",
      "LS",
      "OB",
      "PG",
      "PS",
      "SD",
      "SM",
      "VP",
      "VU",
      "VŽ",
      "ZD",
      "ZG",
      "ŠI",
      "ŽM"
    ],
    "name": [
      "Bjelovarsko-bilogorska",
      "Brodsko-posavska",
      "Dubrovačko-neretvanska",
      "Grad Zagreb",
      "Istarska",
      "Karlovačka",
      "Koprivničko-križevačka",
      "Krapinsko-zagorska",
      "Lika-senjska",
      "Međimurska",
      "Osječko-baranjska",
      "Požeško-slavonska",
      "Primorsko-goranska",
      "Sisačko-moslavačka",
      "Splitsko-dalmatinska",
      "Varaždinska",
      "Virovitičko-podravska",
      "Vukovarsko-srijemska",
      "Zadarska",
      "Zagrebačka",
      "Šibensko-kninska"
    ]
  },
  "street": {
    "name": [
      "Bakarska",
      "Belostenčeva",
      "Berislavićeva",
      "Biokovska",
      "Bogovićeva",
      "Bokanjčeva",
      "Branimirova",
      "Brodska",
      "Cvjetna",
      "Daljska",
      "Dalmatinska",
      "Daruvarska",
      "Dubrovačka",
      "Fužinska",
      "Gajeva",
      "Galićeva",
      "Gornjostubička",
      "Gradačevačka",
      "Gračanska",
      "Grohova",
      "Gudovčeva",
      "Hercegovačka",
      "Istarska",
      "Jadranska",
      "Jarunska",
      "Kamenita",
      "Kninska",
      "Kobilićka",
      "Kopačeva",
      "Kordunska",
      "Kranjčevićeva",
      "Krapinska",
      "Krešimirova",
      "Krležina",
      "Kukuljevićeva",
      "Kumičićeva",
      "Kupinečka",
      "Kušlanova",
      "Limunska",
      "Lička",
      "Ljubljanska",
      "Lomnička",
      "Lučka",
      "Luščićka",
      "Malešnička",
      "Martićeva",
      "Masarykova",
      "Međimurska",
      "Mihaljevačka",
      "Mlinarska",
      "Mljetska",
      "Murska",
      "Čakovečka",
      "Čazmanska"
    ],
    "suffix": [
      "Avenija",
      "Ulica"
    ]
  }
}
