{
  "dishes": [
    "bakalar",
    "baklava",
    "bečki odrezak",
    "biftek",
    "brudet",
    "burek",
    "cezar salata",
    "cheesecake",
    "cvjetovi od tikvica",
    "filet od tune",
    "fiš paprikaš",
    "francuski kruh",
    "gibanica",
    "grah s kobasicama",
    "grah",
    "grčka salata",
    "janjetina ispod peke",
    "janjetina s povrćem",
    "japanski sushi",
    "jelo od graha",
    "knedle s šljivama",
    "kolač od jabuka",
    "kremšnite",
    "kruh s češnjakom",
    "krumpir salata",
    "kulen",
    "lazanje",
    "lignje na žaru",
    "losos na žaru",
    "medenjaci",
    "musaka",
    "omlet",
    "palačinke s nutellom",
    "palačinke",
    "pastrva na žaru",
    "pašta fazool",
    "pašticada",
    "pečene paprike",
    "pečeni bakalar",
    "pečeni krompirići",
    "pečeni krumpir",
    "pečeni patlidžan",
    "piletina na žaru",
    "piletina s mlincima",
    "piletina u bijelom umaku",
    "piletina u umaku od kiselog vrhnja",
    "pileći sendvič",
    "pizza quattro stagioni",
    "pizza",
    "pljeskavica",
    "pohana piletina",
    "pohane lignje",
    "pohani oslić",
    "pohani sir",
    "pršut i sir",
    "pržene lignje",
    "pržene piletine",
    "punjena jaja",
    "punjena pileća prsa",
    "punjene gljive",
    "punjene lignje",
    "punjene paprike",
    "punjene tikvice",
    "punjeni bučnjaci",
    "puranji filet",
    "pureća pečenka",
    "pureći filet",
    "ražnjići",
    "rebarca s roštilja",
    "riblji paprikaš",
    "rižoto",
    "salata od piletine",
    "salata od tune",
    "sarma",
    "sir i vrhnje",
    "svinjska pečenka",
    "svinjski gulaš",
    "svinjski kare",
    "svinjski kotleti",
    "svježa salata",
    "talijanska tjestenina",
    "tatarski biftek",
    "teleća jetra s lukom",
    "tiramisu",
    "tjestenina alfredo",
    "tortilje",
    "trganci",
    "varivo od graška",
    "voćna salata",
    "zapečena tjestenina",
    "ćevapi",
    "ćufte u umaku",
    "čili con carne",
    "škampi na buzaru",
    "školjke na buzaru",
    "špagete bolognese",
    "špageti carbonara",
    "šunka i sir sendvič"
  ],
  "drinks": [
    "bezalkoholni kokteli",
    "coca-cola",
    "gin-tonik",
    "kakao",
    "kava",
    "ledeni čaj",
    "likeri",
    "limunada",
    "martini",
    "pivo",
    "rum",
    "sok",
    "tekila",
    "vino",
    "viski",
    "voda",
    "vodka",
    "voćni kokteli",
    "čaj"
  ],
  "fruits": [
    "ananas",
    "aronija",
    "banana",
    "bazga",
    "borovnica",
    "breskva",
    "dinja",
    "grejp",
    "grožđe",
    "guava",
    "jabuka",
    "jagoda",
    "kivi",
    "klementina",
    "kokos",
    "kruška",
    "kupina",
    "limun",
    "lubenica",
    "malina",
    "mandarina",
    "mango",
    "marakuja",
    "marelica",
    "murva",
    "naranča",
    "papaja",
    "pitaja",
    "ribizla",
    "trešnja",
    "trešnja",
    "šljiva"
  ],
  "spices": [
    "anis",
    "balzamovo sirće",
    "biber",
    "bijeli luk",
    "bosiljak",
    "celer",
    "cimet",
    "curry",
    "hren",
    "ingver",
    "kadulja",
    "kajenski papar",
    "kapar",
    "kardamom",
    "kim",
    "klinčić",
    "komorač",
    "kopar",
    "korijander",
    "kumin",
    "kurkuma",
    "lavanda",
    "lovor",
    "majoran",
    "majčina dušica",
    "matičnjak",
    "metvica",
    "muškatni oraščić",
    "origano",
    "paprika",
    "peršin",
    "ružmarin",
    "senf",
    "sezam",
    "sol",
    "vanilija",
    "vegeta",
    "vlasac",
    "čili",
    "đumbir",
    "šećer"
  ],
  "vegetables": [
    "batat",
    "blitva",
    "brokula",
    "bukovače",
    "bundeva",
    "celer",
    "cikla",
    "cvjetača",
    "feferoni",
    "kelj",
    "komorač",
    "koraba",
    "krastavac",
    "krumpir",
    "kupus",
    "ljutika",
    "luk",
    "matovilac",
    "mrkva",
    "paprika",
    "patlidžan",
    "peršin",
    "poriluk",
    "radič",
    "rajčica",
    "rajčica",
    "raštika",
    "rikola",
    "rotkva",
    "rotkvica",
    "salata",
    "tikvica",
    "češnjak",
    "đumbir",
    "špinat"
  ]
}