{
  "academic_degree": [
    "Bakalar",
    "Doktor",
    "Magistar",
    "Profesor"
  ],
  "gender": [
    "Muški",
    "Ženski"
  ],
  "language": [
    "danski",
    "engleski",
    "estonski",
    "finski",
    "francuski",
    "gruzijski",
    "grčki",
    "hindski",
    "hrvatski",
    "irski",
    "islandski",
    "japanski",
    "kineski",
    "latinski",
    "latvijski",
    "litavski",
    "luksemburški",
    "makedonski",
    "malteški",
    "mandarinski",
    "mađarski",
    "moldavski",
    "nizozemski",
    "njemački",
    "norveški",
    "poljski",
    "portugalski",
    "romski",
    "rumunjski",
    "ruski",
    "sanskrt",
    "slovački",
    "slovenski",
    "talijanski",
    "turski",
    "ukrajinski",
    "velški",
    "škotski",
    "španjolski",
    "švedski"
  ],
  "names": {
    "female": [
      "Adela",
      "Adriana",
      "Aida",
      "Aldijana",
      "Alenka",
      "Aleta",
      "Alisa",
      "Amelie",
      "Anamaria",
      "Anamarija",
      "Andreja",
      "Andrijana",
      "Aneta",
      "Angela",
      "Ani",
      "Anja",
      "Antea",
      "Anthea",
      "Antonela",
      "Antonella",
      "Antonija",
      "Anuska",
      "Aria",
      "Ariana",
      "Arijana",
      "Bernarda",
      "Blanka",
      "Blaženka",
      "Branka",
      "Bride",
      "Bruna",
      "Dalia",
      "Danijela",
      "Daria",
      "Darija",
      "Davorka",
      "Dejana",
      "Dijana",
      "Dinora",
      "Dolores",
      "Dora",
      "Doria",
      "Dorina",
      "Doris",
      "Dorotea",
      "Dragana",
      "Drazenka",
      "Dubravka",
      "Dunja",
      "Edita",
      "Ela",
      "Elani",
      "Eleonora",
      "Elin",
      "Elizabeta",
      "Ella",
      "Elvira",
      "Emili",
      "Emilija",
      "Emily",
      "Ena",
      "Erika",
      "Etijana",
      "Franka",
      "Hermina",
      "Ika",
      "Ilijana",
      "Ilva",
      "Ines",
      "Inga",
      "Irina",
      "Iris",
      "Ivanka",
      "Ivona",
      "Izabela",
      "Jagoda",
      "Jasminka",
      "Josipa",
      "Karmela",
      "Karmen",
      "Karolina",
      "Katarina",
      "Katica",
      "Katja",
      "Klara",
      "Ksenija",
      "Lara",
      "Larisa",
      "Laura",
      "Lea",
      "Lena",
      "Leona",
      "Leonora",
      "Lidija",
      "Lina",
      "Linda",
      "Lora",
      "Loreta",
      "Lucia",
      "Magdalena",
      "Manuela",
      "Mara",
      "Marcela",
      "Margareta",
      "Marija",
      "Marijana",
      "Marita",
      "Marla",
      "Marta",
      "Melanie",
      "Melita",
      "Meri",
      "Mia",
      "Mihaela",
      "Milena",
      "Mira",
      "Mirjam",
      "Mirjana",
      "Mirna",
      "Mirta",
      "Morena",
      "Natali",
      "Natalija",
      "Natasa",
      "Nataša",
      "Nena",
      "Nevena",
      "Nicole",
      "Nikol",
      "Nives",
      "Noemi",
      "Nora",
      "Pamela",
      "Paola",
      "Paulina",
      "Rea",
      "Rebecca",
      "Renata",
      "Romana",
      "Romina",
      "Samanta",
      "Samantha",
      "Sanela",
      "Sara",
      "Scarlett",
      "Silvana",
      "Silvia",
      "Silvija",
      "Snježana",
      "Sonja",
      "Stella",
      "Suzana",
      "Tajana",
      "Tatjana",
      "Tessa",
      "Tia",
      "Tiana",
      "Tina",
      "Tjaša",
      "Tomislava",
      "Valda",
      "Valerija",
      "Vanda",
      "Vanesa",
      "Vanja",
      "Vedrana",
      "Vera",
      "Veronika",
      "Vesna",
      "Violeta",
      "Visnja",
      "Vita"
    ],
    "male": [
      "Adrian",
      "Albert",
      "Aleks",
      "Aleksandar",
      "Alen",
      "Alfred",
      "Andi",
      "Andrej",
      "Andro",
      "Antoni",
      "Antonio",
      "Antun",
      "Antun",
      "Anđelo",
      "Arian",
      "Arjan",
      "Aron",
      "Artur",
      "August",
      "Baltazar",
      "Bartol",
      "Benedikt",
      "Blaž",
      "Blažen",
      "Bogoljub",
      "Boris",
      "Borislav",
      "Borko",
      "Borna",
      "Branimir",
      "Branislav",
      "Bršljanko",
      "Dalibor",
      "Damil",
      "Damir",
      "Damjan",
      "Daniel",
      "Danilo",
      "Danimir",
      "Danislav",
      "Danko",
      "Darije",
      "Darin",
      "Dario",
      "Darko",
      "David",
      "David",
      "Davor",
      "Dejan",
      "Dejan",
      "Demetrije",
      "Dinko",
      "Dino",
      "Diomed",
      "Dmitar",
      "Dobrilo",
      "Dobriša",
      "Domagoj",
      "Dominik",
      "Donat",
      "Drago",
      "Dragomir",
      "Držimir",
      "Držislav",
      "Dujam",
      "Emanuel",
      "Emil",
      "Emilijan",
      "Erik",
      "Eugen",
      "Evgenij",
      "Ferdinand",
      "Filip",
      "Fran",
      "Franjo",
      "Gaj",
      "Gajo",
      "Gašpar",
      "Geo",
      "Goran",
      "Gordan",
      "Gradimir",
      "Gradislav",
      "Gregur",
      "Grgur",
      "Gvozden",
      "Hrvoje",
      "Hubert",
      "Ian",
      "Ignjat",
      "Ilija",
      "Ino",
      "Istok",
      "Iv",
      "Ivan",
      "Ivano",
      "Ivica",
      "Ivor",
      "Izak",
      "Izidor",
      "Jadran",
      "Jagor",
      "Jakob",
      "Jakov",
      "Janko",
      "Jaroslav",
      "Jeronim",
      "Jona",
      "Josip",
      "Joško",
      "Julijan",
      "Karlo",
      "Karlo",
      "Kazimir",
      "Kir",
      "Kornelije",
      "Krasimir",
      "Krešimir",
      "Kristo",
      "Kristofer",
      "Kristofor",
      "Krsto",
      "Krunoslav",
      "Krševan",
      "Ladislav",
      "Lav",
      "Leon",
      "Leonid",
      "Leopold",
      "Ljerko",
      "Ljubo",
      "Ljudevit",
      "Lovorko",
      "Lovre",
      "Lovro",
      "Luka",
      "Lukas",
      "Mak",
      "Maksimilijan",
      "Marin",
      "Marino",
      "Mario",
      "Maris",
      "Marko",
      "Maro",
      "Maroje",
      "Martin",
      "Matej",
      "Mateo",
      "Matija",
      "Max",
      "Mihael",
      "Mikula",
      "Milan",
      "Miljenko",
      "Milo",
      "Mio",
      "Miran",
      "Mirko",
      "Mislav",
      "Mladen",
      "Mojmir",
      "Narcis",
      "Nediljko",
      "Nikola",
      "Ninoslav",
      "Noa",
      "Noel",
      "Novel",
      "Oleg",
      "Oliver",
      "Oto",
      "Oton",
      "Patrik",
      "Pavel",
      "Pepo",
      "Perunko",
      "Petar",
      "Plamen",
      "Plamenko",
      "Predrag",
      "Reo",
      "Rino",
      "Robert",
      "Roko",
      "Roman",
      "Romano",
      "Rudi",
      "Sanjin",
      "Sanjo",
      "Slaven",
      "Slavko",
      "Smiljan",
      "Stanislav",
      "Stanko",
      "Strahimir",
      "Sven",
      "Teon",
      "Tihomir",
      "Tin",
      "Toma",
      "Tomislav",
      "Trpimir",
      "Tvrtko",
      "Valentin",
      "Vatroslav",
      "Velimir",
      "Vid",
      "Vigo",
      "Vijeko",
      "Viktor",
      "Vilim",
      "Vin",
      "Vinko",
      "Vito",
      "Vitomir",
      "Višeslav",
      "Vjekoslav",
      "Vjenceslav",
      "Vjeran",
      "Vladimir",
      "Vladimir",
      "Vladislav",
      "Vlado",
      "Vuk",
      "Zdeslav",
      "Zdravko",
      "Zlatana",
      "Zlatko",
      "Zlatomir",
      "Zrin",
      "Zrinislav",
      "Ćiril",
      "Đuro",
      "Šimun",
      "Žarko",
      "Želimir",
      "Željan",
      "Željko",
      "Žiroslav"
    ]
  },
  "nationality": [
    "Albananska",
    "Austrijska",
    "Bugarska",
    "Crnogorska",
    "Francuska",
    "Hrvatska",
    "Makedonska",
    "Mađarska",
    "Njemačka",
    "Poljska",
    "Romska",
    "Rumunjska",
    "Ruska",
    "Slovačka",
    "Slovenska",
    "Talijanska",
    "Turska",
    "Ukrajinska",
    "Češka",
    "Španjolska"
  ],
  "occupation": [
    "Administrator",
    "Agent",
    "Agronom",
    "Animator",
    "Anketar",
    "Arhitekt",
    "Armirač",
    "Asistent",
    "Autocad",
    "Autoelektričar",
    "Autolakirer",
    "Autolimar",
    "Automehaničar",
    "Banka",
    "Barmen",
    "Biolog",
    "Blagajnik",
    "Bravar",
    "Cnc operater",
    "Cvjećar",
    "Dadilja",
    "Defektolog",
    "Diplomirani ekonomist",
    "Diplomirani inženjer",
    "Diplomirani pravnik",
    "Direktor",
    "Dizajn",
    "Dizajner",
    "Doktor",
    "Doktor medicine",
    "Doktor stomatologije",
    "Domar",
    "Dostava",
    "Dostavljač",
    "Ekonomist",
    "Elektricar",
    "Elektroinstalater",
    "Elektromehaničar",
    "Elektrotehnika",
    "Farmaceut",
    "Farmaceutski tehničar",
    "Fitness",
    "Fizioterapeut",
    "Fotograf",
    "Frizer",
    "Frizerka",
    "Geodetski tehničar",
    "Geodezija",
    "Geofizika",
    "Graditeljstvo",
    "Grafičar",
    "Grafički dizajner",
    "Građevina",
    "Građevinski tehničar",
    "Hostesa",
    "Hotel",
    "Informatičar",
    "Instalater",
    "Inženjer",
    "Inženjer elektrotehnike",
    "Inženjer građevine",
    "Kemijski tehničar",
    "Kemičar",
    "Keramičar",
    "Knjigovođa",
    "Knjižničar",
    "Komercijalist",
    "Konobar",
    "Kovinotokar",
    "Kozmetičar",
    "Kozmetičarka",
    "Kuhar",
    "Kuhinjski radnik",
    "Kućni majstor",
    "Laboratorijski tehničar",
    "Leasing",
    "Lektor",
    "Logoped",
    "Magistar farmacije",
    "Manager",
    "Marketing",
    "Maser",
    "Medicinska sestra",
    "Mehaničar",
    "Mesar",
    "Monter",
    "Mornar",
    "Nabava",
    "Nastavnik",
    "Njegovateljica",
    "Novinar",
    "Nutricionist",
    "Odgajatelj",
    "Odgojitelj",
    "Operater",
    "Optičar",
    "Osiguranje",
    "Pedagog",
    "Pediker",
    "Pekar",
    "Pizza majstor",
    "Politolog",
    "Pomoćni konobar",
    "Pomoćni kuhar",
    "Pomoćni radnik",
    "Poslovna tajnica",
    "Poslovođa",
    "Pravnik",
    "Prehrambeni tehničar",
    "Prehrambeni tehnolog",
    "Prevoditelj",
    "Pripravnik",
    "Prodaja",
    "Prodajni predstavnik",
    "Prodavač",
    "Profesor",
    "Programer",
    "Promet",
    "Promotor",
    "Psiholog",
    "Radnik",
    "Ravnatelj",
    "Računovodstvo",
    "Recepcioner",
    "Referent",
    "Sanitarni tehničar",
    "Serviser",
    "Sigurnost",
    "Skiper",
    "Skladištar",
    "Slastičar",
    "Sobarica",
    "Soboslikar",
    "Socijalni radnik",
    "Sport",
    "Spremačica",
    "Stolar",
    "Stomatolog",
    "Strojar",
    "Strojarski tehničar",
    "Strojobravar",
    "Student",
    "Tajnica",
    "Tehničar",
    "Tehnolog",
    "Telefonist",
    "Terapeut",
    "Tesar",
    "Tiskar",
    "Tokar",
    "Trener",
    "Trgovac",
    "Trgovina",
    "Turizam",
    "Ugostiteljstvo",
    "Unapređivač",
    "Unapređivač prodaje",
    "Urednik",
    "Učitelj",
    "Varioc",
    "Vatrogasac",
    "Veterinar",
    "Voditelj",
    "Voditelj prodaje",
    "Vodoinstalater",
    "Vozač",
    "Vrtlar",
    "Zavarivač",
    "Zaštitar",
    "Zidar",
    "Zubni tehničar",
    "Čistačica",
    "Čuvar"
  ],
  "political_views": [
    "Demokrat",
    "Komunist",
    "Konzervatist",
    "Liberalist",
    "Nacionalist",
    "Populist",
    "Socijalist"
  ],
  "surnames": [
    "Abramović",
    "Andrić",
    "Antolović",
    "Antunović",
    "Babić",
    "Balić",
    "Barbarić",
    "Barić",
    "Barišić",
    "Bartulović",
    "Bačić",
    "Bašić",
    "Benković",
    "Benčić",
    "Bilić",
    "Blažević",
    "Bogdan",
    "Bogdanović",
    "Bogović",
    "Bošković",
    "Bošnjak",
    "Božić",
    "Brajković",
    "Brkić",
    "Brčić",
    "Budimir",
    "Burić",
    "Butković",
    "Cindrić",
    "Crnković",
    "Cvetković",
    "Cvitković",
    "Damjanović",
    "Delić",
    "Devčić",
    "Dragičević",
    "Dujmović",
    "Dukić",
    "Duvnjak",
    "Erceg",
    "Filipović",
    "Franjić",
    "Galić",
    "Glavaš",
    "Golub",
    "Golubić",
    "Gregurić",
    "Grgić",
    "Grgurić",
    "Grubišić",
    "Gudelj",
    "Herceg",
    "Horvat",
    "Horvatić",
    "Hrženjak",
    "Ilić",
    "Ivanišević",
    "Ivanković",
    "Ivanović",
    "Ivančić",
    "Ivković",
    "Jakovljević",
    "Jakšić",
    "Janković",
    "Jelić",
    "Jerković",
    "Josipović",
    "Jovanović",
    "Jozić",
    "Jukić",
    "Jurić",
    "Jurišić",
    "Jurjević",
    "Jurković",
    "Jurčević",
    "Jurčić",
    "Karlović",
    "Katić",
    "Klarić",
    "Knezović",
    "Knežević",
    "Kolar",
    "Kolarić",
    "Kordić",
    "Kos",
    "Kovač",
    "Kovačević",
    "Kovačić",
    "Kozina",
    "Kralj",
    "Kraljević",
    "Krizmanić",
    "Krznarić",
    "Kujundžić",
    "Kurtović",
    "Ljubić",
    "Ljubičić",
    "Lončar",
    "Lončarić",
    "Lovrić",
    "Lukić",
    "Lučić",
    "Majstorović",
    "Mandić",
    "Marinović",
    "Marić",
    "Marjanović",
    "Marković",
    "Martinović",
    "Martić",
    "Marušić",
    "Matanović",
    "Matijašević",
    "Matijević",
    "Matić",
    "Matković",
    "Matošević",
    "Medved",
    "Meštrović",
    "Mihaljević",
    "Mijatović",
    "Mikulić",
    "Miletić",
    "Milošević",
    "Mitrović",
    "Mišković",
    "Mlinarić",
    "Mustapić",
    "Nikolić",
    "Novak",
    "Novaković",
    "Novosel",
    "Ostojić",
    "Pavelić",
    "Pavić",
    "Pavičić",
    "Pavković",
    "Pavlić",
    "Pavlović",
    "Pejić",
    "Perić",
    "Perković",
    "Petković",
    "Petrić",
    "Petričević",
    "Petrović",
    "Pintarić",
    "Poljak",
    "Popović",
    "Posavec",
    "Pranjić",
    "Puškarić",
    "Radić",
    "Radočaj",
    "Radošević",
    "Rajković",
    "Rendulić",
    "Rukavina",
    "Ružić",
    "Sabljak",
    "Samardžić",
    "Savić",
    "Sekulić",
    "Sertić",
    "Sever",
    "Stanić",
    "Stanković",
    "Starčević",
    "Stipić",
    "Stojanović",
    "Tadić",
    "Tomašević",
    "Tomašić",
    "Tomić",
    "Turkalj",
    "Turković",
    "Valentić",
    "Varga",
    "Vidaković",
    "Vidović",
    "Vinković",
    "Vlahović",
    "Vlašić",
    "Vojnović",
    "Vrdoljak",
    "Vukelić",
    "Vuković",
    "Vučković",
    "Zorić",
    "Ćosić",
    "Đukić",
    "Đurić",
    "Đurđević",
    "Šarić",
    "Šimić",
    "Šimunić",
    "Šimunović",
    "Špoljarić",
    "Štimac",
    "Živković"
  ],
  "telephone_fmt": [
    "+385 1 ### ###",
    "+385 20 ### ###",
    "+385 21 ### ###",
    "+385 22 ### ###",
    "+385 23 ### ###",
    "+385 31 ### ###",
    "+385 32 ### ###",
    "+385 33 ### ###",
    "+385 34 ### ###",
    "+385 35 ### ###",
    "+385 40 ### ###",
    "+385 42 ### ###",
    "+385 43 ### ###",
    "+385 44 ### ###",
    "+385 47 ### ###",
    "+385 48 ### ###",
    "+385 49 ### ###",
    "+385 51 ### ###",
    "+385 60 ### ###",
    "+385 61 ### ###",
    "+385 64 ### ###",
    "+385 65 ### ###",
    "+385 69 ### ###",
    "+385 72 ### ###",
    "+385 74 ### ###",
    "+385 75 ### ###",
    "+385 91 ### ## ##",
    "+385 92 ### ## ##",
    "+385 95 ### ## ##",
    "+385 97 ### ## ##",
    "+385 98 ### ## ##",
    "+385 99 ### ## ##"
  ],
  "title": {
    "female": {
      "academic": [
        "dr. sc.",
        "mag. art.",
        "mag. cin.",
        "mag. cog. sci.",
        "mag. dig. comm.",
        "mag. educ. inf.",
        "mag. educ. math. et inf.",
        "mag. educ. math.",
        "mag. educ. philol. germ.",
        "mag. educ. phys. et math.",
        "mag. educ. phys. et phil.",
        "mag. educ. soc.",
        "mag. educ.phys. et inf.",
        "mag. inf.",
        "mag. ing. comp.",
        "mag. ing. el.",
        "mag. ing. logist.",
        "mag. ing. nav. traff.",
        "mag. ing. petrol.",
        "mag. ing. sec.",
        "mag. ing. techn. aliment.",
        "mag. logoped.",
        "mag. math.",
        "mag. medior.",
        "mag. nutr.",
        "mag. oec.",
        "mag. pharm.",
        "mag. philol. angl.; mag. educ. philol. angl.",
        "mag. philol. croat.",
        "mag. phys. et techn.",
        "mag. phys.",
        "mag. praesc. educ.",
        "mag. prim. educ.",
        "univ. bacc. art.",
        "univ. bacc. cin.",
        "univ. bacc. comm.",
        "univ. bacc. inf.",
        "univ. bacc. ing. aeroing.",
        "univ. bacc. ing. biotechn.",
        "univ. bacc. ing. el. techn. inf.",
        "univ. bacc. ing. energ.",
        "univ. bacc. ing. geod. et geomat.",
        "univ. bacc. ing. mech.",
        "univ. bacc. ing. nav. arch.",
        "univ. bacc. ing. oecoing. et prot. nat.",
        "univ. bacc. ing. techn. aliment.",
        "univ. bacc. math.",
        "univ. bacc. med. techn.",
        "univ. bacc. nutr.",
        "univ. bacc. oec.",
        "univ. bacc. phys.",
        "univ. bacc. rehab. educ.",
        "univ. mag. med. dent.",
        "univ. mag. med. vet.",
        "univ. mag. med.",
        "univ. spec. cons. fam.",
        "univ. spec. oec.",
        "univ. spec. sus."
      ],
      "typical": [
        "Gospodična",
        "Gospođo",
        "Gđa.",
        "Gđica"
      ]
    },
    "male": {
      "academic": [
        "dr. sc.",
        "mag. art.",
        "mag. cin.",
        "mag. cog. sci.",
        "mag. dig. comm.",
        "mag. educ. inf.",
        "mag. educ. math. et inf.",
        "mag. educ. math.",
        "mag. educ. philol. germ.",
        "mag. educ. phys. et math.",
        "mag. educ. phys. et phil.",
        "mag. educ. soc.",
        "mag. educ.phys. et inf.",
        "mag. inf.",
        "mag. ing. comp.",
        "mag. ing. el.",
        "mag. ing. logist.",
        "mag. ing. nav. traff.",
        "mag. ing. petrol.",
        "mag. ing. sec.",
        "mag. ing. techn. aliment.",
        "mag. logoped.",
        "mag. math.",
        "mag. medior.",
        "mag. nutr.",
        "mag. oec.",
        "mag. pharm.",
        "mag. philol. angl.; mag. educ. philol. angl.",
        "mag. philol. croat.",
        "mag. phys. et techn.",
        "mag. phys.",
        "mag. praesc. educ.",
        "mag. prim. educ.",
        "univ. bacc. art.",
        "univ. bacc. cin.",
        "univ. bacc. comm.",
        "univ. bacc. inf.",
        "univ. bacc. ing. aeroing.",
        "univ. bacc. ing. biotechn.",
        "univ. bacc. ing. el. techn. inf.",
        "univ. bacc. ing. energ.",
        "univ. bacc. ing. geod. et geomat.",
        "univ. bacc. ing. mech.",
        "univ. bacc. ing. nav. arch.",
        "univ. bacc. ing. oecoing. et prot. nat.",
        "univ. bacc. ing. techn. aliment.",
        "univ. bacc. math.",
        "univ. bacc. med. techn.",
        "univ. bacc. nutr.",
        "univ. bacc. oec.",
        "univ. bacc. phys.",
        "univ. bacc. rehab. educ.",
        "univ. mag. med. dent.",
        "univ. mag. med. vet.",
        "univ. mag. med.",
        "univ. spec. cons. fam.",
        "univ. spec. oec.",
        "univ. spec. sus."
      ],
      "typical": [
        "G.",
        "Gospodin"
      ]
    }
  },
  "university": [
    "Hrvatsko katoličko sveučilište",
    "Libertas međunarodno sveučilište",
    "Sveučilište Josipa Jurja Strossmayera u Osijeku",
    "Sveučilište Jurja Dobrile u Puli",
    "Sveučilište Sjever",
    "Sveučilište VERN",
    "Sveučilište u Dubrovniku",
    "Sveučilište u Rijeci",
    "Sveučilište u Slavonskom Brodu",
    "Sveučilište u Splitu",
    "Sveučilište u Zadru",
    "Sveučilište u Zagrebu"
  ],
  "views_on": [
    "Jako negativan",
    "Kompromisan",
    "Negativan",
    "Neutralan",
    "Pozitivan"
  ],
  "worldview": [
    "Agnosticizam",
    "Ateizam",
    "Budizam",
    "Islamizam",
    "Judaizam",
    "Katolicizam"
  ]
}
