{
  "alphabet": {
    "lowercase": [
      "a",
      "b",
      "c",
      "d",
      "dž",
      "e",
      "f",
      "g",
      "h",
      "i",
      "j",
      "k",
      "l",
      "lj",
      "m",
      "n",
      "nj",
      "o",
      "p",
      "r",
      "s",
      "t",
      "u",
      "v",
      "z",
      "ć",
      "č",
      "đ",
      "š",
      "ž"
    ],
    "uppercase": [
      "A",
      "B",
      "C",
      "D",
      "DŽ",
      "E",
      "F",
      "G",
      "H",
      "I",
      "J",
      "K",
      "L",
      "LJ",
      "M",
      "N",
      "NJ",
      "O",
      "P",
      "R",
      "S",
      "T",
      "U",
      "V",
      "Z",
      "Ć",
      "Č",
      "Đ",
      "Š",
      "Ž"
    ]
  },
  "answers": [
    "Da",
    "Možda",
    "Ne"
  ],
  "color": [
    "Bijela",
    "Bordo",
    "Crna",
    "Crvena",
    "Kaki",
    "Koraljna",
    "Krem",
    "Ljubičasta",
    "Magenta",
    "Maslinasta",
    "Narančasta",
    "Plava",
    "Roza",
    "Siva",
    "Smeđa",
    "Turkizna",
    "Zelena",
    "Žuta"
  ],
  "level": [
    "ekstremni",
    "jako visok",
    "kritičan",
    "niski",
    "srednji",
    "visok"
  ],
  "questions": [
    "Gdje si bio?",
    "Imaš li brige?",
    "Imaš li najdražu uspomenu iz djetinjstva?",
    "Imaš li neke ciljeve?",
    "Imaš li neke hobije?",
    "Imaš li neki problem?",
    "Imaš li nekih dilema?",
    "Imaš li omiljeni broj?",
    "Imaš li omiljeni festival?",
    "Imaš li omiljeni film?",
    "Imaš li omiljeni grad?",
    "Imaš li omiljeni restoran za kavu?",
    "Imaš li omiljeni restoran?",
    "Imaš li omiljenu knjigu?",
    "Imaš li omiljenu pjesmu za opuštanje?",
    "Imaš li omiljenu pjesmu?",
    "Imaš li omiljenu rutinu?",
    "Imaš li planove za budućnost?",
    "Imaš li planove?",
    "Imaš li želja?",
    "Jesi li dobro?",
    "Jesi li imao/la produktivan dan?",
    "Jesi li imao/la zanimljiv san nedavno?",
    "Jesi li isprobao/la neki novi recept?",
    "Jesi li isprobao/la novu aktivnost?",
    "Jesi li išao/la na koncert?",
    "Jesi li nešto novo naučio/la o sebi?",
    "Jesi li nešto otkrio?",
    "Jesi li odlučio/la nešto novo?",
    "Jesi li osjetio stres?",
    "Jesi li otkrio/la neki novi hobi?",
    "Jesi li otkrio/la neki novi talent u sebi?",
    "Jesi li otkrio/la neku novu aplikaciju?",
    "Jesi li otkrio/la neku novu glazbu?",
    "Jesi li otkrio/la neku novu vještinu?",
    "Jesi li otkrio/la novi talent?",
    "Jesi li otkrio/la novu seriju?",
    "Jesi li planirao/la buduće putovanje?",
    "Jesi li planirao/la putovanje?",
    "Jesi li plesao/la nedavno?",
    "Jesi li posjetio/la muzej nedavno?",
    "Jesi li posjetio/la neku novu zemlju?",
    "Jesi li probao novo jelo?",
    "Jesi li probao/la neki novi sport?",
    "Jesi li probao/la neku novu aktivnost?",
    "Jesi li probao/la novi restoran?",
    "Jesi li putovala/putovao izvan zemlje?",
    "Jesi li putovao?",
    "Jesi li se bavio/bavila hobijem nedavno?",
    "Jesi li se bavio/bavila planinarenjem?",
    "Jesi li se bavio/bavila sportom u zadnje vrijeme?",
    "Jesi li se bavio/bavila umjetnošću nedavno?",
    "Jesi li se opustio?",
    "Jesi li se smijao danas?",
    "Jesi li sebi postavio/la neki cilj za ovu godinu?",
    "Jesi li sretan?",
    "Jesi li sudjelovao/la u nekom događaju?",
    "Jesi li upoznao nove ljude?",
    "Jesi li upoznao/la nekoga inspirativnog?",
    "Jesi li upoznao/la neku poznatu osobu?",
    "Jesi li učio nešto novo?",
    "Jesi li zadovoljan?",
    "Kako bi opisao/la svoj stil?",
    "Kako ide obitelj?",
    "Kako ide posao?",
    "Kako je prošao dan?",
    "Kako planiraš provesti večer?",
    "Kako provodiš vrijeme?",
    "Kako se nosiš s emocionalnim izazovima?",
    "Kako se nosiš s emocionalnim izazovima?",
    "Kako se nosiš s izazovima?",
    "Kako se nosiš s kreativnom blokadom?",
    "Kako se nosiš s lošim vremenom?",
    "Kako se nosiš s neizvjesnošću?",
    "Kako se nosiš s niskim raspoloženjem?",
    "Kako se nosiš s pritiskom?",
    "Kako se nosiš s promjenama u životu?",
    "Kako se nosiš s promjenama?",
    "Kako se nosiš s rješavanjem problema?",
    "Kako se nosiš s stresom?",
    "Kako se nosiš s teškim situacijama?",
    "Kako se nosiš s usamljenošću?",
    "Kako se osjećaš danas?",
    "Kako se osjećaš?",
    "Kako se ponašaš u situacijama konflikta?",
    "Kako se snalaziš u prometnim gužvama?",
    "Kako se zabavljaš kad si sam/sama?",
    "Kako si došao/la do svog cilja?",
    "Kako si provela/ proveo vikend?",
    "Kako si proveo vikend?",
    "Kako si prošao?",
    "Kako si se opustio/la danas?",
    "Kako si se povezao/la s nekim?",
    "Kako si spavao?",
    "Kako si?",
    "Koja je tvoja omiljena aktivnost na otvorenom?",
    "Koja je tvoja omiljena stvarnost?",
    "Koje je tvoje omiljeno godišnje doba?",
    "Koje je tvoje omiljeno jelo za večeru?",
    "Koje te vijesti zadnjih dana najviše zainteresirale?",
    "Koje ti je osvježenje u teškim trenucima?",
    "Koji je tvoj omiljeni film svih vremena?",
    "Koji je tvoj omiljeni hobi?",
    "Koji je tvoj omiljeni instrument?",
    "Koji je tvoj omiljeni način opuštanja?",
    "Koji je tvoj omiljeni način pisanja?",
    "Koji je tvoj omiljeni način učenja?",
    "Koji je tvoj omiljeni način vježbanja?",
    "Koji je tvoj omiljeni oblik umjetnosti?",
    "Koji je tvoj omiljeni oblik vježbanja?",
    "Koji je tvoj omiljeni sport?",
    "Koji je tvoj omiljeni životinjski zvuk?",
    "Koliko često ideš u prirodu?",
    "Što bi volio/la naučiti o nečemu novom?",
    "Što bi volio/la promijeniti kod sebe?",
    "Što bi volio/la promijeniti u svijetu?",
    "Što ima novo?",
    "Što misliš o budućnosti?",
    "Što misliš o meditaciji?",
    "Što misliš o radu od kuće?",
    "Što misliš o tehnologiji?",
    "Što misliš o volontiranju?",
    "Što misliš o volontiranju?",
    "Što misliš?",
    "Što planiraš?",
    "Što radiš?",
    "Što si dobro napravio danas?",
    "Što si gledao?",
    "Što si jeo?",
    "Što si naučio jučer?",
    "Što si posljednje kupio/la?",
    "Što si radio/la za vikend?",
    "Što si sanjao?",
    "Što si zadnje čitao/la?",
    "Što si čitao?",
    "Što te frustrira?",
    "Što te inspirira?",
    "Što te motivira da nastaviš rasti?",
    "Što te motivira da naučiš nešto novo?",
    "Što te motivira da ostaneš pozitivan/na?",
    "Što te motivira da se nastaviš obrazovati?",
    "Što te motivira da ustaneš svako jutro?",
    "Što te motivira ujutro?",
    "Što te motivira?",
    "Što te muči?",
    "Što te nadahnjuje?",
    "Što te veseli kod novih iskustava?",
    "Što te veseli u životu?",
    "Što te veseli?",
    "Što te zanima u životu?",
    "Što te zanima?",
    "Što te čini ponosnim?",
    "Što te čini tužnim?",
    "Što ti je najdraže mjesto za odmor?",
    "Što ti je najdraži način provođenja vremena sa prijateljima?",
    "Što ti je najdraži obrok u danu?",
    "Što ti je najvažnije u vezi s poslom?",
    "Što ti je najvažnije u životu?",
    "Što ti nedostaje?",
    "Što ti pomaže da ostaneš fokusiran/na?",
    "Što ti pomaže da se opustiš?",
    "Što ti znače blagdani?",
    "Što voliš raditi?"
  ],
  "quotes": [
    "Bez promjene nema rasta.",
    "Iskoristi dan najbolje što možeš.",
    "Najbolje je tek pred nama.",
    "Najveći izazov je sam sebi biti bolji.",
    "Ne odustaj od svojih snova.",
    "Ne živite život drugih, živite svoj život.",
    "Nema uspjeha bez rizika.",
    "Neuspjeh je samo korak bliže uspjehu.",
    "Neuspjeh je samo prilika da počnete ispočetka, ovaj put pametnije.",
    "Odlučnost otvara mnoga vrata.",
    "Otpornost je ključ prema naprijed.",
    "Postavi ciljeve i ostvari ih.",
    "Pravo bogatstvo je u dobrim odnosima.",
    "Promjena je jedina stalnica u životu.",
    "Radom se dolazi do cilja.",
    "Snaga leži u zajedništvu.",
    "Snaga ne dolazi od onoga što možete, već od onoga što mislite da možete.",
    "Sreća je u malim stvarima.",
    "Sreća je u trenucima radosti.",
    "Sreća nije krajnji cilj, već način života.",
    "Strpljenje je ključ uspjeha.",
    "Strpljenje je vrlina.",
    "Svaka greška je prilika za učenje.",
    "Svaki dan je nova prilika za napredak.",
    "Svaki dan je prilika za novi početak.",
    "Svaki dan je prilika za zahvalnost.",
    "Svaki problem ima rješenje.",
    "Usmjerenost je ključ postignuća.",
    "Uspjeh je plod upornosti.",
    "Uspjeh je rezultat pripreme, rada i učenja na greškama.",
    "Uči iz prošlosti, živi u sadašnjosti.",
    "Učini svaki dan posebnim.",
    "Vjera u sebe pokreće svijet.",
    "Vjeruj u moć svojih snova.",
    "Vjeruj u sebe i sve je moguće.",
    "Vjeruj u svoje snove i slijedi ih.",
    "Vrijeme je najvrijednije što imamo.",
    "Život je ono što od njega napravite.",
    "Život je putovanje, ne odredište.",
    "Život nije čekati da prođe oluja, već naučiti plesati na kiši."
  ],
  "text": [
    "1989. godine zgrada je teško oštećena požarom, ali od tada je obnovljena.",
    "Argumenti mogu biti primitivni tipovi podataka ili složeni tipovi podataka.",
    "Atomi mogu sadržavati bilo koji znak ako su zatvoreni unutar jednostrukih navodnika, a postoji konvencija za izbjegavanje korištenja bilo kojeg znaka unutar atoma.",
    "Atomi se koriste unutar programa kako bi označili posebne vrijednosti.",
    "Bilo koji element tulipana može se pristupiti u konstantnom vremenu.",
    "Dolaziš li često ovdje?",
    "Erlang je općeniti, konkurentni, funkcionalni programski jezik.",
    "Erlang je poznat po dizajnima koji su dobro prilagođeni sustavima.",
    "Galaktičko Carstvo bliži se dovršetku Zvjezdane smrti, svemirskog broda s moći da uništi cijele planete.",
    "Gdje su moje hlače?",
    "Glavna implementacija je Glasgow Haskell Compiler.",
    "Haskell je standardizirani, općenito funkcionalni programski jezik s čistom funkcionalnom paradigmom, koji koristi nemilosrdnu semantiku i snažno statičko tipiziranje.",
    "Haskell sadrži sustav tipova s inferencijom tipova i lijenom evaluacijom.",
    "Imate li ideju zašto ovo ne radi?",
    "Klase tipova prvi put su se pojavile u programskom jeziku Haskell.",
    "Na početku je komponirao lagane i neozbiljne radove, ali je također pisao ozbiljna, mračna i religiozna djela počevši od 1930-ih.",
    "Napravi mi sendvič.",
    "Njena je rana mladost provela čitajući klasičnu književnost i pišući poeziju.",
    "Oni se pišu kao nizovi uzastopnih alfanumeričkih znakova, pri čemu je prvi znak malim slovom.",
    "Portovi se koriste za komunikaciju s vanjskim svijetom.",
    "Portovi se stvaraju pomoću ugrađene funkcije open_port.",
    "Poruke se mogu slati i primati iz portova, ali te poruke moraju slijediti tzv. \"protokol porta.\"",
    "Sekvencijalni podskup Erlanga podržava revnu evaluaciju, jednostruku dodjelu i dinamičko tipiziranje.",
    "Sintaksa {D1,D2,...,Dn} označava tulipan čiji su argumenti D1, D2, ... Dn.",
    "Također je sustav s automatskim upravljanjem memorijom.",
    "Tulipani su spremnici za fiksni broj Erlangovih tipova podataka.",
    "Zainteresirano je pogledao svoju tipkovnicu i napisao još jednu rečenicu.",
    "Čak me nije ni briga."
  ],
  "words": [
    "a",
    "ako",
    "akord",
    "alat",
    "ali",
    "atom",
    "automobil",
    "avion",
    "bacati",
    "banka",
    "bar",
    "baza",
    "beba",
    "bend",
    "besplatno",
    "bi",
    "bijela",
    "bili su",
    "bilješka",
    "biljka",
    "bilo koji",
    "bio",
    "biti",
    "blizu",
    "blokirati",
    "bogata",
    "boja",
    "bojati",
    "bolje",
    "borba",
    "born",
    "brat",
    "brati",
    "briga",
    "brod",
    "broj",
    "brzina",
    "brzo",
    "budući",
    "buka",
    "centar",
    "cesta",
    "cifra",
    "cijeli",
    "cijev",
    "cipela",
    "crn",
    "crtanje",
    "crvena",
    "cvijet",
    "da",
    "da li",
    "daju",
    "daleka",
    "daleko",
    "dama",
    "dan",
    "dao",
    "debela",
    "decimale",
    "deset",
    "devet",
    "dijete",
    "dio",
    "divlja",
    "dizajn",
    "djeca",
    "djevojka",
    "dječak",
    "dno",
    "do",
    "dobio",
    "dobiti",
    "dobro",
    "dodajte",
    "događaj",
    "dogoditi se",
    "dokazati",
    "dolar",
    "dolaze",
    "dolina",
    "domet",
    "donijeti",
    "donio",
    "dopustiti",
    "dostići",
    "dovelo",
    "dovesti",
    "dovoljno",
    "došao",
    "draga",
    "drago",
    "drugi",
    "drugo",
    "drva",
    "držati",
    "duboko",
    "dug",
    "dućan",
    "dužina",
    "dva",
    "dvadesetak",
    "dvorište",
    "dvostruka",
    "eksperiment",
    "električna",
    "element",
    "energije",
    "farma",
    "fer",
    "finiš",
    "fino",
    "fraza",
    "funta",
    "ga",
    "gdje",
    "glagol",
    "glas",
    "glasno",
    "glava",
    "glavni",
    "glazba",
    "gledati",
    "godine",
    "gomila",
    "govor",
    "govorio",
    "govoriti",
    "grad",
    "graditi",
    "grafikon",
    "grana",
    "gume",
    "guranje",
    "gužvanja",
    "haljina",
    "hill",
    "hit",
    "hladnoće",
    "hodati",
    "hoće",
    "hrana",
    "hrane",
    "hunt",
    "i",
    "iako",
    "ideja",
    "igra",
    "igrati",
    "ih",
    "ikad",
    "ili",
    "ima",
    "imala",
    "imati",
    "imenica",
    "industriju",
    "insekata",
    "instant",
    "instrument",
    "interes",
    "isključen",
    "iskustvo",
    "ispis",
    "ispustiti",
    "isti",
    "istočno",
    "iz",
    "iza",
    "izgleda",
    "izgubljen",
    "izjednačiti",
    "između",
    "izmišljati",
    "iznad",
    "iznenađenje",
    "izvorna",
    "ići",
    "ja",
    "jabuka",
    "jaje",
    "jak",
    "jasno",
    "je",
    "jedan",
    "jedinica",
    "jednaka",
    "jednom",
    "jednostavan",
    "jedro",
    "jesti",
    "jezero",
    "jezik",
    "još",
    "još uvijek",
    "ju",
    "jug",
    "jutro",
    "kada",
    "kako",
    "kako bi",
    "kamena",
    "kamion",
    "kamp",
    "kao",
    "kao što",
    "kapetan",
    "kapitala",
    "kaput",
    "karakter",
    "karta",
    "kartice",
    "kasno",
    "kat",
    "kažu",
    "kisika",
    "kiša",
    "klada",
    "klasa",
    "ključ",
    "knjiga",
    "koji",
    "kolodvor",
    "kolonija",
    "komad",
    "konačni",
    "konj",
    "konkretno",
    "konop",
    "kontinent",
    "kontrola",
    "kopija",
    "korak",
    "korijen",
    "koristiti",
    "kosa",
    "kosti",
    "kotača",
    "koža",
    "kraj",
    "kralj",
    "krava",
    "krevet",
    "krik",
    "krilo",
    "križ",
    "kroz",
    "krug",
    "kruh",
    "krv",
    "kuharica",
    "kukuruz",
    "kupanje",
    "kupi",
    "kupio",
    "kutak",
    "kutija",
    "kuća",
    "kvocijent",
    "laž",
    "led",
    "letjeti",
    "ležao",
    "lice",
    "lift",
    "liječnik",
    "linija",
    "list",
    "ljepota",
    "ljeto",
    "ljudi",
    "ljudsko",
    "ljutnja",
    "locirati",
    "lopta",
    "loše",
    "luka",
    "magnet",
    "majka",
    "majstor",
    "maleni",
    "mali",
    "malo",
    "manje",
    "mark",
    "masa",
    "masti",
    "materijal",
    "mačka",
    "mekan",
    "melodija",
    "meso",
    "metala",
    "među",
    "milijuna",
    "milja",
    "minuta",
    "miris",
    "mislim",
    "mislio",
    "mix",
    "mjeri",
    "mjesec",
    "mjesto",
    "mladi",
    "mlijeko",
    "mnogi",
    "mnogo",
    "množini",
    "množite",
    "moderni",
    "mogla",
    "moguće",
    "moj",
    "molekula",
    "molim",
    "mora",
    "more",
    "motor",
    "možda",
    "može",
    "mrak",
    "mrtvih",
    "muškarci",
    "na",
    "nacija",
    "nadam",
    "nagli",
    "najbolje",
    "najmanji",
    "naklonost",
    "nakon",
    "napisano",
    "naplatiti",
    "napraviti",
    "napravljen",
    "naprijed",
    "napustio",
    "nas",
    "naseliti",
    "nastaniti",
    "nastaviti",
    "nasuprot",
    "natrag",
    "naziv",
    "naznačiti",
    "naći",
    "način",
    "nađen",
    "naša",
    "ne",
    "nebo",
    "neki",
    "nekoliko",
    "nemoj",
    "neophodan",
    "neposredan",
    "neprijatelj",
    "nevolja",
    "neće",
    "nikad",
    "niska",
    "niti",
    "niz",
    "ništa",
    "njegov",
    "nježan",
    "noga",
    "noge",
    "nos",
    "nose",
    "nosite",
    "nova",
    "novac",
    "noć",
    "obala",
    "obavijest",
    "obitelj",
    "obični",
    "objekt",
    "oblak",
    "oblik",
    "oboje",
    "obrazac",
    "ocean",
    "od",
    "od strane",
    "odaberite",
    "odgovor",
    "odgovori",
    "odijelo",
    "odijevate",
    "odlučite",
    "održana",
    "oduzmite",
    "ogroman",
    "oh",
    "oko",
    "okrugli",
    "okupljaju",
    "on",
    "ona",
    "oni",
    "onima",
    "opasnost",
    "opet",
    "opisati",
    "opskrba",
    "opći",
    "orgulje",
    "osam",
    "osim",
    "osjećaj",
    "osjećao",
    "osjećati",
    "osmijeh",
    "osnovna",
    "osoba",
    "ostatak",
    "ostati",
    "ostavite",
    "otac",
    "otišao",
    "otišli",
    "otok",
    "otopina",
    "otvoren",
    "ovdje",
    "ovise",
    "ovo",
    "očekujemo",
    "očiju",
    "oštar",
    "palac",
    "pamuk",
    "pao",
    "papir",
    "par",
    "para",
    "pas",
    "pasti",
    "patka",
    "pauza",
    "peglanje",
    "pet",
    "pijesak",
    "pila",
    "pilić",
    "pisao",
    "pisati",
    "pismo",
    "pitaj",
    "pitam",
    "pitanje",
    "pitch",
    "piće",
    "pjesma",
    "pjevati",
    "plan",
    "planet",
    "planina",
    "platiti",
    "plava",
    "ples",
    "plin",
    "pobijediti",
    "pobjeda",
    "pod",
    "podijeli",
    "podizanje",
    "podjela",
    "podne",
    "područje",
    "podrška",
    "pogađati",
    "pogled",
    "pogon",
    "pogotovo",
    "pogrešno",
    "pojam",
    "pojaviti",
    "pojedinačni",
    "poklopac",
    "pola",
    "polje",
    "položaj",
    "pomoći",
    "ponoviti",
    "ponuda",
    "popis",
    "popuniti",
    "poredak",
    "posao",
    "poseban",
    "posjet",
    "poslao",
    "poslati",
    "poslije",
    "posljedica",
    "posljednji",
    "postići",
    "posto",
    "postoji",
    "potez",
    "potok",
    "potpun",
    "potrajati",
    "potrebno",
    "potrošiti",
    "poučavati",
    "povezivanje",
    "povijest",
    "povik",
    "površina",
    "povući",
    "poza",
    "poziv",
    "poznati",
    "počelo",
    "početak",
    "početna",
    "pošteda",
    "požuriti",
    "praksa",
    "pranje",
    "pravi",
    "pravilo",
    "pravo",
    "predložiti",
    "prednji",
    "predstavljaju",
    "predvidjeti",
    "prema",
    "prema dolje",
    "pretraživanje",
    "previše",
    "pridruže",
    "prijatelj",
    "prije",
    "prijedlog",
    "prikljucak",
    "prikupiti",
    "prilično",
    "primjer",
    "pripremi",
    "priroda",
    "prirodni",
    "pristajati",
    "prisutna",
    "pritisnite",
    "prizor",
    "priča",
    "probati",
    "problem",
    "proces",
    "prodajemo",
    "proizvesti",
    "proizvod",
    "proljeće",
    "promatrati",
    "promjena",
    "propustiti",
    "prostor",
    "protiv",
    "protok",
    "provjeriti",
    "prozor",
    "proći",
    "pročitati",
    "prošlost",
    "prst",
    "prsten",
    "prvi",
    "ptica",
    "puna",
    "puno",
    "pustinja",
    "pustiti",
    "put",
    "putovanje",
    "puška",
    "quick",
    "rad",
    "radi",
    "radije",
    "radio",
    "raditi",
    "radost",
    "ramena",
    "ran",
    "rano",
    "raspravljati",
    "rastao",
    "rasti",
    "rat",
    "ravno",
    "razbio",
    "razdoblje",
    "razgovor",
    "razina",
    "razlikuju",
    "razlog",
    "razlomak",
    "razmjera",
    "razmotriti",
    "razviti",
    "računati",
    "real",
    "red",
    "regija",
    "rekao",
    "rekao je",
    "rekord",
    "rep",
    "rez",
    "rezultat",
    "reći",
    "rečenica",
    "riba",
    "rijeka",
    "riječ",
    "riješiti",
    "rječnik",
    "rob",
    "roditelj",
    "rub",
    "rudnik",
    "ruka",
    "run",
    "rupa",
    "ruža",
    "s",
    "sada",
    "sadrže",
    "samo",
    "samoglasnik",
    "samouprave",
    "sanjati",
    "sasvim",
    "sat",
    "sedam",
    "segment",
    "selo",
    "sestra",
    "sezona",
    "shell",
    "show",
    "siguran",
    "sigurni",
    "sigurno",
    "sila",
    "simbol",
    "sin",
    "siromašnih",
    "sistem",
    "siv",
    "sjaj",
    "sjediti",
    "sjedište",
    "sjeme",
    "sjeverno",
    "skočiti",
    "skup",
    "skupina",
    "slažete",
    "slijediti",
    "slika",
    "slikati",
    "slip",
    "sličan",
    "sljedeći",
    "slog",
    "slučaj",
    "slušaj",
    "služe",
    "smeđa",
    "smijati",
    "smo",
    "smrt",
    "snaga",
    "snijeg",
    "snositi",
    "soba",
    "sol",
    "spali",
    "spasiti",
    "spavanje",
    "spor",
    "spremni",
    "srce",
    "srebro",
    "srednji",
    "sretna",
    "stablo",
    "stajao",
    "stajati",
    "staklo",
    "stan",
    "stanica",
    "stanje",
    "stari",
    "starost",
    "stavak",
    "staviti",
    "staza",
    "stead",
    "stepen",
    "stijena",
    "stići",
    "sto",
    "stol",
    "stolica",
    "stoljeća",
    "stopala",
    "strah",
    "strana",
    "stranica",
    "stranka",
    "stretch",
    "student",
    "studija",
    "stupac",
    "stvar",
    "stvoriti",
    "su",
    "subjekt",
    "sufiks",
    "suglasnika",
    "suhi",
    "sunce",
    "super",
    "susjed",
    "susret",
    "svaka",
    "svaki",
    "svi",
    "svibanj",
    "svijet",
    "svijetle",
    "svitak",
    "svjetlo",
    "svjež",
    "svježi",
    "svoje",
    "svojstvo",
    "tako",
    "također",
    "tanak",
    "tata",
    "tekući",
    "tekućina",
    "temperatura",
    "test",
    "tečaj",
    "teško",
    "težina",
    "tihi",
    "tiho",
    "tijelo",
    "tim",
    "tip",
    "tisuća",
    "tjedan",
    "tlo",
    "to",
    "ton",
    "topline",
    "toplo",
    "touch",
    "točka",
    "točne",
    "točno",
    "trava",
    "trebale",
    "trenutak",
    "treći",
    "trg",
    "trgovina",
    "tri",
    "trljati",
    "trokut",
    "trošak",
    "tržište",
    "tvar",
    "tvrdnja",
    "tvrtka",
    "u",
    "u blizini",
    "u mogućnosti",
    "ubiti",
    "ublažavanje",
    "udarac",
    "udio",
    "uho",
    "uhvaćen",
    "uključuju",
    "ukratko",
    "ukupan",
    "ulica",
    "ulje",
    "ulov",
    "um",
    "umjetnost",
    "umrijeti",
    "uobičajena",
    "upoznajte",
    "upravo",
    "ured",
    "urediti",
    "uređaj",
    "usamljeni",
    "usjev",
    "uskoro",
    "uspjeh",
    "uspon",
    "usporedbu",
    "usta",
    "utrka",
    "utvrdilo",
    "uvijek",
    "uzbuditi",
    "uzeo",
    "uzorak",
    "uzrok",
    "ući",
    "učinio",
    "učinjeno",
    "učiti",
    "val",
    "vatra",
    "vaš",
    "veliki",
    "veličanstven",
    "veličina",
    "vezati",
    "većina",
    "večer",
    "vidjeti",
    "visok",
    "visoka",
    "više",
    "vjerojatno",
    "vjerujem",
    "vjetar",
    "vještina",
    "vježba",
    "vladati",
    "vlak",
    "vlastita",
    "voda",
    "voditi",
    "vojnik",
    "volim",
    "voće",
    "vožnja",
    "vrat",
    "vrata",
    "vremenska prognoza",
    "vrh",
    "vrijednost",
    "vrijeme",
    "vrlo",
    "vrsta",
    "vrt",
    "vruće",
    "za",
    "zabava",
    "zadržao",
    "zadržati",
    "zahtijevati",
    "zahvaljujem",
    "zajednički",
    "zajedno",
    "zakon",
    "zamislite",
    "zapadno",
    "zapamtite",
    "zaseban",
    "zatim",
    "zaustaviti",
    "zauzet",
    "zaštititi",
    "zašto",
    "zelena",
    "zemlja",
    "zemljište",
    "zid",
    "zima",
    "zlato",
    "znak",
    "znam",
    "znanost",
    "znao",
    "znači",
    "značio",
    "zrak",
    "zubi",
    "zvijezda",
    "zvono",
    "zvuk",
    "čarolija",
    "čekati",
    "čelik",
    "često",
    "četiri",
    "čije",
    "čin",
    "čini se",
    "činjenica",
    "čist",
    "čovjek",
    "čudno",
    "čuju",
    "čula",
    "šanse",
    "šest",
    "šećer",
    "šešir",
    "širenje",
    "širok",
    "široka",
    "šišmiš",
    "škola",
    "štap",
    "što",
    "šuma",
    "želite",
    "željeti",
    "željeznicom",
    "željezo",
    "žena",
    "žene",
    "žica",
    "živjeti",
    "život",
    "životinja",
    "žuta"
  ]
}
