{
  "banks": [
    "بنك الكويت الوطني (NBK)",
    "بنك الخليج",
    "بيت التمويل الكويتي (KFH)",
    "بنك برقان",
    "البنك التجاري الكويتي",
    "البنك الأهلي الكويتي (ABK)",
    "بنك الكويت الدولي (KIB)",
    "بنك وربة",
    "البنك الصناعي الكويتي",
    "البنك الأهلي المتحد",
    "بنك HSBC الكويت",
    "سيتي بنك الكويت"
  ],
   "company": {
    "name": [

    "مجموعة صناعات الغانم",
    "شركة زين للاتصالات",
    "شركة الوطنية للاتصالات (Ooredoo)",
    "شركة الكويتية للاستثمار",
    "شركة المباني",
    "شركة القرين لصناعة الكيماويات البترولية",
    "شركة البترول الوطنية الكويتية",
    "شركة الكويت للتأمين",
    "شركة مجموعة كيبكو (KIPCO)",
    "شركة الوطنية العقارية",
    "شركة أجوان الخليج العقارية",
    "شركة الساير القابضة",
    "شركة نقل وتجارة المواشي",
    "شركة عقارات الكويت",
    "شركة المركز المالي الكويتي (المركز)",
    "شركة صناعات الكيماويات البترولية",
    "شركة أجيليتي للمخازن العمومية",
    "شركة المشاريع المتحدة للخدمات الجوية (يوباك)",
    "شركة الخليج للكابلات والصناعات الكهربائية",
    "شركة الوطنية للطيران"
    ],
    "type": {
      "abbr": [
        "شركة ذات مسؤولية محدودة",
        "شركة مساهمة عامة",
        "شركة مساهمة مقفلة",
        "شركة تضامنية",
        "شركة توصية بسيطة",
        "شركة فردية",
        "شركة أجنبية",
        "شركة مختلطة",
        "شركة قابضة",
        "شركة محاصة"
      ],
      "title": [
        "شركة ذات مسؤولية محدودة",
        "شركة مساهمة عامة",
        "شركة مساهمة مقفلة",
        "شركة تضامنية",
        "شركة توصية بسيطة",
        "شركة فردية",
        "شركة أجنبية",
        "شركة مختلطة",
        "شركة قابضة",
        "شركة محاصة"
      ]
    }
  },
  "currency-code": "KWD"
}
