{
  "alphabet": {
    "lowercase": [
      "a",
      "b",
      "c",
      "d",
      "e",
      "f",
      "g",
      "h",
      "i",
      "j",
      "k",
      "l",
      "m",
      "n",
      "o",
      "p",
      "q",
      "r",
      "s",
      "t",
      "u",
      "v",
      "w",
      "x",
      "y",
      "z",
      "å",
      "æ",
      "ø"
    ],
    "uppercase": [
      "A",
      "B",
      "C",
      "D",
      "E",
      "F",
      "G",
      "H",
      "I",
      "J",
      "K",
      "L",
      "M",
      "N",
      "O",
      "P",
      "Q",
      "R",
      "S",
      "T",
      "U",
      "V",
      "W",
      "X",
      "Y",
      "Z",
      "Å",
      "Æ",
      "Ø"
    ]
  },
  "answers": [
    "Ingen",
    "Ja",
    "Måske"
  ],
  "color": [
    "blå",
    "brun",
    "grå",
    "grøn",
    "gul",
    "hvid",
    "lilla",
    "lyserød",
    "orange",
    "rød",
    "sort"
  ],
  "level": [
    "ekstrem",
    "høj",
    "kritisk",
    "lav",
    "meget høj",
    "moderat"
  ],
  "quotes": [
    "Test"
  ],
  "text": [
    "Test"
  ],
  "words": [
    "a",
    "absolut",
    "ad",
    "adam",
    "adgang",
    "advokat",
    "af",
    "afsted",
    "aftale",
    "aften",
    "aftenen",
    "aftes",
    "agent",
    "ah",
    "al",
    "alan",
    "alder",
    "aldrig",
    "alene",
    "alex",
    "all",
    "alle",
    "allerede",
    "allesammen",
    "alligevel",
    "alt",
    "altid",
    "alting",
    "altså",
    "alvorligt",
    "amerika",
    "amerikansk",
    "amerikanske",
    "amy",
    "an",
    "and",
    "anden",
    "anderledes",
    "andet",
    "andre",
    "andy",
    "aner",
    "angreb",
    "anholdt",
    "anna",
    "ansigt",
    "ansigtet",
    "ansvar",
    "ar",
    "arbejde",
    "arbejdede",
    "arbejder",
    "arbejdet",
    "are",
    "arm",
    "arthur",
    "at",
    "av",
    "b",
    "baby",
    "bad",
    "bag",
    "bagefter",
    "bagved",
    "ballade",
    "bande",
    "banen",
    "bange",
    "bank",
    "banken",
    "banker",
    "bar",
    "bare",
    "barn",
    "barnet",
    "be",
    "bed",
    "bede",
    "beder",
    "bedre",
    "bedst",
    "bedste",
    "bedstefar",
    "bedstemor",
    "bedt",
    "begge",
    "begynd",
    "begynde",
    "begyndelsen",
    "begynder",
    "begyndt",
    "begyndte",
    "behold",
    "beholde",
    "behøver",
    "beklager",
    "bekymre",
    "bekymrer",
    "bekymret",
    "ben",
    "benene",
    "besked",
    "beskytte",
    "beslutning",
    "besluttet",
    "bestemmer",
    "bestemt",
    "besøg",
    "besøge",
    "betale",
    "betaler",
    "betalt",
    "betalte",
    "betjent",
    "betyder",
    "bevis",
    "bevise",
    "beviser",
    "bevæger",
    "big",
    "bil",
    "bilen",
    "biler",
    "bill",
    "billede",
    "billeder",
    "billedet",
    "billy",
    "blandt",
    "blev",
    "blevet",
    "blind",
    "bliv",
    "blive",
    "bliver",
    "blod",
    "blomster",
    "blot",
    "blå",
    "bo",
    "bob",
    "bobby",
    "boede",
    "bog",
    "bogen",
    "bolden",
    "bombe",
    "bond",
    "bor",
    "bord",
    "bordet",
    "bort",
    "bortset",
    "boss",
    "brev",
    "brian",
    "bringe",
    "bringer",
    "broder",
    "broen",
    "bror",
    "brug",
    "bruge",
    "bruger",
    "brugt",
    "brugte",
    "bryde",
    "bryder",
    "bryllup",
    "brænde",
    "brænder",
    "brød",
    "brødre",
    "bud",
    "bukser",
    "bukserne",
    "burde",
    "bussen",
    "by",
    "byen",
    "bygge",
    "bygget",
    "bygningen",
    "båd",
    "både",
    "båden",
    "bånd",
    "bære",
    "bærer",
    "bøger",
    "bør",
    "børn",
    "børnene",
    "bøsse",
    "c",
    "can",
    "carl",
    "carter",
    "chance",
    "chancen",
    "charles",
    "charlie",
    "check",
    "chef",
    "chefen",
    "chicago",
    "chris",
    "cirka",
    "city",
    "claire",
    "college",
    "cool",
    "d",
    "da",
    "dag",
    "dage",
    "dagen",
    "dame",
    "damer",
    "dan",
    "daniel",
    "danny",
    "dans",
    "danse",
    "danser",
    "date",
    "datter",
    "dave",
    "david",
    "davs",
    "de",
    "dejlig",
    "dejligt",
    "del",
    "dele",
    "deler",
    "dem",
    "den",
    "dengang",
    "denne",
    "dens",
    "der",
    "derefter",
    "deres",
    "derfor",
    "derfra",
    "derhen",
    "derhjemme",
    "derind",
    "derinde",
    "dernede",
    "deroppe",
    "derover",
    "derovre",
    "derude",
    "desuden",
    "desværre",
    "det",
    "dette",
    "dig",
    "din",
    "dine",
    "direkte",
    "disse",
    "dit",
    "do",
    "dobbelt",
    "doc",
    "dog",
    "doktor",
    "dollar",
    "dollars",
    "dommer",
    "don",
    "dr",
    "drejer",
    "dreng",
    "drenge",
    "drengen",
    "drengene",
    "drik",
    "drikke",
    "drikker",
    "drink",
    "dronning",
    "drop",
    "dræb",
    "dræbe",
    "dræber",
    "dræbt",
    "dræbte",
    "drøm",
    "drømme",
    "du",
    "dukker",
    "dum",
    "dumme",
    "dumt",
    "dybt",
    "dygtig",
    "dyr",
    "dårlig",
    "dårlige",
    "dårligt",
    "dæk",
    "dække",
    "dér",
    "dét",
    "dø",
    "død",
    "døde",
    "døden",
    "dør",
    "døren",
    "e",
    "ed",
    "eddie",
    "efter",
    "efterlade",
    "efterlod",
    "eftermiddag",
    "egen",
    "egentlig",
    "eget",
    "egne",
    "ej",
    "ejer",
    "eksempel",
    "ekstra",
    "eller",
    "ellers",
    "elske",
    "elskede",
    "elsker",
    "en",
    "end",
    "endda",
    "ende",
    "endelig",
    "ender",
    "endnu",
    "ene",
    "energi",
    "eneste",
    "engang",
    "engelsk",
    "england",
    "enhver",
    "enig",
    "enkelt",
    "ens",
    "enten",
    "er",
    "eric",
    "et",
    "evigt",
    "f",
    "fa",
    "fader",
    "faktisk",
    "fald",
    "falde",
    "falder",
    "faldet",
    "faldt",
    "familie",
    "familien",
    "fandeme",
    "fanden",
    "fandens",
    "fandt",
    "fange",
    "fanger",
    "fanget",
    "fantastisk",
    "far",
    "fare",
    "farlig",
    "farligt",
    "fars",
    "fart",
    "farvel",
    "fast",
    "fat",
    "fatter",
    "fbi",
    "fed",
    "fede",
    "fedt",
    "fejl",
    "fem",
    "ferie",
    "fest",
    "festen",
    "fik",
    "film",
    "filmen",
    "fin",
    "find",
    "finde",
    "finder",
    "findes",
    "fine",
    "fint",
    "fire",
    "firma",
    "fis",
    "fisk",
    "fjenden",
    "fjern",
    "fjerne",
    "fjols",
    "flaske",
    "flere",
    "fleste",
    "floden",
    "flok",
    "flot",
    "fly",
    "flyet",
    "flygte",
    "flyt",
    "flytte",
    "flyttede",
    "flytter",
    "flyttet",
    "flyve",
    "flyver",
    "fod",
    "folk",
    "folkens",
    "for",
    "foran",
    "forbandede",
    "forbandet",
    "forbi",
    "forbindelse",
    "fordi",
    "foregår",
    "forelsket",
    "forestille",
    "forfærdeligt",
    "forhold",
    "forkert",
    "forkerte",
    "forklare",
    "forlade",
    "forlader",
    "forladt",
    "forlod",
    "form",
    "fornøjelse",
    "forpulede",
    "forretning",
    "forsigtig",
    "forskel",
    "forskellige",
    "forstod",
    "forstå",
    "forstået",
    "forstår",
    "forsvandt",
    "forsvind",
    "forsvinde",
    "forsvinder",
    "forsvundet",
    "forsøg",
    "forsøge",
    "forsøger",
    "forsøgte",
    "fortalt",
    "fortalte",
    "fortjener",
    "fortræd",
    "fortsæt",
    "fortsætte",
    "fortsætter",
    "fortæl",
    "fortælle",
    "fortæller",
    "forventer",
    "forældre",
    "fra",
    "frank",
    "frankrig",
    "fransk",
    "fred",
    "fredag",
    "frem",
    "fremad",
    "fremmede",
    "fremragende",
    "fremtid",
    "fremtiden",
    "fri",
    "frihed",
    "frisk",
    "frokost",
    "fru",
    "frue",
    "frygt",
    "frøken",
    "fuld",
    "fulde",
    "fuldstændig",
    "fulgte",
    "fundet",
    "fungerer",
    "fyldt",
    "fyr",
    "fyre",
    "fyren",
    "fyret",
    "få",
    "fået",
    "får",
    "fængsel",
    "fængslet",
    "færdig",
    "færdige",
    "fætter",
    "fødder",
    "fødselsdag",
    "født",
    "føle",
    "følelser",
    "føler",
    "føles",
    "følg",
    "følge",
    "følger",
    "følte",
    "før",
    "føre",
    "fører",
    "først",
    "første",
    "g",
    "ga",
    "gaden",
    "gal",
    "galt",
    "gamle",
    "gammel",
    "gang",
    "gange",
    "gangen",
    "ganske",
    "gar",
    "gas",
    "gav",
    "gave",
    "gemme",
    "gemmer",
    "gemt",
    "general",
    "gennem",
    "george",
    "gerne",
    "gid",
    "gider",
    "gift",
    "gifte",
    "giftes",
    "gik",
    "giv",
    "give",
    "giver",
    "givet",
    "gjorde",
    "gjort",
    "glad",
    "glade",
    "glas",
    "glem",
    "glemme",
    "glemmer",
    "glemt",
    "glemte",
    "glip",
    "glæde",
    "glædelig",
    "glæder",
    "go",
    "god",
    "godaften",
    "goddag",
    "gode",
    "godeste",
    "godmorgen",
    "godnat",
    "godt",
    "gor",
    "grace",
    "gratis",
    "gravid",
    "grin",
    "griner",
    "grund",
    "grunden",
    "gruppe",
    "græde",
    "grænsen",
    "gud",
    "guds",
    "guld",
    "gulvet",
    "gutter",
    "gå",
    "gået",
    "går",
    "gælder",
    "gæster",
    "gæt",
    "gør",
    "gøre",
    "gøres",
    "h",
    "ha",
    "hader",
    "haft",
    "hallo",
    "halsen",
    "halv",
    "halvdelen",
    "halvt",
    "ham",
    "han",
    "handler",
    "hank",
    "hans",
    "har",
    "harry",
    "hat",
    "hav",
    "havde",
    "have",
    "havet",
    "he",
    "hed",
    "hedder",
    "hej",
    "hejsa",
    "hel",
    "held",
    "heldig",
    "heldige",
    "hele",
    "heller",
    "hellere",
    "hellige",
    "helst",
    "helt",
    "helvede",
    "hemmelighed",
    "hen",
    "hende",
    "hendes",
    "henne",
    "henry",
    "hent",
    "hente",
    "henter",
    "her",
    "herfra",
    "herhen",
    "herind",
    "herinde",
    "hernede",
    "herop",
    "herover",
    "herovre",
    "herre",
    "herren",
    "herrer",
    "hertil",
    "herude",
    "hest",
    "hey",
    "hils",
    "himlen",
    "hinanden",
    "historie",
    "historien",
    "historier",
    "hjalp",
    "hjem",
    "hjemme",
    "hjerne",
    "hjerte",
    "hjertet",
    "hjælp",
    "hjælpe",
    "hjælper",
    "hmm",
    "hold",
    "holde",
    "holder",
    "holdet",
    "holdt",
    "hop",
    "hos",
    "hospitalet",
    "hotel",
    "hotellet",
    "hov",
    "hoved",
    "hovedet",
    "hr",
    "hul",
    "hun",
    "hund",
    "hunde",
    "hunden",
    "hundrede",
    "hurtig",
    "hurtigere",
    "hurtigt",
    "hus",
    "huset",
    "husk",
    "huske",
    "husker",
    "hva",
    "hvabehar",
    "hvad",
    "hvem",
    "hver",
    "hverken",
    "hvert",
    "hvid",
    "hvide",
    "hvile",
    "hvilke",
    "hvilken",
    "hvilket",
    "hvis",
    "hvor",
    "hvordan",
    "hvorfor",
    "hvornår",
    "hyggeligt",
    "håb",
    "håbede",
    "håber",
    "hånd",
    "hånden",
    "hår",
    "hård",
    "hårdt",
    "hænder",
    "hænderne",
    "hænge",
    "hænger",
    "hær",
    "hæren",
    "hævn",
    "høj",
    "høje",
    "højere",
    "højre",
    "højt",
    "hør",
    "høre",
    "hører",
    "hørt",
    "hørte",
    "i",
    "idag",
    "ide",
    "idiot",
    "idé",
    "ifølge",
    "igen",
    "igennem",
    "ihjel",
    "ik",
    "ikk",
    "ikke",
    "ild",
    "imellem",
    "imod",
    "in",
    "ind",
    "inde",
    "inden",
    "indenfor",
    "indtil",
    "ingen",
    "ingenting",
    "interessant",
    "interesseret",
    "intet",
    "is",
    "især",
    "it",
    "j",
    "ja",
    "jack",
    "jackie",
    "jah",
    "jake",
    "jamen",
    "james",
    "jane",
    "jason",
    "javel",
    "jeff",
    "jeg",
    "jep",
    "jer",
    "jeres",
    "jerry",
    "jesus",
    "jim",
    "jimmy",
    "jo",
    "job",
    "jobbet",
    "joe",
    "john",
    "johnny",
    "jones",
    "jord",
    "jorden",
    "jul",
    "julie",
    "just",
    "jøsses",
    "k",
    "kaffe",
    "kald",
    "kalde",
    "kalder",
    "kaldes",
    "kaldte",
    "kamera",
    "kameraet",
    "kammerat",
    "kamp",
    "kampen",
    "kan",
    "kaptajn",
    "karriere",
    "kast",
    "kaste",
    "kaster",
    "kat",
    "kate",
    "ked",
    "kelly",
    "kende",
    "kender",
    "kendt",
    "kendte",
    "kevin",
    "kig",
    "kigge",
    "kiggede",
    "kigger",
    "kilometer",
    "king",
    "kirken",
    "kjole",
    "kl",
    "klap",
    "klar",
    "klare",
    "klarede",
    "klarer",
    "klaret",
    "klart",
    "klasse",
    "klog",
    "klokken",
    "km",
    "knap",
    "kneppe",
    "kniv",
    "know",
    "knæ",
    "knægt",
    "koldt",
    "kom",
    "komme",
    "kommer",
    "kommet",
    "kone",
    "konge",
    "kongen",
    "kontakt",
    "kontor",
    "kontoret",
    "kontrol",
    "kop",
    "korrekt",
    "kors",
    "kort",
    "kortet",
    "koster",
    "kraft",
    "krig",
    "krigen",
    "krop",
    "kræfter",
    "kræver",
    "kugle",
    "kun",
    "kunne",
    "kvinde",
    "kvinden",
    "kvinder",
    "kylling",
    "kys",
    "kysse",
    "kæft",
    "kælling",
    "kæmpe",
    "kæmper",
    "kære",
    "kæreste",
    "kærlighed",
    "købe",
    "køber",
    "købt",
    "købte",
    "kød",
    "køkkenet",
    "kør",
    "køre",
    "kører",
    "kørt",
    "kørte",
    "l",
    "la",
    "lad",
    "lade",
    "lader",
    "lagde",
    "lagt",
    "land",
    "lande",
    "landet",
    "lang",
    "lange",
    "langsomt",
    "langt",
    "larry",
    "lav",
    "lave",
    "lavede",
    "laver",
    "lavet",
    "led",
    "lede",
    "leder",
    "ledte",
    "lee",
    "leg",
    "lege",
    "leger",
    "lejlighed",
    "let",
    "leve",
    "levende",
    "lever",
    "li",
    "lide",
    "lidt",
    "lig",
    "lige",
    "ligeglad",
    "ligesom",
    "liget",
    "ligge",
    "ligger",
    "ligner",
    "lille",
    "lisa",
    "liste",
    "liv",
    "live",
    "livet",
    "lkke",
    "lngen",
    "lod",
    "lokale",
    "london",
    "lord",
    "los",
    "louis",
    "lov",
    "love",
    "lovede",
    "loven",
    "lover",
    "lucy",
    "luft",
    "luften",
    "lufthavnen",
    "lugte",
    "lugter",
    "luk",
    "lukke",
    "lukker",
    "lukket",
    "lyd",
    "lyde",
    "lyder",
    "lykke",
    "lykkelig",
    "lys",
    "lyset",
    "lyst",
    "lyt",
    "lytte",
    "lytter",
    "lyve",
    "lyver",
    "lå",
    "låne",
    "låst",
    "læg",
    "læge",
    "lægen",
    "lægge",
    "lægger",
    "lækker",
    "lækkert",
    "længe",
    "længere",
    "lære",
    "lærer",
    "lært",
    "lærte",
    "læs",
    "læse",
    "læser",
    "læst",
    "læste",
    "løb",
    "løbe",
    "løber",
    "løbet",
    "løfte",
    "løgn",
    "løj",
    "løjtnant",
    "lørdag",
    "løs",
    "løse",
    "m",
    "ma",
    "mad",
    "maden",
    "maggie",
    "magt",
    "majestæt",
    "major",
    "makker",
    "man",
    "mand",
    "mandag",
    "manden",
    "mands",
    "mange",
    "mangler",
    "mareridt",
    "maria",
    "mark",
    "martin",
    "mary",
    "maske",
    "masse",
    "masser",
    "matt",
    "max",
    "me",
    "med",
    "medicin",
    "medmindre",
    "meget",
    "mellem",
    "men",
    "mener",
    "mening",
    "meningen",
    "menneske",
    "mennesker",
    "mens",
    "mente",
    "mere",
    "mest",
    "mester",
    "meter",
    "mexico",
    "michael",
    "middag",
    "midt",
    "mig",
    "mike",
    "miles",
    "million",
    "millioner",
    "min",
    "minde",
    "minder",
    "mindre",
    "mindst",
    "mindste",
    "mine",
    "minut",
    "minutter",
    "miss",
    "mission",
    "miste",
    "mistede",
    "mister",
    "mistet",
    "mit",
    "mod",
    "modtaget",
    "mon",
    "mor",
    "mord",
    "morder",
    "morgen",
    "morgenmad",
    "morges",
    "mors",
    "morsomt",
    "mr",
    "mrs",
    "mulighed",
    "muligt",
    "muligvis",
    "mund",
    "munden",
    "musik",
    "my",
    "myrdet",
    "må",
    "måde",
    "mål",
    "målet",
    "måned",
    "måneder",
    "måske",
    "måtte",
    "mænd",
    "mærke",
    "mærkeligt",
    "møde",
    "møder",
    "mødes",
    "mødt",
    "mødte",
    "mødtes",
    "mørke",
    "mørkt",
    "n",
    "nar",
    "nat",
    "natten",
    "naturligvis",
    "navn",
    "navne",
    "navnet",
    "ned",
    "nede",
    "nedenunder",
    "nej",
    "nemlig",
    "nemt",
    "nervøs",
    "netop",
    "new",
    "ni",
    "nick",
    "no",
    "nogen",
    "nogensinde",
    "noget",
    "nogle",
    "nok",
    "nord",
    "normal",
    "normalt",
    "not",
    "nr",
    "nu",
    "nul",
    "nummer",
    "ny",
    "nye",
    "nyheder",
    "nyt",
    "nå",
    "nåde",
    "nåede",
    "nået",
    "når",
    "næ",
    "nægter",
    "næppe",
    "nær",
    "nærheden",
    "nærmer",
    "nærmere",
    "næse",
    "næste",
    "næsten",
    "nød",
    "nødt",
    "nødvendigt",
    "nøglen",
    "o",
    "oberst",
    "of",
    "ofre",
    "ofte",
    "og",
    "også",
    "oh",
    "ok",
    "okay",
    "om",
    "omgang",
    "omkring",
    "område",
    "området",
    "on",
    "ond",
    "onde",
    "ondt",
    "one",
    "onkel",
    "op",
    "opfører",
    "opgave",
    "opkald",
    "oplysninger",
    "opmærksomhed",
    "oppe",
    "optaget",
    "ord",
    "orden",
    "ordentligt",
    "ordet",
    "ordne",
    "ordner",
    "ordnet",
    "ordre",
    "ordrer",
    "os",
    "otte",
    "out",
    "ovenpå",
    "over",
    "overalt",
    "overfor",
    "overhovedet",
    "overleve",
    "overlever",
    "overraskelse",
    "overstået",
    "ovre",
    "p",
    "pa",
    "pakke",
    "papirer",
    "par",
    "parat",
    "paris",
    "partner",
    "pas",
    "passe",
    "passer",
    "paul",
    "pause",
    "penge",
    "pengene",
    "perfekt",
    "perfekte",
    "person",
    "personer",
    "personligt",
    "pete",
    "peter",
    "pige",
    "pigen",
    "piger",
    "pigerne",
    "pistol",
    "pistolen",
    "plads",
    "plan",
    "planen",
    "planer",
    "planlagt",
    "please",
    "plejede",
    "plejer",
    "pludselig",
    "point",
    "pokker",
    "pokkers",
    "politi",
    "politiet",
    "position",
    "prinsesse",
    "pris",
    "prisen",
    "privat",
    "problem",
    "problemer",
    "problemet",
    "procent",
    "professor",
    "præcis",
    "præsentere",
    "præsident",
    "præsidenten",
    "prøv",
    "prøve",
    "prøvede",
    "prøver",
    "prøvet",
    "på",
    "pænt",
    "r",
    "rachel",
    "radio",
    "ramme",
    "rammer",
    "ramt",
    "ramte",
    "rapport",
    "rar",
    "rart",
    "ray",
    "red",
    "redde",
    "reddede",
    "reddet",
    "regel",
    "regeringen",
    "regler",
    "reglerne",
    "regne",
    "regner",
    "rejs",
    "rejse",
    "rejser",
    "rejste",
    "ren",
    "rend",
    "rene",
    "rent",
    "respekt",
    "resten",
    "ret",
    "retning",
    "rette",
    "retten",
    "richard",
    "rig",
    "rige",
    "right",
    "rigtig",
    "rigtige",
    "rigtigt",
    "ring",
    "ringe",
    "ringede",
    "ringer",
    "ringet",
    "ro",
    "robert",
    "rock",
    "rod",
    "roger",
    "rolig",
    "roligt",
    "rolle",
    "rom",
    "rose",
    "rum",
    "rummet",
    "rundt",
    "ryan",
    "ryg",
    "ryge",
    "ryger",
    "ryggen",
    "råd",
    "række",
    "rød",
    "røde",
    "røg",
    "rør",
    "røre",
    "rører",
    "røven",
    "s",
    "sa",
    "sad",
    "sag",
    "sagde",
    "sagen",
    "sager",
    "sagt",
    "sal",
    "sam",
    "samle",
    "samlet",
    "samme",
    "sammen",
    "samtale",
    "san",
    "sand",
    "sandheden",
    "sandt",
    "sang",
    "sara",
    "sarah",
    "sat",
    "satan",
    "satans",
    "satte",
    "savne",
    "savner",
    "savnet",
    "scenen",
    "scott",
    "se",
    "sej",
    "sejt",
    "seks",
    "sekund",
    "sekunder",
    "selskab",
    "selv",
    "selvfølgelig",
    "selvmord",
    "selvom",
    "send",
    "sende",
    "sender",
    "sendt",
    "sendte",
    "senere",
    "seng",
    "sengen",
    "sent",
    "ser",
    "sergent",
    "seriøst",
    "ses",
    "set",
    "sex",
    "sgu",
    "sherif",
    "show",
    "sid",
    "sidde",
    "sidder",
    "side",
    "siden",
    "sidst",
    "sidste",
    "sig",
    "sige",
    "siger",
    "sikke",
    "sikker",
    "sikkerhed",
    "sikkert",
    "sikre",
    "simon",
    "sin",
    "sinde",
    "sindssyg",
    "sine",
    "sir",
    "sit",
    "situation",
    "situationen",
    "sjov",
    "sjovt",
    "sjæl",
    "skabe",
    "skaber",
    "skabt",
    "skade",
    "skaffe",
    "skai",
    "skal",
    "skam",
    "skat",
    "skatter",
    "ske",
    "sker",
    "sket",
    "skete",
    "skib",
    "skibet",
    "skid",
    "skide",
    "skiderik",
    "skidt",
    "skifte",
    "skifter",
    "skilt",
    "sko",
    "skole",
    "skolen",
    "skoven",
    "skrev",
    "skrevet",
    "skrid",
    "skridt",
    "skriv",
    "skrive",
    "skriver",
    "skud",
    "skudt",
    "skulle",
    "skyd",
    "skyde",
    "skyder",
    "skyld",
    "skylden",
    "skylder",
    "skyldig",
    "skynd",
    "skål",
    "skæbne",
    "skære",
    "skød",
    "skønt",
    "skør",
    "skøre",
    "slag",
    "slags",
    "slap",
    "slappe",
    "slem",
    "slemt",
    "slet",
    "slip",
    "slippe",
    "slipper",
    "slog",
    "sluk",
    "slut",
    "slå",
    "slået",
    "slår",
    "slås",
    "smag",
    "smager",
    "smart",
    "smed",
    "smerte",
    "smid",
    "smide",
    "smider",
    "smidt",
    "smil",
    "smith",
    "smuk",
    "smukke",
    "smukt",
    "smule",
    "smut",
    "smutte",
    "smutter",
    "små",
    "snak",
    "snakke",
    "snakkede",
    "snakker",
    "snart",
    "so",
    "soldat",
    "soldater",
    "solen",
    "solgt",
    "solgte",
    "som",
    "sort",
    "sorte",
    "sov",
    "sove",
    "sover",
    "specielt",
    "spil",
    "spille",
    "spillede",
    "spiller",
    "spillet",
    "spis",
    "spise",
    "spiser",
    "spist",
    "spiste",
    "spor",
    "sprog",
    "spurgte",
    "spændende",
    "spørg",
    "spørge",
    "spørger",
    "spørgsmål",
    "st",
    "stadig",
    "stak",
    "stakkels",
    "stand",
    "stands",
    "start",
    "starte",
    "startede",
    "starter",
    "sted",
    "steder",
    "stedet",
    "stemme",
    "stemmer",
    "sten",
    "steve",
    "stik",
    "stikke",
    "stikker",
    "stil",
    "stille",
    "stiller",
    "stinker",
    "stjal",
    "stjerne",
    "stjålet",
    "stjæle",
    "stod",
    "stoffer",
    "stol",
    "stole",
    "stoler",
    "stolt",
    "stop",
    "stoppe",
    "stoppede",
    "stopper",
    "stor",
    "store",
    "stort",
    "straks",
    "stranden",
    "street",
    "stykke",
    "stykker",
    "styr",
    "styre",
    "styrer",
    "styrke",
    "stå",
    "står",
    "stærk",
    "stærke",
    "stærkt",
    "større",
    "størrelse",
    "største",
    "støtte",
    "succes",
    "sulten",
    "super",
    "sur",
    "svar",
    "svare",
    "svarer",
    "svaret",
    "svin",
    "sværger",
    "svært",
    "syg",
    "syge",
    "synd",
    "synes",
    "synge",
    "synger",
    "syntes",
    "systemet",
    "syv",
    "så",
    "sådan",
    "såret",
    "sælge",
    "sælger",
    "særlig",
    "særligt",
    "sæt",
    "sætte",
    "sætter",
    "sød",
    "søde",
    "sødt",
    "søger",
    "søn",
    "sørg",
    "sørge",
    "søster",
    "søvn",
    "t",
    "tabe",
    "taber",
    "tabt",
    "tabte",
    "tag",
    "tage",
    "tager",
    "taget",
    "tak",
    "takke",
    "tal",
    "tale",
    "taler",
    "talt",
    "talte",
    "tanke",
    "tanker",
    "tante",
    "taske",
    "te",
    "ted",
    "tegn",
    "telefon",
    "telefonen",
    "temmelig",
    "texas",
    "that",
    "the",
    "this",
    "thomas",
    "ti",
    "tid",
    "tide",
    "tiden",
    "tider",
    "tiders",
    "tidlig",
    "tidligere",
    "tidligt",
    "tidspunkt",
    "tii",
    "til",
    "tilbage",
    "tilbud",
    "tilfreds",
    "tilfælde",
    "tilgiv",
    "tilhører",
    "tilladelse",
    "tillykke",
    "time",
    "timer",
    "ting",
    "tingene",
    "tit",
    "tja",
    "tjek",
    "tjekke",
    "tjene",
    "tjener",
    "tjeneste",
    "to",
    "tog",
    "toget",
    "toilettet",
    "tom",
    "tommy",
    "tony",
    "toppen",
    "tosset",
    "totalt",
    "travlt",
    "tre",
    "tredje",
    "trist",
    "tro",
    "trods",
    "troede",
    "tror",
    "tryk",
    "træ",
    "træd",
    "træk",
    "trække",
    "trækker",
    "træner",
    "trænger",
    "træt",
    "tur",
    "tusind",
    "tv",
    "tvivl",
    "type",
    "tæller",
    "tænder",
    "tænk",
    "tænke",
    "tænker",
    "tænkt",
    "tænkte",
    "tæt",
    "tøj",
    "tør",
    "tøs",
    "uanset",
    "ud",
    "ude",
    "uden",
    "udenfor",
    "udmærket",
    "uge",
    "ugen",
    "uger",
    "uh",
    "uheld",
    "ulykke",
    "umuligt",
    "under",
    "underligt",
    "undgå",
    "undskyld",
    "undskylde",
    "undskyldning",
    "ung",
    "unge",
    "unger",
    "up",
    "ur",
    "usa",
    "uskyldig",
    "utrolig",
    "utroligt",
    "v",
    "vaere",
    "vagt",
    "valg",
    "valgt",
    "valgte",
    "van",
    "vand",
    "vandet",
    "vandt",
    "vanvittig",
    "var",
    "vare",
    "varer",
    "varm",
    "varme",
    "varmt",
    "ved",
    "vegne",
    "vej",
    "vejen",
    "vejret",
    "vel",
    "velkommen",
    "ven",
    "vend",
    "vende",
    "vender",
    "veninde",
    "venlig",
    "venligst",
    "venner",
    "venstre",
    "vent",
    "vente",
    "ventede",
    "venter",
    "ventet",
    "verden",
    "verdens",
    "vi",
    "vide",
    "videre",
    "vidne",
    "vidst",
    "vidste",
    "vidt",
    "vidunderligt",
    "vigtig",
    "vigtigste",
    "vigtigt",
    "vii",
    "viiie",
    "vil",
    "vild",
    "vilde",
    "vildt",
    "vilje",
    "ville",
    "vin",
    "vinde",
    "vinder",
    "vinduet",
    "virke",
    "virkede",
    "virkelig",
    "virkeligheden",
    "virkeligt",
    "virker",
    "vis",
    "vise",
    "viser",
    "visse",
    "vist",
    "viste",
    "vogn",
    "voksen",
    "vor",
    "vore",
    "vores",
    "vred",
    "vrede",
    "vundet",
    "våben",
    "vågen",
    "vågn",
    "vædde",
    "væk",
    "vælge",
    "vælger",
    "vær",
    "værd",
    "være",
    "værelse",
    "været",
    "værre",
    "værsgo",
    "værste",
    "walter",
    "was",
    "washington",
    "we",
    "what",
    "whoa",
    "will",
    "william",
    "with",
    "wow",
    "yeah",
    "york",
    "you",
    "your",
    "åben",
    "åbenbart",
    "åbn",
    "åbne",
    "åbner",
    "åh",
    "år",
    "års",
    "æg",
    "ægte",
    "ægteskab",
    "ældre",
    "ændre",
    "ændrer",
    "ændret",
    "ære",
    "ærlig",
    "ærligt",
    "én",
    "ét",
    "ø",
    "ødelagde",
    "ødelagt",
    "ødelægge",
    "ødelægger",
    "øh",
    "øje",
    "øjeblik",
    "øjne",
    "øjnene",
    "øl",
    "ønske",
    "ønskede",
    "ønsker"
  ]
}
