{
  "alphabet": {
    "lowercase": [
      "a",
      "b",
      "c",
      "d",
      "e",
      "f",
      "g",
      "h",
      "i",
      "j",
      "k",
      "l",
      "m",
      "n",
      "o",
      "p",
      "q",
      "r",
      "s",
      "t",
      "u",
      "v",
      "w",
      "x",
      "y",
      "z",
      "å",
      "ä",
      "ö",
      "š",
      "ž"
    ],
    "uppercase": [
      "A,",
      "B,",
      "C,",
      "D,",
      "E,",
      "F,",
      "G,",
      "H,",
      "I,",
      "J,",
      "K,",
      "L,",
      "M,",
      "N,",
      "O,",
      "P,",
      "Q,",
      "R,",
      "S,",
      "T,",
      "U,",
      "V,",
      "W,",
      "X,",
      "Y,",
      "Z,",
      "Å,",
      "Ä,",
      "Ö,",
      "Š,",
      "Ž,"
    ]
  },
  "answers": [
    "Joo",
    "Ei",
    "Ehkä"
  ],
  "color": [
    "Harmaa",
    "Hopea",
    "Hopeinen",
    "Keltainen",
    "Kulta",
    "Kultainen",
    "Musta",
    "Oranssi",
    "Pinkki",
    "Punainen",
    "Ruskea",
    "Sininen",
    "Sinipunainen",
    "Vaaleanpunainen",
    "Valkoinen",
    "Vihreä",
    "Violetti"
  ],
  "level": [
    "matala",
    "kohtalainen",
    "korkea",
    "erittäin korkea",
    "äärimmäinen",
    "kriittinen"
  ],
  "quotes": [
    "Vanhan ajattelutavan luomien ongelmien ratkaisemiseksi tarvitaan uutta ajattelutapaa."
  ],
  "text": [
    "Clojure on ensisijaisesti toteutettu Java-virtuaalikoneen päälle.",
    "Clojure on funktionaalinen Lisp-murre.",
    "Clojure on moderni Lisp-murre, joka painottaa funktionaalista ohjelmointityyliä.",
    "Clojure-koodi käännetään Javan tavukoodiksi.",
    "Clojuren JVM-toteutus mahdollistaa olemassa olevan Java-koodin kutsumisen suoraan Clojure-koodista.",
    "Clojuren merkittävä yksilöivä piirre Lisp-murteiden joukossa on sen tiivis symbioosi toteutusalustansa kanssa.",
    "Clojuressa keskeisessä asemassa on identiteetin käsite ja sen yhteys arvoihin ja tilaan.",
    "Erityisiä piirteitä ovat monadit ja tyyppiluokat.",
    "Funktionaalinen ohjelmointi eli funktio-ohjelmointi on ohjelmointiparadigma, joka perustuu matemaattisten funktioiden käyttöön ja tarkemmin lambdakalkyyliin.",
    "Go on Googlen kehittämä ja marraskuussa 2009 julkistettu ohjelmointikieli.",
    "Go-kielen taustalla on Rob Piken ja muiden, pääasiassa Bellin laboratorioista Googlelle siirtyneiden Go-tiimin jäsenten pitkäaikainen tyytymättömyys moderniin kieli- ja käyttöjärjestelmäympäristöön.",
    "Haskell on standardoitu, puhtaasti funktionaalinen ohjelmointikieli.",
    "JSON (lyhenne sanoista JavaScript Object Notation) on yksinkertainen avoimen standardin tiedostomuoto tiedonvälitykseen.",
    "JSONin Internet media type on application/json ja sen tiedostopääte .json.",
    "Java on Sun Microsystemsin kehittämä laaja teknologiaperhe ja ohjelmistoalusta, johon kuuluu muun muassa laitteistoriippumaton oliopohjainen ohjelmointikieli sekä ajoaikainen ympäristö virtuaalikoneineen ja luokkakirjastoineen.",
    "Java-alusta on käytössä noin 3,8 miljardissa laitteessa matkapuhelimista supertietokoneisiin.",
    "JavaScript on alun perin Netscape Communications Corporationin kehittämä pääasiassa Web-ympäristössä käytettävä dynaaminen komentosarjakieli.",
    "JavaScriptin tärkein sovellus on mahdollisuus lisätä Web-sivuille dynaamista toiminnallisuutta.",
    "Joitain kielen tärkeitä ominaispiirteitä ovat hahmonsovitus (engl. pattern matching), funktion osittainen soveltaminen (eli partial application), listankäsittely, vartiolausekkeet ja määriteltävät operaattorit.",
    "Joustava dynaaminen tyypitysjärjestelmä asettaa tyypit muuttujien arvoille ja tarkistaa tyypit ajonaikaisesti.",
    "Kieli myös tukee rekursiivisia funktioita, algebrallisia tietotyyppejä ja laiskaa laskemista.",
    "Kieltä ovat olleet kehittämässä muun muassa Rob Pike ja Ken Thompson.",
    "Koska sivuvaikutuksia ei ole, funktioiden suoritusjärjestys on vapaa ja kääntäjä voi optimoida samanlaiset funktiokutsut yhdeksi.",
    "Linkitetyt listat ovat Lispin pääasiallisia datarakenteita, ja identtiset perustason listaoperaatiot toimivat kaikissa Lispin murteissa.",
    "Linux on maailman käytetyin palvelinkäyttöjärjestelmä ja sitä käyttää kymmenen maailman tehokkainta supertietokonetta.",
    "Linux on tunnettu esimerkki yhteistyöstä vapaiden ja avoimen lähdekoodin ohjelmistojen kehityksessä: useimmiten kuka tahansa saa vapaasti käyttää, muokata ja levittää ohjelmistojen lähdekoodia sekä kaupallisesti että epäkaupallisesti erilaisten lisenssien, kuten GPL-lisenssin ehdoilla.",
    "Linux viittaa Linux-ydintä käyttävien Unixin kaltaisten käyttöjärjestelmien perheeseen.",
    "Linuxia voi käyttää monissa tietokonelaitteissa, muun muassa matkapuhelimissa, taulutietokoneissa, pelikonsoleissa, palvelimissa ja supertietokoneissa.",
    "Linuxista käytetään joskus Free Software Foundationin suosittelemaa nimeä GNU/Linux, sillä sekä käyttöjärjestelmä että sovellusohjelmistot sisältävät GNU-projektin tuottamia ohjelmistoja.",
    "Lispissä ei tehdä eroa sisäänrakennetun ja ohjelmoijan tekemän funktion välille, joten Lisp on helposti laajennettavissa.",
    "Lispistä puhuttaessa tarkoitetaan yleensä jälkimmäistä.",
    "Lisäksi Pythoniin voi tehdä helpohkosti C-kielisiä laajennoksia, jos erityinen nopeus on tarpeen.",
    "Lisäksi monissa imperatiivisissa kielissä on jonkinlaista tukea funktionaaliselle ohjelmoinnille: usein ainakin funktion voi antaa parametrina, ja joskus kielessä on rakenne nimettömien funktioiden luomiseen lambda-lausekkeella.",
    "Lähes kaikki kielen toteutukset tuovat näiden päälle omia laajennuksiaan.",
    "Merkittävänä poikkeuksena Java ei tue suoraan oikeastaan mitään funktionaalisen ohjelmoinnin apuvälinettä, mutta JVM-ympäristön päälle on toteutettu funktionaalisia kieliä (kuten Clojure ja Scala), ja Javaan itseensä on suunnitelmissa lisätä tiettyjä funktionaalisia ominaisuuksia (kuten sulkeumat).",
    "Metaohjelmoinnin mahdollistavat olioiden ajonaikainen muokkaus ja itseheijastus.",
    "Mobiilialustoista Python on sovitettu myös Symbian S60 -alustalle - lisäksi kielestä on kehitetty Maemo-alustaan optimoitu versio.",
    "Monet funktionaaliset ohjelmointikielet eivät ole puhtaasti funktionaalisia, vaan tukevat myös tilamuuttujia ja sivuvaikutuksia.",
    "Monet suosittelevat sitä ensimmäiseksi ohjelmointikieleksi.",
    "Monimuotoinen ankka-tyypitys tyypittää oliot niiden ominaisuuksien mukaan – ”jos se kävelee kuin ankka, vaakkuu kuin ankka ja näyttää ankalta, se on varmasti ankka!”",
    "Muita toteutuksia ovat esimerkiksi IronPython .NET- ja Mono-alustoille sekä Python-kielellä itsellään uudelleentoteutettu PyPy.",
    "Muita tuettuja alustoja ovat Microsoftin CLR sekä JavaScript.",
    "Muita yleisiä ominaisuuksia Lispin murteissa ovat vahvat dynaamisen tyypit, tuki funktionaaliselle ohjelmoinnille ja kyky muokata lähdekoodia datana.",
    "Nimestään ja JavaScript-perustastaan huolimatta JSON on JavaScriptistä riippumaton.",
    "Nimi Lisp tulee englannin kielen sanoista ”List Processing”.",
    "Nimi ”Linux” tulee Linux-ytimestä, jonka alun perin kehitti Linus Torvalds vuonna 1991.",
    "Niukka syntaksi minimoi syntaksihälyn ja tarjoaa pohjan täsmäkielille (DSL).",
    "Näiden ansiosta Haskellilla on helppo kirjoittaa tietyntyyppisiä ohjelmia, joiden kirjoittaminen olisi huomattavasti vaikeampaa proseduraalisilla ohjelmointikielillä.",
    "Ohjelmoija oppii määrittelemään ohjelmia täsmällisesti, soveltamaan rekursiota ja käyttämään geneerisyyttä.",
    "Ohjelmointikieli on monesti yksinkertaisempi suunnitella ja toteuttaa.",
    "Parempi tuki funktioiden käsittelylle (funktio parametrina, lambda-lauseke, funktioiden kompositio, currying eli curry-muunnos tai ”kuritus”), jolloin ohjelma usein voidaan jakaa pienempiin ja yleiskäyttöisempiin osiin.",
    "Puhtaasti funktionaalisissa ohjelmissa ei ole lainkaan tilaa eikä siten myöskään sijoituslausetta tai silmukoita: muuttujaan ei voida sijoittaa uutta arvoa, ja suuret tietomäärät käsitellään rekursion avulla.",
    "Puhtaudella on joitain ongelmallisia kohtia, kuten monimutkainen syötön ja tulostuksen toteutus, joka vastaavasti on helppo toteuttaa jos sivuvaikutukset sallitaan.",
    "PyPy on vaihtoehtoinen Python-toteutus.",
    "PyPy pyrkii nopeuteen verrattuna alkuperäisen CPython-tulkkiin.",
    "PyPyn ensimmäinen versio 0.6 julkaistiin 21. maaliskuuta 2005. PyPyn viimeisin version on 1.9.",
    "Python on monipuolinen, tulkattava ohjelmointikieli.",
    "Python on tulkattava kieli, jolla kirjoitetut ohjelmat ovat valmiita ajettaviksi välittömästi, kääntämättä niitä ensin.",
    "Python on yleistynyt viime vuosien aikana verkkosivustojen ohjelmointikielenä ja Python-kielelle on saatavilla sekä minimaalisia että kehittyneitä kehitysympäristöjä (esim. Django).",
    "Python-kielestä on tehty useita toteutuksia.",
    "Python-koodin tulkitseminen ja ajoa edeltävä optimointi saattavat joskus olla hitaita prosesseja, ja Pythonia ajetaankin useimmiten tavukoodina hieman Javan tapaan.",
    "Python-tulkki ja -kirjastot on kehitetty avoimen lähdekoodin projektina, ja niitä levitetään Pythonin oman lisenssin (Python Software Foundation License) alaisena, joka on yhteensopiva myös GPL-lisenssin kanssa.",
    "Pythonia käyttäen voi tuottaa kuvaajia (kirjasto matplotlib) sekä vuorovaikuttaa matlabin kanssa.",
    "Pythonia on usein verrattu sellaisiin kieliin kuin Perl, Java, Ruby, TCL, Scheme ja PHP.",
    "Pythonia pidetään helppona oppia sen yksinkertaisen syntaksin ja korkean tason tietorakenteiden takia.",
    "Pythonia voi käyttää komentoriviltä ajettavissa skripteissä, joilla voidaan esimerkiksi käsitellä alfanumeerista dataa.",
    "Pythonia voi käyttää myös vaativassa ja tieteellisessä laskennassa (kirjastot NumPy ja SciPy).",
    "Pythonia voi laajentaa C- ja C++-ohjelmointikielillä.",
    "Pythonia voidaan ajaa palvelimella WSGI (Web Server Gateway Interface) -rajapinnan avulla, joka on viime aikoina kehitetty Pythonilla toteutettujen verkkosivustojen suorituskykyistä ajoa varten.",
    "Pythoniin sisältyy suuri joukko erilaisia kirjastoja ja Pythoniin voi myös liittää muiden tekemiä avoimen lähdekoodin kirjastoja, ja tällä tavalla kehitystyö Pythonia käyttäen voi olla nopeaa.",
    "Pythonilla voi tehdä graafisia käyttöliittymiä mm. käyttämällä C++-kielellä kirjoitettua Qt-käyttöliittymäkirjastoa.",
    "Pythonille on saatavilla rajapintoja tietokantojen (MySQL, PostgreSQL, SQLite) käsittelyyn.",
    "Pythonin lisenssi sallii lisäksi kaikenlaisen kaupallisen käytön ja jopa kaupallisen uudelleenlevittämisen.",
    "Pythonista on sanottu, että sitä käyttäen ohjelmoija voi olla 10 kertaa tuottavampi kuin Javaa käyttäen ja 100 kertaa tuottavampi kuin C-kieltä käyttäen.",
    "Päästandardi on Haskell 98, joka määrittelee kielen ytimen, jossa on kaikki perustoiminnallisuus, joka on siirrettävä ja joka on sopiva opetuskäyttöön.",
    "Rich Hickey julkaisi Clojuren ensimmäisen version vuonna 2007.",
    "Rinnakkaisuus ei aiheuta lainkaan vaikeuksia, koska jaettavaa tilaa ei ole. Periaatteessa jokainen funktiokutsu voitaisiin suorittaa eri säikeessä.",
    "Se on julkaistu BSD-lisenssillä.",
    "Se on nimetty matemaatikko Haskell Curryn mukaan. Sitä on kehitetty vuodesta 1987.",
    "Selkeä yhteys matematiikkaan, jolloin ohjelma voidaan helposti kirjoittaa vastaamaan määritelmää ja todistaa oikeaksi induktiolla.",
    "Silti ohjelmointikieltä pidetään funktionaalisena, mikäli sillä pääsääntöisesti ohjelmoidaan kuten puhtaasti funktionaalisilla kielillä.",
    "Sitä käytetään tavallisimmin osana verkkoselaimia, joiden toteutukset sallivat asiakaspuolen skriptien interaktion käyttäjän kanssa, selaimen rajoitetun hallinnan, asynkronisen kommunikaation ja käyttäjälle näytettävän dokumenttisisällön muokkaamisen.",
    "Sulautettujen järjestelmien ohjelmointiin on myös MicroPython.",
    "Sun on ilmoittanut Javan julkaisusta vapaana ohjelmistona GNU GPL -lisenssillä.",
    "Syntaksi kohtelee kaikkia ilmaisuja lausekkeina (palauttavat arvon evaluoiduttuaan).",
    "Toisaalta Pythonia voi sisällyttää C- ja C++-kielisiin ohjelmiin skriptikielenä.",
    "Toisaalta suurimmat eroavuudet suorituskyvyssä liittyvät käytettyihin tietorakenteisiin ja algoritmeihin, joten Python-kielinen toteutus ei ole automaattisesti hitaampi.",
    "Toisin kuin imperatiivisessa ohjelmoinnissa, funktiolla ei ole sivuvaikutuksia eli sen arvo on aina sama samoilla parametreilla.",
    "Tulkattavuus kuitenkin tarkoittaa, että Python ei ole yhtä suorituskykyinen kuin käännettävillä kielillä kirjoitetut ohjelmat.",
    "Tunnetuimmat ovat C-ohjelmointikielellä tehty alkuperäinen (kielen määrittelevä) toteutus ja Java-ohjelmointikielellä tehty Jython.",
    "Tunnetuimpia toteutuksia ovat GHC (Glasgow Haskell Compiler) ja Hugs (interaktiivinen tulkki).",
    "Tällä hetkellä kaksi yleisintä Lisp-murretta ovat Scheme ja Common Lisp.",
    "Tällä tavalla ohjelmoimisen ja testaamisen voi tehdä lyhyissä sykleissä ja nopeasti.",
    "Tämä mahdollistaa sen, että Lispillä on erittäin helppo tehdä sisäkkäisiä ohjelmointikieliä, mistä Common Lispin loop-makro on hyvä esimerkki.",
    "Tämä vie ohjelman suorituksesta pois yhden hitaammista vaiheista, tulkkaamisen tavukoodiksi; tulkkaamattoman Python-skriptin ajaminen saattaa olla moninkertaisesti tavallisen C-kielisen ohjelman ajamista hitaampaa.",
    "Tätä kutsutaan alhaalta ylös -ohjelmointitekniikaksi, jossa kieli sovitetaan ohjelmaan.",
    "Täysin oliopohjainen – kaikki elementit ovat objekteja.",
    "Useimmiten Lisp-ohjelmoija kirjoittaa kielen sopimaan kulloiseenkin ohjelmointitehtävään sen sijaan että jakaisi ohjelman ratkaiseman ongelman jatkuvasti pienempiin osiin kunnes se on tarpeeksi pieni kielellä ratkaistavaksi.",
    "Vaikka moni nykyisin suosittu kieli on alun perin ottanut vaikutteita Lispistä (ehtorakenteet, silmukat, roskienkeruu jne.), Lisp on täysin erilainen verrattuna esimerkiksi C#-kieleen.",
    "Yksinkertainen perintä ja modulaarinen perintä (”mix-ins”) moninperinnän (”multiple inheritance”) sijaan.",
    "Yliopistoissa suosituimpia funktionaalisia ohjelmointikieliä ovat Scheme ja Haskell sekä symboliseen matematiikkaan Mathematica.",
    "Yritysmaailmassa käytetään enemmän Common Lispiä, Erlangia, Scalaa ja XML-tiedostojen muuntamiseen tarkoitettua XSLT:tä."
  ],
  "words": [
    "aalto",
    "aalto",
    "aaltonen",
    "aamu",
    "aamulehti",
    "aamupäivä",
    "aasia",
    "afp",
    "afrikka",
    "ahdas",
    "aho",
    "ahola",
    "ahonen",
    "ahtisaari",
    "ahvenanmaa",
    "aie",
    "aiemmin",
    "aiempi",
    "aihe",
    "aiheuttaa",
    "aiheutua",
    "aika",
    "aika",
    "aikaan",
    "aikaan",
    "aikainen",
    "aikaisin",
    "aikakausi",
    "aikana",
    "aikanaan",
    "aikansa",
    "aikataulu",
    "aikaväli",
    "aikoa",
    "aikoinaan",
    "aikuinen",
    "aikuinen",
    "aimo",
    "aina",
    "ainakaan",
    "ainakin",
    "aine",
    "aineisto",
    "aines",
    "ainoa",
    "ainoastaan",
    "ainutlaatuinen",
    "aita",
    "aito",
    "aivan",
    "aivot",
    "ajaa",
    "ajaminen",
    "ajankohta",
    "ajankohtainen",
    "ajatella",
    "ajattelu",
    "ajatus",
    "ajautua",
    "ajo",
    "ajoissa",
    "ajoneuvo",
    "akatemia",
    "aki",
    "aktiivinen",
    "aktiivisesti",
    "al",
    "ala",
    "ala-aste",
    "alainen",
    "alas",
    "albaani",
    "albania",
    "albumi",
    "alempi",
    "alennus",
    "alentaa",
    "alentaminen",
    "aleta",
    "alhainen",
    "alho",
    "alkaa",
    "alkaen",
    "alkaminen",
    "alkoholi",
    "alku",
    "alkuperäinen",
    "alkupuoli",
    "alkuvaihe",
    "alkuvuosi",
    "alla",
    "alle",
    "alle",
    "allekirjoittaa",
    "aloite",
    "aloittaa",
    "aloittaminen",
    "alta",
    "alue",
    "alueellinen",
    "aluksi",
    "alun_perin",
    "alunperin",
    "alus",
    "alustaa",
    "amerikka",
    "amerikkalainen",
    "amerikkalainen",
    "ammatillinen",
    "ammatti",
    "ammattikorkeakoulu",
    "ammattilainen",
    "ammattiliitto",
    "ammattitaito",
    "ampua",
    "amsterdam",
    "analysoida",
    "andersson",
    "angeles",
    "anita",
    "anja",
    "ankara",
    "anna",
    "anne",
    "anneli",
    "anni",
    "ansaita",
    "ansio",
    "ansiosta",
    "antaa",
    "anteeksi",
    "antero",
    "anti",
    "antti",
    "anttila",
    "anu",
    "apu",
    "apuraha",
    "arafat",
    "ari",
    "arja",
    "arki",
    "arkipäivä",
    "arkisto",
    "arkkitehti",
    "armeija",
    "arsenal",
    "artikkeli",
    "arto",
    "arvata",
    "arvella",
    "arvio",
    "arvioida",
    "arviointi",
    "arviolta",
    "arvo",
    "arvoinen",
    "arvokas",
    "arvonlisävero",
    "arvostaa",
    "arvostella",
    "arvostelu",
    "arvostus",
    "ase",
    "asema",
    "asenne",
    "asentaa",
    "asetelma",
    "asettaa",
    "asettua",
    "asevoima",
    "asia",
    "asiakas",
    "asiakirja",
    "asianajaja",
    "asiantuntija",
    "asikainen",
    "askel",
    "asko",
    "aste",
    "asti",
    "asti",
    "astua",
    "asu",
    "asua",
    "asukas",
    "asuminen",
    "asunto",
    "ateena",
    "atk",
    "aueta",
    "auki",
    "aukko",
    "aura",
    "aurinko",
    "australia",
    "auto",
    "autoilija",
    "auttaa",
    "avain",
    "avajaiset",
    "avata",
    "avaus",
    "avautua",
    "avioliitto",
    "avoin",
    "avustaa",
    "avustaja",
    "avustus",
    "ay",
    "bakteeri",
    "balkan",
    "baltia",
    "barcelona",
    "base",
    "belgia",
    "belgrad",
    "berliini",
    "biisi",
    "bill",
    "bisnes",
    "björn",
    "blair",
    "boris",
    "bosnia",
    "brasilia",
    "britannia",
    "britti",
    "brittiläinen",
    "bryssel",
    "budjetti",
    "bussi",
    "bändi",
    "cd",
    "christian",
    "city",
    "clinton",
    "cm",
    "cup",
    "dallas",
    "david",
    "demari",
    "demari",
    "demokraattinen",
    "demokratia",
    "digitaalinen",
    "direktiivi",
    "divisioona",
    "dl",
    "dokumentti",
    "dollari",
    "dosentti",
    "dpa",
    "draama",
    "duuma",
    "edelleen",
    "edellinen",
    "edellisvuosi",
    "edellyttää",
    "edellytys",
    "edellä",
    "edeltäjä",
    "edeltää",
    "edes",
    "edessä",
    "edessä",
    "edestä",
    "edetä",
    "edistäminen",
    "edistää",
    "edullinen",
    "eduskunta",
    "eduskuntaryhmä",
    "eduskuntavaali",
    "edusta",
    "edustaa",
    "edustaja",
    "edustajisto",
    "eero",
    "eettinen",
    "eeva",
    "ehdokas",
    "ehdokkuus",
    "ehdollinen",
    "ehdoton",
    "ehdottaa",
    "ehdottomasti",
    "ehdotus",
    "ehkä",
    "ehkäistä",
    "ehtiä",
    "ehto",
    "ei",
    "eija",
    "eikä",
    "eila",
    "eilen",
    "eilinen",
    "eino",
    "elementti",
    "eli",
    "elin",
    "elina",
    "elinkeinoelämä",
    "elintarvike",
    "elisabeth",
    "ellei",
    "elo",
    "elokuu",
    "elokuva",
    "eläin",
    "eläke",
    "eläkeläinen",
    "elämys",
    "elämä",
    "elämäntapa",
    "elää",
    "em",
    "emu",
    "emäntä",
    "enemmistö",
    "energia",
    "englanti",
    "englanti",
    "englantilainen",
    "enimmäkseen",
    "enintään",
    "ennakkoon",
    "ennakoida",
    "ennallaan",
    "ennen",
    "ennen",
    "ennen_kaikkea",
    "ennen_kuin",
    "ennen_muuta",
    "ennustaa",
    "ennuste",
    "ennätys",
    "ensi",
    "ensi-ilta",
    "ensimmäinen",
    "ensin",
    "ensisijaisesti",
    "enso",
    "entinen",
    "entisestään",
    "entä",
    "enää",
    "epäillä",
    "epäily",
    "epäonnistua",
    "epäselvä",
    "epävarma",
    "epävarmuus",
    "epävirallinen",
    "eri",
    "ericsson",
    "erik",
    "erikoinen",
    "erikoistua",
    "erikseen",
    "erilainen",
    "erillinen",
    "erimielisyys",
    "erinomainen",
    "erinomaisesti",
    "erittäin",
    "erityinen",
    "erityisen",
    "erityisesti",
    "erkki",
    "ero",
    "erota",
    "erottaa",
    "erottua",
    "erä",
    "eräs",
    "eräänlainen",
    "esa",
    "esiin",
    "esiintyjä",
    "esiintyminen",
    "esiintyä",
    "esille",
    "esillä",
    "esim",
    "esimerkiksi",
    "esimerkki",
    "esine",
    "esitellä",
    "esittely",
    "esittää",
    "esitys",
    "esivaali",
    "esko",
    "espanja",
    "espanjalainen",
    "espoo",
    "este",
    "estää",
    "eteen",
    "eteenpäin",
    "etelä",
    "etelä-afrikka",
    "etelä-suomi",
    "eteläinen",
    "eteneminen",
    "etenkin",
    "etninen",
    "etsintä",
    "etsiä",
    "ettei",
    "että",
    "että_kun",
    "etu",
    "etukäteen",
    "etusivu",
    "eu",
    "euro",
    "eurooppa",
    "eurooppalainen",
    "europarlamentaarikko",
    "eva",
    "eväs",
    "ferrari",
    "festivaali",
    "filmi",
    "filosofia",
    "finaali",
    "finland",
    "finlandia",
    "finnair",
    "firma",
    "ford",
    "formula",
    "forssa",
    "fortum",
    "fuusio",
    "fyysinen",
    "galleria",
    "george",
    "grafiikka",
    "haastaa",
    "haastatella",
    "haastattelu",
    "haaste",
    "haave",
    "haaveilla",
    "haavisto",
    "haavoittua",
    "hahmo",
    "haitata",
    "haitta",
    "hajota",
    "haka",
    "hakala",
    "hakata",
    "hakea",
    "hakemus",
    "hakeutua",
    "hakija",
    "hakkarainen",
    "haku",
    "halli",
    "hallinta",
    "hallinto",
    "hallintoneuvosto",
    "hallita",
    "hallitus",
    "hallitusohjelma",
    "hallituspuolue",
    "hallussa",
    "halonen",
    "halpa",
    "haltuun",
    "halu",
    "halukas",
    "haluta",
    "hammas",
    "hankala",
    "hanke",
    "hankinta",
    "hankkia",
    "hankkiminen",
    "hanna",
    "hannu",
    "harjoitella",
    "harjoittaa",
    "harjoittelu",
    "harjoitus",
    "harju",
    "harkita",
    "harmaa",
    "harmitella",
    "harmittaa",
    "harrastaa",
    "harrastaja",
    "harrastus",
    "harri",
    "harva",
    "harvinainen",
    "harvoin",
    "haudata",
    "hauska",
    "hauta",
    "hautala",
    "hautausmaa",
    "havainto",
    "havaita",
    "he",
    "hedelmä",
    "hehtaari",
    "heidi",
    "heijastua",
    "heikentyä",
    "heikentää",
    "heiketä",
    "heikki",
    "heikkilä",
    "heikkinen",
    "heikko",
    "heino",
    "heinonen",
    "heinäkuu",
    "heitto",
    "heittää",
    "helena",
    "heli",
    "helikopteri",
    "helle",
    "helmi",
    "helmikuu",
    "helposti",
    "helpottaa",
    "helpotus",
    "helppo",
    "helsinki",
    "helsinkiläinen",
    "hemilä",
    "henki",
    "henkilö",
    "henkilöauto",
    "henkilökohtainen",
    "henkilökunta",
    "henkilöstö",
    "henkinen",
    "henrik",
    "herkku",
    "herkkä",
    "herra",
    "herättää",
    "herätä",
    "heti",
    "heti_kun",
    "hetki",
    "hevonen",
    "hidas",
    "hidastaa",
    "hieman",
    "hieno",
    "hienosti",
    "hifk",
    "hiihto",
    "hiihtäjä",
    "hiihtää",
    "hiipua",
    "hiljaa",
    "hiljainen",
    "hiljaisuus",
    "hiljattain",
    "hillitä",
    "hiltunen",
    "hinta",
    "hioa",
    "hirvi",
    "hirvonen",
    "historia",
    "historiallinen",
    "hitaasti",
    "hiukan",
    "hius",
    "hoitaa",
    "hoitaja",
    "hoitaminen",
    "hoito",
    "hollanti",
    "hollantilainen",
    "hollywood",
    "homma",
    "honkanen",
    "hopea",
    "hotelli",
    "houkutella",
    "hovioikeus",
    "huhtikuu",
    "huhu",
    "huikea",
    "huima",
    "huippu",
    "huippukokous",
    "hukkua",
    "hullu",
    "huolehtia",
    "huolestua",
    "huolestuttaa",
    "huoli",
    "huolimatta",
    "huolto",
    "huomata",
    "huomattava",
    "huomattavasti",
    "huomauttaa",
    "huomenna",
    "huomio",
    "huomioida",
    "huone",
    "huono",
    "huonosti",
    "huovinen",
    "hurja",
    "huume",
    "huumori",
    "huutaa",
    "hylly",
    "hylätä",
    "hymy",
    "hymyillä",
    "hyppy",
    "hypätä",
    "hyvin",
    "hyvinkää",
    "hyvinvointi",
    "hyvä",
    "hyväksi",
    "hyväksi",
    "hyväksyminen",
    "hyväksyä",
    "hyödyntää",
    "hyökkäys",
    "hyökkääjä",
    "hyökätä",
    "hyöty",
    "hyötyä",
    "häiritä",
    "häiriö",
    "häkkinen",
    "häkämies",
    "hälyttää",
    "häme",
    "hämeenlinna",
    "hämmästyttää",
    "hämäläinen",
    "hän",
    "härmälä",
    "hätä",
    "hävitä",
    "häät",
    "idea",
    "identiteetti",
    "ihailla",
    "ihalainen",
    "ihan",
    "ihana",
    "ihme",
    "ihmetellä",
    "ihminen",
    "ihmisoikeus",
    "ii",
    "ikaalinen",
    "ikkuna",
    "ikonen",
    "ikuinen",
    "ikä",
    "ikäinen",
    "ikäluokka",
    "ikävä",
    "ikäänkuin",
    "ikääntyä",
    "ilkka",
    "ilma",
    "ilmaantua",
    "ilmainen",
    "ilmaisku",
    "ilmaista",
    "ilmaisu",
    "ilman",
    "ilmapiiri",
    "ilmavoima",
    "ilme",
    "ilmeinen",
    "ilmeisesti",
    "ilmestyä",
    "ilmetä",
    "ilmi",
    "ilmiö",
    "ilmoittaa",
    "ilmoittautua",
    "ilmoitus",
    "ilo",
    "iloinen",
    "iloita",
    "ilomantsi",
    "ilta",
    "iltapäivä",
    "ilves",
    "ilves",
    "imago",
    "in",
    "indonesia",
    "inflaatio",
    "inhimillinen",
    "innokas",
    "innostaa",
    "innostua",
    "innostunut",
    "innostus",
    "insinööri",
    "instituutti",
    "internet",
    "intia",
    "into",
    "investointi",
    "irak",
    "iran",
    "irlanti",
    "irrota",
    "irti",
    "irti",
    "irtisanoa",
    "irtisanominen",
    "iskeä",
    "isku",
    "ismo",
    "iso",
    "israel",
    "istua",
    "istunto",
    "istuttaa",
    "isä",
    "isäntä",
    "italia",
    "italialainen",
    "itse",
    "itse",
    "itse_asiassa",
    "itsenäinen",
    "itsenäisyys",
    "itsestään",
    "itä",
    "itä-suomi",
    "itä-timor",
    "itäinen",
    "itämeri",
    "itävalta",
    "iäkäs",
    "ja",
    "jaakko",
    "jaana",
    "jacques",
    "jakaa",
    "jakaminen",
    "jakautua",
    "jako",
    "jaksaa",
    "jakso",
    "jalka",
    "jalkapallo",
    "jalkapalloilu",
    "james",
    "jan",
    "jani",
    "janne",
    "japani",
    "japanilainen",
    "jari",
    "jarkko",
    "jarmo",
    "jatkaa",
    "jatkaminen",
    "jatko",
    "jatkoaika",
    "jatkossa",
    "jatkua",
    "jatkuvasti",
    "jazz",
    "jazz",
    "jean",
    "jeltsin",
    "jerusalem",
    "jne",
    "jo",
    "jo_nyt",
    "joensuu",
    "joensuulainen",
    "johanna",
    "johannes",
    "johansson",
    "johdosta",
    "john",
    "johnson",
    "johtaa",
    "johtaja",
    "johtava",
    "johto",
    "johtokunta",
    "johtopäätös",
    "johtua",
    "joka",
    "joka_päivä",
    "joka_tapauksessa",
    "jokainen",
    "jokeri",
    "jokeri",
    "joki",
    "jokin",
    "jokinen",
    "joko",
    "joku",
    "jolloin",
    "jones",
    "jonkin_verran",
    "jonkinlainen",
    "jonne",
    "jono",
    "jopa",
    "jorma",
    "jos",
    "joskin",
    "joskus",
    "joten",
    "jotenkin",
    "jotta",
    "joukko",
    "joukkoon",
    "joukkue",
    "jouko",
    "joukossa",
    "joulu",
    "joulukuu",
    "jouni",
    "joutua",
    "jugoslavia",
    "juha",
    "juhani",
    "juhannus",
    "juhla",
    "juhlavuosi",
    "juhlia",
    "jukka",
    "julistaa",
    "julistus",
    "julkaista",
    "julkaisu",
    "julkinen",
    "julkisesti",
    "julkistaa",
    "julkisuus",
    "jumala",
    "juna",
    "junior",
    "juoda",
    "juoksu",
    "juoma",
    "juosta",
    "jussi",
    "juttu",
    "juuri",
    "juuri",
    "juuri_nyt",
    "jyrki",
    "jyrkkä",
    "jyrkästi",
    "jyväskylä",
    "jyväskyläläinen",
    "jäljellä",
    "jälkeen",
    "jälkeen",
    "jälkeinen",
    "jälki",
    "jälkimmäinen",
    "jälleen",
    "jälleen_kerran",
    "jämsä",
    "jännittää",
    "jännitys",
    "järjestelmä",
    "järjestely",
    "järjestys",
    "järjestäjä",
    "järjestäminen",
    "järjestää",
    "järjestö",
    "järkevä",
    "järki",
    "järvenpää",
    "järvi",
    "järvinen",
    "jäsen",
    "jäsenmaa",
    "jäsenyys",
    "jäte",
    "jättää",
    "jää",
    "jäädä",
    "jäähalli",
    "jääkiekko",
    "jääkiekkoilu",
    "k",
    "ka",
    "kaarina",
    "kaataa",
    "kaatopaikka",
    "kaatua",
    "kaava",
    "kaavailla",
    "kadota",
    "kahdeksan",
    "kahdeksas",
    "kahdesti",
    "kahvi",
    "kahvila",
    "kai",
    "kai",
    "kaija",
    "kaiken_kaikkiaan",
    "kaikenlainen",
    "kaikkein",
    "kaikki",
    "kaikkiaan",
    "kaikkialla",
    "kainuu",
    "kaisa",
    "kaivaa",
    "kaivata",
    "kajaani",
    "kakkonen",
    "kaksi",
    "kaksikko",
    "kaksikymmentä",
    "kaksinkertainen",
    "kala",
    "kalastaja",
    "kalastus",
    "kaleva",
    "kalevala",
    "kalevi",
    "kalle",
    "kallio",
    "kallis",
    "kaltainen",
    "kalusto",
    "kamera",
    "kampanja",
    "kamppailla",
    "kamppailu",
    "kanada",
    "kanava",
    "kanerva",
    "kangasala",
    "kangasniemi",
    "kankkunen",
    "kannalta",
    "kannanotto",
    "kannattaa",
    "kannattaja",
    "kannattavuus",
    "kannatus",
    "kannustaa",
    "kansa",
    "kansainvälinen",
    "kansainvälinen",
    "kansainvälisesti",
    "kansakunta",
    "kansalainen",
    "kansallinen",
    "kansanedustaja",
    "kansanäänestys",
    "kansi",
    "kanssa",
    "kanssa",
    "kanta",
    "kantaa",
    "kapanen",
    "kapea",
    "kapellimestari",
    "kapinallinen",
    "kappale",
    "kapteeni",
    "karata",
    "karhu",
    "karhu",
    "kari",
    "karjala",
    "karjalainen",
    "karjalainen",
    "karsia",
    "karsinta",
    "kartano",
    "kartoittaa",
    "kartta",
    "karvonen",
    "kasa",
    "kassa",
    "kasvaa",
    "kasvattaa",
    "kasvatus",
    "kasvi",
    "kasvot",
    "kasvu",
    "katastrofi",
    "kati",
    "katja",
    "katkaista",
    "katketa",
    "katri",
    "katse",
    "katsella",
    "katsoa",
    "katsoja",
    "katsomo",
    "kattaa",
    "katto",
    "katu",
    "kauan",
    "kauas",
    "kaukana",
    "kauko",
    "kaunis",
    "kaupallinen",
    "kaupankäynti",
    "kaupata",
    "kauppa",
    "kauppias",
    "kauppinen",
    "kaupunginhallitus",
    "kaupunginjohtaja",
    "kaupunginorkesteri",
    "kaupunginosa",
    "kaupunginteatteri",
    "kaupunginvaltuusto",
    "kaupunki",
    "kaupunkilainen",
    "kausi",
    "kautta",
    "kautta",
    "kaveri",
    "kehitellä",
    "kehittyminen",
    "kehittyä",
    "kehittäminen",
    "kehittää",
    "kehitys",
    "kehitysmaa",
    "kehottaa",
    "kehua",
    "keijo",
    "keikka",
    "keino",
    "keittiö",
    "kekkonen",
    "keksiä",
    "kela",
    "keli",
    "kello",
    "kelvata",
    "kemi",
    "kenkä",
    "kenraali",
    "kenties",
    "kenttä",
    "kerho",
    "kerrallaan",
    "kerran",
    "kerrata",
    "kerros",
    "kerrostalo",
    "kerta",
    "kertoa",
    "kertomus",
    "kertyä",
    "kerätä",
    "keräys",
    "kesk",
    "keskeinen",
    "keskellä",
    "kesken",
    "kesken",
    "keskenään",
    "keskeyttää",
    "keski-eurooppa",
    "keski-suomi",
    "keskiarvo",
    "keskimäärin",
    "keskimääräinen",
    "keskinäinen",
    "keskittyä",
    "keskittää",
    "keskiviikko",
    "keskiviikkoilta",
    "kesko",
    "keskus",
    "keskuspankki",
    "keskussairaala",
    "keskusta",
    "keskustella",
    "keskustelu",
    "keskuudessa",
    "kestää",
    "kesä",
    "kesäkuu",
    "ketju",
    "kettunen",
    "keuruu",
    "kevyt",
    "kevät",
    "kiehtoa",
    "kiekko",
    "kieli",
    "kielteinen",
    "kielto",
    "kieltäytyä",
    "kieltää",
    "kierros",
    "kiertue",
    "kiertää",
    "kiihtyä",
    "kiina",
    "kiinalainen",
    "kiinni",
    "kiinnittää",
    "kiinnostaa",
    "kiinnostunut",
    "kiinnostus",
    "kiinteistö",
    "kiinteistövero",
    "kiinteä",
    "kiire",
    "kiirehtiä",
    "kiireinen",
    "kiista",
    "kiistellä",
    "kiistää",
    "kiitellä",
    "kiitos",
    "kiittää",
    "kiivas",
    "kilo",
    "kilometri",
    "kilpa",
    "kilpailija",
    "kilpailla",
    "kilpailu",
    "kilpailukyky",
    "kimmo",
    "kinnunen",
    "kipeä",
    "kipu",
    "kiristyä",
    "kiristää",
    "kirja",
    "kirjailija",
    "kirjallinen",
    "kirjallisuus",
    "kirjasto",
    "kirjata",
    "kirje",
    "kirjoittaa",
    "kirjoittaja",
    "kirjoittaminen",
    "kirjoitus",
    "kirkas",
    "kirkko",
    "kirkkoherra",
    "kirkonkylä",
    "kirsi",
    "kirsti",
    "kisa",
    "kissa",
    "kitee",
    "kiusata",
    "kiva",
    "kivi",
    "klassikko",
    "klassinen",
    "klo",
    "km",
    "koe",
    "koetella",
    "kohdalla",
    "kohdata",
    "kohde",
    "kohdella",
    "kohden",
    "kohdistaa",
    "kohdistua",
    "kohentaa",
    "kohota",
    "kohta",
    "kohta",
    "kohtaaminen",
    "kohtaan",
    "kohtalo",
    "kohtaus",
    "kohtelu",
    "kohti",
    "kohtuullinen",
    "kohtuuton",
    "koira",
    "koitua",
    "koivisto",
    "koivu",
    "koivu",
    "kok",
    "kokea",
    "kokeilla",
    "kokeilu",
    "kokemus",
    "kokkola",
    "koko",
    "koko",
    "koko_ajan",
    "kokoelma",
    "kokoinen",
    "kokonaan",
    "kokonainen",
    "kokonaisuudessaan",
    "kokonaisuus",
    "kokoomus",
    "kokoonpano",
    "kokoontua",
    "kokous",
    "kolari",
    "kollega",
    "kolmanneksi",
    "kolmannes",
    "kolmas",
    "kolmasosa",
    "kolme",
    "kolmikko",
    "kolmonen",
    "komea",
    "komedia",
    "komentaja",
    "komissaari",
    "komissio",
    "komitea",
    "kommentoida",
    "kommentti",
    "kommunisti",
    "kompromissi",
    "kone",
    "konferenssi",
    "kongressi",
    "konkreettinen",
    "konkurssi",
    "konserni",
    "konsertti",
    "kontiolahti",
    "konttori",
    "koostua",
    "koota",
    "korhonen",
    "kori",
    "korjaaminen",
    "korjata",
    "korjaus",
    "korkea",
    "korkeakoulu",
    "korkeintaan",
    "korkeus",
    "korko",
    "korostaa",
    "korostua",
    "korottaa",
    "korotus",
    "kortti",
    "korva",
    "korvata",
    "korvaus",
    "koska",
    "koskaan",
    "koskea",
    "koskettaa",
    "koskinen",
    "kosovo",
    "koti",
    "kotijoukkue",
    "kotimaa",
    "kotimainen",
    "kotitalous",
    "kotka",
    "kotoisin",
    "kotona",
    "kotonaan",
    "koulu",
    "koululainen",
    "kouluttaa",
    "koulutus",
    "kouvola",
    "kova",
    "kovasti",
    "kovin",
    "kreikka",
    "kreml",
    "kriisi",
    "kriittinen",
    "kristillinen",
    "kritiikki",
    "kroatia",
    "kruunu",
    "kuhmo",
    "kuin",
    "kuinka",
    "kuisma",
    "kuitata",
    "kuitenkaan",
    "kuitenkin",
    "kuiva",
    "kuka",
    "kuka_tahansa",
    "kukaan",
    "kukin",
    "kukistaa",
    "kukka",
    "kuljettaa",
    "kuljettaja",
    "kuljetus",
    "kulkea",
    "kulku",
    "kulma",
    "kulta",
    "kultainen",
    "kulttuuri",
    "kulu",
    "kulua",
    "kuluessa",
    "kuluttaa",
    "kuluttaja",
    "kuluttua",
    "kulutus",
    "kummallinen",
    "kumota",
    "kumpi",
    "kumpikin",
    "kumppani",
    "kun",
    "kun_taas",
    "kuningas",
    "kunnallinen",
    "kunnanhallitus",
    "kunnanjohtaja",
    "kunnanvaltuusto",
    "kunnes",
    "kunnia",
    "kunnioittaa",
    "kunnolla",
    "kunnostaa",
    "kunnostus",
    "kunta",
    "kuntalainen",
    "kuntayhtymä",
    "kunto",
    "kuolema",
    "kuolla",
    "kuollut",
    "kuopio",
    "kuorevesi",
    "kuoro",
    "kurdi",
    "kuri",
    "kurssi",
    "kustannus",
    "kustantaa",
    "kuten",
    "kutsu",
    "kutsua",
    "kuu",
    "kuudes",
    "kuukausi",
    "kuulemma",
    "kuulija",
    "kuulla",
    "kuulostaa",
    "kuulua",
    "kuuluisa",
    "kuuma",
    "kuunnella",
    "kuusamo",
    "kuusi",
    "kuusi",
    "kuutio",
    "kuva",
    "kuvailla",
    "kuvata",
    "kuvaus",
    "kuvio",
    "kuvitella",
    "kyetä",
    "kyky",
    "kylki",
    "kyllä",
    "kylmä",
    "kylä",
    "kyläläinen",
    "kymmenen",
    "kymmenes",
    "kymmenkunta",
    "kymppi",
    "kynnys",
    "kyse",
    "kyseessä",
    "kyseinen",
    "kysellä",
    "kysely",
    "kysymys",
    "kysyntä",
    "kysyä",
    "kyyti",
    "kyösti",
    "kännykkä",
    "kärki",
    "kärppä",
    "kärsimys",
    "kärsiä",
    "käräjäoikeus",
    "käsi",
    "käsikirjoitus",
    "käsite",
    "käsitellä",
    "käsittely",
    "käsittää",
    "käsitys",
    "kävellä",
    "kävijä",
    "käydä",
    "käynnistyä",
    "käynnistää",
    "käynti",
    "käytettävissä",
    "käyttäjä",
    "käyttäytyminen",
    "käyttäytyä",
    "käyttää",
    "käyttö",
    "käytäntö",
    "käänne",
    "kääntyä",
    "kääntää",
    "köyhyys",
    "köyhä",
    "köyhä",
    "la",
    "laadukas",
    "laaja",
    "laajasti",
    "laajennus",
    "laajentaa",
    "laajentaminen",
    "laajentuminen",
    "laajeta",
    "laaksonen",
    "laatia",
    "laatu",
    "lahja",
    "lahjoittaa",
    "lahti",
    "lahti",
    "lahtinen",
    "laina",
    "lainata",
    "laine",
    "lainkaan",
    "lainsäädäntö",
    "laita",
    "laite",
    "laitinen",
    "laiton",
    "laitos",
    "laittaa",
    "laiva",
    "laji",
    "lajunen",
    "laki",
    "lakkauttaa",
    "lakko",
    "lama",
    "lappalainen",
    "lappeenranta",
    "lappi",
    "lapsi",
    "lapsiperhe",
    "lapsuus",
    "lasi",
    "laskea",
    "laskelma",
    "laskeutua",
    "lasku",
    "lasse",
    "lattia",
    "latu",
    "latvia",
    "lauantai",
    "lauantai-ilta",
    "laukaus",
    "laukkanen",
    "laukoa",
    "laulaa",
    "laulaja",
    "laulu",
    "laura",
    "lauri",
    "lausua",
    "lausunto",
    "lautakunta",
    "lava",
    "leena",
    "lehdistö",
    "lehmä",
    "lehti",
    "lehtikuva",
    "lehtikuva",
    "lehtinen",
    "lehto",
    "lehtonen",
    "leikata",
    "leikkaus",
    "leikki",
    "leikkiä",
    "leimata",
    "leino",
    "leinonen",
    "leipä",
    "leiri",
    "lempäälä",
    "lenkki",
    "lennonjohtaja",
    "lento",
    "lentoasema",
    "lentokenttä",
    "lentokone",
    "lentäjä",
    "lentää",
    "leo",
    "leonia",
    "leonian",
    "leppänen",
    "leveä",
    "levittää",
    "levitä",
    "levy",
    "levätä",
    "lieksa",
    "liettua",
    "lievä",
    "liha",
    "liian",
    "liiga",
    "liikaa",
    "liikanen",
    "liike",
    "liikenne",
    "liikenneministeriö",
    "liiketoiminta",
    "liikevaihto",
    "liikevoitto",
    "liikkeelle",
    "liikkeellä",
    "liikkua",
    "liikkuminen",
    "liikunta",
    "liisa",
    "liitto",
    "liitto",
    "liittokansleri",
    "liittyminen",
    "liittymä",
    "liittyä",
    "liittää",
    "liki",
    "linja",
    "linja-auto",
    "linjaus",
    "linna",
    "lintu",
    "liperi",
    "lipponen",
    "lippu",
    "lisensiaatti",
    "lista",
    "lisä",
    "lisäksi",
    "lisäksi",
    "lisätä",
    "lisäys",
    "lisää",
    "lisääminen",
    "lisääntyminen",
    "lisääntyä",
    "litmanen",
    "litra",
    "lohko",
    "loimaa",
    "loistaa",
    "lokakuu",
    "loma",
    "lomautus",
    "lontoo",
    "lopettaa",
    "lopettaminen",
    "loppu",
    "loppu",
    "loppua",
    "loppukilpailu",
    "loppuottelu",
    "loppupuoli",
    "loppusuora",
    "lopputulos",
    "loppuvuosi",
    "lopuksi",
    "lopullinen",
    "lopullisesti",
    "lopulta",
    "los",
    "loukata",
    "loukkaantua",
    "loukkaantuminen",
    "luetella",
    "lukea",
    "lukema",
    "lukeutua",
    "lukija",
    "lukio",
    "lukko",
    "luku",
    "lukuisa",
    "lukumäärä",
    "lukuunottamatta",
    "lumi",
    "lunastaa",
    "luoda",
    "luokitella",
    "luokka",
    "luominen",
    "luona",
    "luonne",
    "luonnehtia",
    "luonnollinen",
    "luonnollisesti",
    "luonteva",
    "luonto",
    "luopua",
    "luotettava",
    "luottaa",
    "luottamus",
    "luotto",
    "luovuttaa",
    "lupa",
    "lupaus",
    "luulla",
    "luultavasti",
    "luvata",
    "lyhentää",
    "lyhyesti",
    "lyhyt",
    "lykätä",
    "lyödä",
    "lähde",
    "läheinen",
    "läheinen",
    "läheisyys",
    "lähelle",
    "lähellä",
    "lähellä",
    "lähes",
    "lähestyä",
    "lähettää",
    "lähetys",
    "lähi-itä",
    "lähiaika",
    "lähin",
    "lähinnä",
    "lähistö",
    "lähivuosi",
    "lähteä",
    "lähtien",
    "lähtö",
    "lähtökohta",
    "lämmin",
    "lämmittää",
    "lämpö",
    "lämpötila",
    "länsi",
    "länsi-suomi",
    "länsimaa",
    "länsimainen",
    "läntinen",
    "läpi",
    "läpi",
    "lääke",
    "lääketiede",
    "lääkäri",
    "lääni",
    "lääninhallitus",
    "lääninoikeus",
    "löytyä",
    "löytäminen",
    "löytää",
    "m",
    "maa",
    "maaherra",
    "maailma",
    "maailmancup",
    "maailmanlaajuinen",
    "maailmanmestari",
    "maailmanmestaruus",
    "maailmansota",
    "maajoukkue",
    "maakunnallinen",
    "maakunta",
    "maalaiskunta",
    "maalata",
    "maalaus",
    "maali",
    "maaliskuu",
    "maalivahti",
    "maanantai",
    "maanantai-ilta",
    "maanjäristys",
    "maanomistaja",
    "maanviljelijä",
    "maaottelu",
    "maapallo",
    "maaperä",
    "maarit",
    "maaseutu",
    "maasto",
    "maata",
    "maatalous",
    "maatila",
    "mahdollinen",
    "mahdollisesti",
    "mahdollisimman",
    "mahdollistaa",
    "mahdollisuus",
    "mahdoton",
    "mahtava",
    "mahtua",
    "maija",
    "maine",
    "mainio",
    "mainiosti",
    "mainita",
    "mainos",
    "mainostaa",
    "maisema",
    "maisteri",
    "maistua",
    "maito",
    "makedonia",
    "maksaa",
    "maksu",
    "maku",
    "malli",
    "maltillinen",
    "mannerheim",
    "manninen",
    "mari",
    "maria",
    "marita",
    "marja",
    "marja",
    "marjatta",
    "markka",
    "markkinaosuus",
    "markkinat",
    "markkinoida",
    "markkinointi",
    "markku",
    "marko",
    "markus",
    "marraskuu",
    "marssia",
    "martin",
    "martti",
    "matala",
    "matematiikka",
    "materiaali",
    "matka",
    "matkailija",
    "matkailu",
    "matkapuhelin",
    "matkata",
    "matkustaa",
    "matkustaja",
    "matti",
    "mattila",
    "mauno",
    "mauri",
    "me",
    "media",
    "meksiko",
    "melkein",
    "melko",
    "melkoinen",
    "menehtyä",
    "meneillään",
    "menestys",
    "menestyä",
    "menetelmä",
    "menettely",
    "menettää",
    "menetys",
    "menneisyys",
    "mennessä",
    "mennä",
    "meno",
    "meri",
    "merita",
    "merja",
    "merkittävä",
    "merkittävästi",
    "merkitys",
    "merkitä",
    "merkki",
    "messu",
    "mestari",
    "mestaruus",
    "metalli",
    "metri",
    "metsä",
    "metsänomistaja",
    "metsäteollisuus",
    "michael",
    "miehistö",
    "mielellään",
    "mielenkiinto",
    "mielenkiintoinen",
    "mielenosoittaja",
    "mielenosoitus",
    "mielestä",
    "mieli",
    "mielikuva",
    "mielipide",
    "mieliä",
    "miellyttää",
    "mieluusti",
    "mies",
    "miettinen",
    "miettiä",
    "mihin",
    "miinus",
    "mika",
    "mikael",
    "mikkeli",
    "mikko",
    "mikkola",
    "miksei",
    "miksi",
    "mikä",
    "mikä_tahansa",
    "mikäli",
    "mikään",
    "miljardi",
    "miljardi",
    "miljoona",
    "miljoona",
    "millainen",
    "milloin",
    "milosevic",
    "milosevicin",
    "miltei",
    "min",
    "ministeri",
    "ministeriö",
    "minkälainen",
    "minkäänlainen",
    "minna",
    "minne",
    "minuutti",
    "minä",
    "mirja",
    "mitali",
    "mitata",
    "miten",
    "mitenkään",
    "mitta",
    "mittaan",
    "mittainen",
    "mittari",
    "mittava",
    "mitä",
    "mk",
    "mm",
    "mmk",
    "moderni",
    "moilanen",
    "moinen",
    "moittia",
    "molemmat",
    "monenlainen",
    "monesti",
    "moni",
    "monimutkainen",
    "monipuolinen",
    "montenegro",
    "moottori",
    "moottoritie",
    "moskova",
    "mtk",
    "mtv",
    "muistaa",
    "muistella",
    "muisti",
    "muisto",
    "muistuttaa",
    "mukaan",
    "mukaan",
    "mukainen",
    "mukaisesti",
    "mukana",
    "mukana",
    "mukava",
    "mukavasti",
    "muodostaa",
    "muodostua",
    "muokata",
    "muoti",
    "muoto",
    "muotoilla",
    "murha",
    "museo",
    "musiikki",
    "musta",
    "musta",
    "mustonen",
    "mutka",
    "mutta",
    "mutta_jos",
    "muttei",
    "muu",
    "muu_kuin",
    "muualla",
    "muualle",
    "muualta",
    "muun_muassa",
    "muuri",
    "muusikko",
    "muutama",
    "muuten",
    "muutoin",
    "muutos",
    "muuttaa",
    "muuttaminen",
    "muutto",
    "muuttua",
    "myllylä",
    "myrsky",
    "myydä",
    "myyjä",
    "myymälä",
    "myynti",
    "myöhemmin",
    "myöhä",
    "myöhään",
    "myönteinen",
    "myönteisesti",
    "myöntää",
    "myös",
    "myös",
    "myöten",
    "myötä",
    "mäenpää",
    "mäkelä",
    "mäki",
    "mäkinen",
    "mänttä",
    "määritellä",
    "määrä",
    "määräaikainen",
    "määräraha",
    "määrätä",
    "määräys",
    "mökki",
    "n",
    "naantali",
    "naapuri",
    "naapurimaa",
    "nagano",
    "naiminen",
    "nainen",
    "napata",
    "nato",
    "nato",
    "nauraa",
    "naurahtaa",
    "naureskella",
    "nauttia",
    "ne",
    "neliö",
    "neljä",
    "neljänneksi",
    "neljännes",
    "neljäs",
    "nelonen",
    "neste",
    "neuvo",
    "neuvoa",
    "neuvosto",
    "neuvostoliitto",
    "neuvotella",
    "neuvottelu",
    "new",
    "nhl",
    "niemelä",
    "niemi",
    "nieminen",
    "niin",
    "niin_ikään",
    "niin_sanottu",
    "niinistö",
    "niinkuin",
    "nimenomaan",
    "nimetä",
    "nimi",
    "niminen",
    "nimittäin",
    "nimittää",
    "nimitys",
    "nina",
    "niska",
    "niukasti",
    "niukka",
    "no",
    "noin",
    "nokia",
    "nopea",
    "nopeasti",
    "nopeus",
    "norja",
    "norjalainen",
    "norjalainen",
    "normaali",
    "normaali",
    "normaalisti",
    "nostaa",
    "nostaminen",
    "noudattaa",
    "nousta",
    "nousu",
    "ns",
    "nukkua",
    "numero",
    "nuo",
    "nuori",
    "nuori",
    "nuoriso",
    "nuorukainen",
    "nuoruus",
    "nurkka",
    "nurmes",
    "nurmi",
    "nurminen",
    "nykyaika",
    "nykyaikainen",
    "nykyinen",
    "nykyisin",
    "nykypäivä",
    "nykyään",
    "nyt",
    "nähden",
    "nähdä",
    "näillä_näkymin",
    "näin",
    "näin_ollen",
    "näkemys",
    "näkymä",
    "näkyä",
    "näköinen",
    "näkökulma",
    "nälkä",
    "nämä",
    "näyte",
    "näytellä",
    "näytelmä",
    "näyttelijä",
    "näyttely",
    "näyttämö",
    "näyttää",
    "näyttö",
    "näytös",
    "odotella",
    "odottaa",
    "odotus",
    "ohella",
    "ohessa",
    "ohi",
    "ohi",
    "ohittaa",
    "ohjaaja",
    "ohjata",
    "ohjaus",
    "ohje",
    "ohjelma",
    "ohjelmisto",
    "ohjus",
    "oikea",
    "oikeastaan",
    "oikeasti",
    "oikein",
    "oikeudenkäynti",
    "oikeus",
    "oikeuttaa",
    "oire",
    "ojala",
    "olavi",
    "oleellinen",
    "olemassaolo",
    "olemus",
    "olennainen",
    "olettaa",
    "olla",
    "ollenkaan",
    "olli",
    "olo",
    "olosuhde",
    "olut",
    "olympiakisat",
    "olympiakomitea",
    "olympialainen",
    "oma",
    "oma",
    "oma",
    "omainen",
    "omaisuus",
    "omakotitalo",
    "omata",
    "ominaisuus",
    "omistaa",
    "omistaja",
    "omistus",
    "ongelma",
    "ongelmallinen",
    "onnellinen",
    "onnettomuus",
    "onni",
    "onnistua",
    "onnistuminen",
    "ooppera",
    "opas",
    "opastaa",
    "operaatio",
    "opetella",
    "opettaa",
    "opettaja",
    "opetus",
    "opetusministeriö",
    "opinto",
    "opiskelija",
    "opiskella",
    "opiskelu",
    "opisto",
    "oppi",
    "oppia",
    "oppilaitos",
    "oppilas",
    "oppiminen",
    "oppositio",
    "optio",
    "organisaatio",
    "orivesi",
    "orkesteri",
    "osa",
    "osaaminen",
    "osakas",
    "osake",
    "osakilpailu",
    "osallistua",
    "osallistuja",
    "osallistuminen",
    "osalta",
    "osaltaan",
    "osanottaja",
    "osapuoli",
    "osasto",
    "osata",
    "osavaltio",
    "osin",
    "osittain",
    "oslo",
    "osmo",
    "osoite",
    "osoittaa",
    "osoittautua",
    "osoitus",
    "ostaa",
    "ostaja",
    "osto",
    "osua",
    "osuma",
    "osuus",
    "osuuskunta",
    "ote",
    "otsikko",
    "ottaa",
    "ottaminen",
    "ottelu",
    "oulu",
    "oululainen",
    "outi",
    "outo",
    "outokumpu",
    "ovi",
    "oy",
    "oyj",
    "paasio",
    "paavo",
    "paeta",
    "paha",
    "pahasti",
    "pahoin",
    "pahoinpitely",
    "paikalla",
    "paikallaan",
    "paikalle",
    "paikallinen",
    "paikka",
    "paikkakunta",
    "paikoin",
    "painaa",
    "paine",
    "paino",
    "painopiste",
    "painottaa",
    "painua",
    "paistaa",
    "paita",
    "paitsi",
    "paitsi",
    "pakata",
    "paketti",
    "pakistan",
    "pakkanen",
    "pakko",
    "pakolainen",
    "pakollinen",
    "pakottaa",
    "paksu",
    "pala",
    "palaa",
    "palander",
    "palata",
    "palaute",
    "palauttaa",
    "palauttaminen",
    "palestiinalainen",
    "paljastaa",
    "paljastua",
    "paljoa",
    "paljolti",
    "paljon",
    "palkankorotus",
    "palkansaaja",
    "palkata",
    "palkinto",
    "palkita",
    "palkka",
    "palkkio",
    "pallo",
    "palo",
    "palokunta",
    "palomies",
    "paluu",
    "palvella",
    "palvelu",
    "palvelus",
    "paneutua",
    "pankki",
    "pankki",
    "panos",
    "panostaa",
    "paperi",
    "pappi",
    "parannus",
    "parantaa",
    "parantaminen",
    "parantua",
    "paras_mahdollinen",
    "parata",
    "parhaillaan",
    "parhaimmillaan",
    "pari",
    "pari",
    "pariisi",
    "parikymmentä",
    "pariskunta",
    "parissa",
    "parlamentti",
    "parlamenttivaali",
    "parviainen",
    "pasi",
    "paul",
    "paula",
    "pauli",
    "pehmeä",
    "peittää",
    "pekka",
    "pekkarinen",
    "pelaaja",
    "pelaaminen",
    "pelastaa",
    "pelata",
    "peli",
    "pelisääntö",
    "pelkkä",
    "pelko",
    "pelkästään",
    "pelottaa",
    "pelto",
    "peltola",
    "peltonen",
    "pelätä",
    "penkki",
    "penni",
    "pentti",
    "penttilä",
    "perehtyä",
    "perhe",
    "periaate",
    "periaatteessa",
    "perille",
    "perinne",
    "perinteinen",
    "perinteisesti",
    "periä",
    "perjantai",
    "perjantai-ilta",
    "pertti",
    "perua",
    "peruna",
    "peruskorjaus",
    "peruskoulu",
    "perusta",
    "perustaa",
    "perustaminen",
    "peruste",
    "perusteella",
    "perustella",
    "perustelu",
    "perustua",
    "perustuslaki",
    "peruuttaa",
    "peräisin",
    "peräkkäin",
    "perässä",
    "peräti",
    "perään",
    "pestä",
    "pesä",
    "peter",
    "petri",
    "petteri",
    "pettymys",
    "pettyä",
    "pettää",
    "pia",
    "pian",
    "piano",
    "pidättää",
    "pienentää",
    "pienetä",
    "pieni",
    "pietari",
    "piha",
    "piiri",
    "piirre",
    "piirtää",
    "piispa",
    "pikemmin",
    "pikku",
    "pilata",
    "pimeä",
    "pinta",
    "pirjo",
    "pirkanmaa",
    "pirkkala",
    "pirkko",
    "piste",
    "pitkin",
    "pitkä",
    "pitkäaikainen",
    "pitkälle",
    "pitkälti",
    "pitkänen",
    "pitkään",
    "pituinen",
    "pituus",
    "pitäjä",
    "pitäminen",
    "pitää",
    "pk",
    "pohja",
    "pohjalta",
    "pohjanmaa",
    "pohjoinen",
    "pohjoinen",
    "pohjois-irlanti",
    "pohjois-karjala",
    "pohjois-pohjanmaa",
    "pohjois-suomi",
    "pohjoismaat",
    "pohjoismainen",
    "pohjola",
    "pohjola",
    "pohtia",
    "poika",
    "poiketa",
    "poikia",
    "poikkeuksellinen",
    "poikkeuksellisen",
    "poikkeus",
    "poimia",
    "pois",
    "pois",
    "poissa",
    "poistaa",
    "poistaminen",
    "poistua",
    "poliisi",
    "poliitikko",
    "poliittinen",
    "politiikka",
    "polku",
    "polttaa",
    "polttoaine",
    "polvi",
    "polvijärvi",
    "pommi",
    "pommittaa",
    "pommitus",
    "pori",
    "portti",
    "portugal",
    "porukka",
    "positiivinen",
    "posti",
    "posti",
    "potilas",
    "potku",
    "potti",
    "presidentinvaali",
    "presidentti",
    "presidenttiehdokas",
    "prinsessa",
    "professori",
    "projekti",
    "projektipäällikkö",
    "pronssi",
    "prosentti",
    "prosenttiyksikkö",
    "prosessi",
    "pudota",
    "pudottaa",
    "pudotuspeli",
    "puhaltaa",
    "puhdas",
    "puhdistaa",
    "puhe",
    "puheenjohtaja",
    "puheenjohtajakausi",
    "puheenjohtajamaa",
    "puheenjohtajuus",
    "puheenvuoro",
    "puhelin",
    "puhelu",
    "puhemies",
    "puhjeta",
    "puhua",
    "puisto",
    "puite",
    "pukeutua",
    "puku",
    "pula",
    "pullo",
    "pulma",
    "punainen",
    "punainen",
    "puola",
    "puolelta",
    "puolesta",
    "puolestaan",
    "puoli",
    "puoli",
    "puoliso",
    "puolitoista",
    "puoliväli",
    "puolivälissä",
    "puoltaa",
    "puolue",
    "puoluekokous",
    "puolustaa",
    "puolustaja",
    "puolustus",
    "puolustusministeri",
    "puolustusministeriö",
    "puolustusvoima",
    "purkaa",
    "purkaminen",
    "purra",
    "putin",
    "putki",
    "puu",
    "puutarha",
    "puute",
    "puuttua",
    "puuttuminen",
    "pyhä",
    "pyhäjärvi",
    "pyhäselkä",
    "pykälä",
    "pyrkimys",
    "pyrkiä",
    "pystyttää",
    "pystyä",
    "pysytellä",
    "pysyä",
    "pysähtyä",
    "pysäyttää",
    "pyyntö",
    "pyytää",
    "pyörittää",
    "pyöriä",
    "pyörä",
    "pyöräilijä",
    "päin",
    "päinvastoin",
    "päivi",
    "päivittäin",
    "päivä",
    "päivähoito",
    "päiväkoti",
    "pärjätä",
    "päteä",
    "pää",
    "pääasiassa",
    "päähenkilö",
    "päähän",
    "pääjohtaja",
    "pääkaupunki",
    "pääkaupunkiseutu",
    "päälle",
    "päälle",
    "päällikkö",
    "päällä",
    "pääministeri",
    "päämäärä",
    "pääoma",
    "pääosa",
    "pääosin",
    "pääsihteeri",
    "pääsiäinen",
    "päässä",
    "päästä",
    "päästä",
    "päästää",
    "päästö",
    "pääsy",
    "pääte",
    "päätellä",
    "päätoimittaja",
    "päättyminen",
    "päättyä",
    "päättäjä",
    "päättää",
    "päätyä",
    "päätöksenteko",
    "päätös",
    "päävalmentaja",
    "pörssi",
    "pöytä",
    "raahe",
    "raaka-aine",
    "radio",
    "raha",
    "rahaliitto",
    "rahasto",
    "rahoittaa",
    "rahoitus",
    "raija",
    "raimo",
    "raisio",
    "raja",
    "rajata",
    "rajoittaa",
    "rajoitus",
    "raju",
    "rajusti",
    "rakas",
    "rakastaa",
    "rakenne",
    "rakennus",
    "rakennustyö",
    "rakentaa",
    "rakentaja",
    "rakentaminen",
    "rakentua",
    "rakkaus",
    "ralli",
    "rangaista",
    "rangaistus",
    "rankka",
    "rannikko",
    "ranska",
    "ranskalainen",
    "ranta",
    "ranta",
    "rantanen",
    "raportti",
    "rasittaa",
    "raskas",
    "rata",
    "ratkaista",
    "ratkaisu",
    "ratketa",
    "rauha",
    "rauhallinen",
    "rauhallisesti",
    "rauhansopimus",
    "rauhanturvaaja",
    "rauhoittaa",
    "rauma",
    "rauno",
    "ravinto",
    "ravintola",
    "reagoida",
    "realistinen",
    "rehn",
    "rehtori",
    "reijo",
    "reilu",
    "reilusti",
    "reino",
    "reitti",
    "rekisteröidä",
    "rekka",
    "remontti",
    "rengas",
    "repiä",
    "repo",
    "resurssit",
    "reuna",
    "reuters",
    "richard",
    "riihimäki",
    "riikka",
    "riippua",
    "riippuen",
    "riippumatta",
    "riita",
    "riitta",
    "riittävän",
    "riittävästi",
    "riittää",
    "rikas",
    "rikkoa",
    "rikollisuus",
    "rikos",
    "rinnalla",
    "rinnalle",
    "rinne",
    "rinta",
    "rintama",
    "riski",
    "risteys",
    "risti",
    "ristiriita",
    "risto",
    "ritva",
    "rivi",
    "rkp",
    "robert",
    "rock",
    "rohkaista",
    "rohkea",
    "romaani",
    "romahtaa",
    "romania",
    "rooli",
    "rooma",
    "rouva",
    "rovaniemi",
    "runkosarja",
    "runo",
    "runoilija",
    "runsaasti",
    "runsas",
    "ruoka",
    "ruotsalainen",
    "ruotsalainen",
    "ruotsi",
    "ruotsi",
    "ruumis",
    "ruutu",
    "ruveta",
    "ry",
    "ryhmä",
    "ryhtyä",
    "rytmi",
    "räjähdys",
    "räjähtää",
    "räsänen",
    "s",
    "saada",
    "saaja",
    "saakka",
    "saalis",
    "saaminen",
    "saanti",
    "saapua",
    "saarela",
    "saari",
    "saari",
    "saarijärvi",
    "saarinen",
    "saaristo",
    "saattaa",
    "saavuttaa",
    "saavutus",
    "sade",
    "saha",
    "sairaala",
    "sairaanhoitopiiri",
    "sairas",
    "sairastaa",
    "sairastua",
    "sairaus",
    "sak",
    "sakari",
    "sakko",
    "saksa",
    "saksalainen",
    "saksalainen",
    "salainen",
    "salaisuus",
    "sali",
    "sallia",
    "salmi",
    "salminen",
    "salo",
    "salo",
    "salonen",
    "sama",
    "samaan_aikaan",
    "samalla",
    "samalla_kun",
    "saman_verran",
    "samanaikaisesti",
    "samanlainen",
    "sami",
    "samoin",
    "samoin_kuin",
    "sampo",
    "samuli",
    "san",
    "sana",
    "sankari",
    "sanna",
    "sanoa",
    "sanoma",
    "sanomalehti",
    "sari",
    "sarja",
    "sasi",
    "sata",
    "sataa",
    "satakunta",
    "satama",
    "sato",
    "satsata",
    "sattua",
    "satu",
    "satu",
    "sauli",
    "sauna",
    "savolainen",
    "savonlinna",
    "savu",
    "schröder",
    "schumacher",
    "sd",
    "sdp",
    "se",
    "seikka",
    "seikkailu",
    "seinä",
    "seinäjoki",
    "seisoa",
    "seitsemän",
    "seitsemäs",
    "sekoittaa",
    "sektori",
    "sekunti",
    "sekä",
    "selittää",
    "selitys",
    "selkeä",
    "selkeästi",
    "selkä",
    "sellainen",
    "selvittäminen",
    "selvittää",
    "selvitys",
    "selvitä",
    "selviytyä",
    "selvä",
    "selvästi",
    "selänne",
    "seminaari",
    "sen_jälkeen_kun",
    "sen_mukaan",
    "sen_sijaan",
    "sen_takia",
    "sen_verran",
    "sen_vuoksi",
    "sentti",
    "sentään",
    "seppo",
    "seppälä",
    "seppänen",
    "serbi",
    "serbia",
    "sergei",
    "seura",
    "seuraaja",
    "seuraavaksi",
    "seurakunta",
    "seurata",
    "seuraus",
    "seutu",
    "seutukunta",
    "sevilla",
    "sibelius",
    "siellä",
    "sieltä",
    "sielu",
    "sietää",
    "sihteeri",
    "siimes",
    "siipi",
    "siirto",
    "siirtyminen",
    "siirtyä",
    "siirtäminen",
    "siirtää",
    "siis",
    "siitä_huolimatta",
    "sija",
    "sijaan",
    "sijainti",
    "sijaita",
    "sijasta",
    "sijoittaa",
    "sijoittaja",
    "sijoittaminen",
    "sijoittua",
    "sijoitus",
    "siksi",
    "sillanpää",
    "silloin",
    "silloin_kun",
    "silloin_tällöin",
    "silloinen",
    "sillä",
    "silmä",
    "silta",
    "silti",
    "simo",
    "sinikka",
    "sininen",
    "sinne",
    "sinä",
    "sinänsä",
    "sirkka",
    "sirpa",
    "sissi",
    "sisäinen",
    "sisällä",
    "sisältyä",
    "sisältää",
    "sisältö",
    "sisäministeri",
    "sisäministeriö",
    "sisään",
    "siten",
    "sitoa",
    "sitoutua",
    "sittemmin",
    "sitten",
    "sitten",
    "sittenkin",
    "sitä",
    "sitä_kautta",
    "sitä_paitsi",
    "siviili",
    "sivu",
    "skotlanti",
    "slovakia",
    "sm",
    "soida",
    "soininen",
    "soitin",
    "soittaa",
    "soittaja",
    "soitto",
    "solisti",
    "solmia",
    "sonera",
    "soneran",
    "sopeutua",
    "sopia",
    "sopimus",
    "sopu",
    "sormi",
    "sortua",
    "sosiaali",
    "sosiaalidemokraatti",
    "sosiaalinen",
    "sosiaaliturva",
    "sosialidemokraatti",
    "sota",
    "sotilaallinen",
    "sotilas",
    "sotilasliitto",
    "sotkamo",
    "soveltaa",
    "soveltua",
    "sovittaa",
    "spr",
    "stadion",
    "strategia",
    "stt",
    "sttk",
    "studio",
    "su",
    "suhde",
    "suhtautua",
    "suhtautuminen",
    "suhteellisen",
    "suhteen",
    "suinkaan",
    "sujua",
    "suksi",
    "suku",
    "sukulainen",
    "sukupolvi",
    "sukupuoli",
    "sulkea",
    "summa",
    "sundqvist",
    "sunnuntai",
    "suo",
    "suoda",
    "suoja",
    "suojata",
    "suojella",
    "suojelu",
    "suola",
    "suomalainen",
    "suomalainen",
    "suomalainen",
    "suomenkielinen",
    "suomi",
    "suomi",
    "suominen",
    "suora",
    "suoraan",
    "suorastaan",
    "suorittaa",
    "suoritus",
    "suosia",
    "suosikki",
    "suosio",
    "suositella",
    "suosittu",
    "suositus",
    "suostua",
    "supistaa",
    "supistua",
    "surma",
    "surmata",
    "suru",
    "susanna",
    "susi",
    "suu",
    "suunnata",
    "suunnilleen",
    "suunnitella",
    "suunnitelma",
    "suunnittelija",
    "suunnittelu",
    "suunta",
    "suuntautua",
    "suuresti",
    "suuri",
    "suurlähettiläs",
    "suuruinen",
    "suuruus",
    "sveitsi",
    "sydney",
    "sydän",
    "syksy",
    "synkkä",
    "synnyttää",
    "synty",
    "syntyminen",
    "syntymä",
    "syntyä",
    "systeemi",
    "syttyä",
    "sytyttää",
    "syvä",
    "syy",
    "syyllinen",
    "syyllistyä",
    "syyria",
    "syyskuu",
    "syyte",
    "syytetty",
    "syyttäjä",
    "syyttää",
    "syödä",
    "syöpä",
    "syöttää",
    "syöttö",
    "sähkö",
    "sähköinen",
    "säilyminen",
    "säilyttäminen",
    "säilyttää",
    "säilyä",
    "sävellys",
    "säveltäjä",
    "säveltää",
    "sävy",
    "sää",
    "säännöllisesti",
    "sääntö",
    "säästää",
    "säästö",
    "säätiö",
    "säätää",
    "taajama",
    "taakse",
    "taas",
    "taata",
    "tahansa",
    "taho",
    "tahti",
    "tahto",
    "tahtoa",
    "tai",
    "taide",
    "taina",
    "taipua",
    "taistella",
    "taistelu",
    "taitaa",
    "taiteellinen",
    "taiteilija",
    "taito",
    "taivas",
    "taiwan",
    "tajuta",
    "takaa",
    "takainen",
    "takaisin",
    "takana",
    "takana",
    "takavuosi",
    "takia",
    "taksi",
    "talli",
    "tallinna",
    "talo",
    "taloudellinen",
    "taloudellisesti",
    "talous",
    "talousarvio",
    "talouskasvu",
    "talvi",
    "talvisota",
    "tammikuu",
    "tampere",
    "tamperelainen",
    "tango",
    "tanska",
    "tanskanen",
    "tanssi",
    "tanssia",
    "tanssija",
    "tapa",
    "tapaaminen",
    "tapahtua",
    "tapahtuma",
    "tapaus",
    "tapio",
    "tappaa",
    "tappara",
    "tappio",
    "tarina",
    "tarja",
    "tarjolla",
    "tarjonta",
    "tarjota",
    "tarjous",
    "tarkastaa",
    "tarkastella",
    "tarkasti",
    "tarkastus",
    "tarkistaa",
    "tarkka",
    "tarkkaan",
    "tarkkailija",
    "tarkkailla",
    "tarkoittaa",
    "tarkoitus",
    "tarpeeksi",
    "tarpeellinen",
    "tarpeen",
    "tarpeeton",
    "tarttua",
    "tarve",
    "tarvita",
    "tarvittaessa",
    "tasa-arvo",
    "tasainen",
    "tasaisesti",
    "tasan",
    "tasapaino",
    "tasapeli",
    "tasavalta",
    "taso",
    "tasoittaa",
    "tauko",
    "taulu",
    "tauno",
    "tausta",
    "tauti",
    "tavallaan",
    "tavallinen",
    "tavallisesti",
    "tavanomainen",
    "tavaratalo",
    "tavata",
    "tavoite",
    "tavoitella",
    "tavoittaa",
    "te",
    "te-keskus",
    "teatteri",
    "teatteri",
    "teema",
    "teemu",
    "teettää",
    "tehdas",
    "tehdä",
    "teho",
    "tehokas",
    "tehokkaasti",
    "tehostaa",
    "tehtävä",
    "tekeminen",
    "tekijä",
    "tekniikka",
    "tekninen",
    "teknologia",
    "teko",
    "teksti",
    "telakka",
    "televisio",
    "temppu",
    "teollisuus",
    "teoria",
    "teos",
    "tero",
    "terve",
    "tervetullut",
    "terveydenhuolto",
    "terveys",
    "terveyskeskus",
    "terävä",
    "testata",
    "testi",
    "the",
    "thomas",
    "tie",
    "tiede",
    "tiedekunta",
    "tiedote",
    "tiedottaa",
    "tiedottaja",
    "tiedotustilaisuus",
    "tiedotusväline",
    "tielaitos",
    "tienoo",
    "tieteellinen",
    "tietenkin",
    "tieto",
    "tietoinen",
    "tietokone",
    "tietotekniikka",
    "tietty",
    "tiettävästi",
    "tietysti",
    "tietää",
    "tiina",
    "tiistai",
    "tiistai-ilta",
    "tiiviisti",
    "tiivis",
    "tiivistää",
    "tikkanen",
    "tila",
    "tilaisuus",
    "tilalle",
    "tilalle",
    "tilanne",
    "tilasto",
    "tilata",
    "tilaus",
    "tili",
    "timo",
    "timonen",
    "tinkiä",
    "titteli",
    "tiukasti",
    "tiukka",
    "to",
    "todella",
    "todellinen",
    "todellisuus",
    "todennäköinen",
    "todennäköisesti",
    "todeta",
    "todistaa",
    "todistaja",
    "todiste",
    "tohtori",
    "toimeen",
    "toimenpide",
    "toimi",
    "toimia",
    "toimiala",
    "toimikunta",
    "toiminnanjohtaja",
    "toiminta",
    "toiminto",
    "toimisto",
    "toimittaa",
    "toimittaja",
    "toimitus",
    "toimitusjohtaja",
    "toinen",
    "toinen",
    "toipua",
    "toisaalta",
    "toiseksi",
    "toisenlainen",
    "toisin",
    "toisin_kuin",
    "toistaa",
    "toistaiseksi",
    "toistakymmentä",
    "toistua",
    "toive",
    "toivo",
    "toivo",
    "toivoa",
    "toivottaa",
    "toivottavasti",
    "toki",
    "tom",
    "tomi",
    "tommi",
    "toni",
    "tonni",
    "tontti",
    "tony",
    "tori",
    "torjua",
    "torjunta",
    "tornio",
    "toronto",
    "torstai",
    "torstai-ilta",
    "tosi",
    "tosi",
    "tosi",
    "tosiasia",
    "tosin",
    "tosissaan",
    "toteuttaa",
    "toteuttaminen",
    "toteutua",
    "toteutuminen",
    "toteutus",
    "tottua",
    "totuus",
    "toukokuu",
    "ts",
    "tshekki",
    "tshekki",
    "tshetshenia",
    "tt",
    "tuhat",
    "tuho",
    "tuhota",
    "tuhoutua",
    "tuija",
    "tukea",
    "tukeminen",
    "tukholma",
    "tuki",
    "tukikohta",
    "tulevaisuus",
    "tuli",
    "tulipalo",
    "tulkinta",
    "tulkita",
    "tulla",
    "tulli",
    "tulo",
    "tulos",
    "tulva",
    "tumma",
    "tunkeutua",
    "tunne",
    "tunnelma",
    "tunnistaa",
    "tunnustaa",
    "tunnustus",
    "tuntea",
    "tuntematon",
    "tunti",
    "tuntua",
    "tuntuma",
    "tuntuvasti",
    "tuo",
    "tuoda",
    "tuoli",
    "tuolloin",
    "tuomari",
    "tuomaristo",
    "tuomas",
    "tuominen",
    "tuomio",
    "tuomioistuin",
    "tuomioja",
    "tuomita",
    "tuomo",
    "tuonti",
    "tuore",
    "tuotanto",
    "tuote",
    "tuottaa",
    "tuottaja",
    "tuotto",
    "tupakka",
    "tupo",
    "turha",
    "turhaan",
    "turhan",
    "turisti",
    "turkki",
    "turku",
    "turkulainen",
    "turnaus",
    "turunen",
    "turva",
    "turvaaminen",
    "turvallinen",
    "turvallisuus",
    "turvallisuusneuvosto",
    "turvata",
    "turvautua",
    "tuska",
    "tuskin",
    "tutkia",
    "tutkija",
    "tutkimus",
    "tutkimuslaitos",
    "tutkinta",
    "tutkinto",
    "tuttu",
    "tutustua",
    "tuula",
    "tuuli",
    "tuumia",
    "tv",
    "tyhjä",
    "tykätä",
    "tyrmätä",
    "tyttö",
    "tytär",
    "tytäryhtiö",
    "tyydyttää",
    "tyyli",
    "tyypillinen",
    "tyyppi",
    "tyytyväinen",
    "tyytyä",
    "työ",
    "työaika",
    "työehtosopimus",
    "työelämä",
    "työllistää",
    "työllisyys",
    "työmarkkina",
    "työministeriö",
    "työnantaja",
    "työntekijä",
    "työntää",
    "työpaikka",
    "työpäivä",
    "työryhmä",
    "työskennellä",
    "työskentely",
    "työsuhde",
    "työttömyys",
    "työtön",
    "työvoima",
    "työvoimatoimisto",
    "työväenpuolue",
    "tähdentää",
    "tähdätä",
    "tähti",
    "tähtäin",
    "tähän",
    "tähän_asti",
    "tähän_mennessä",
    "tällainen",
    "tällöin",
    "tämä",
    "tämän_päivän",
    "tänne",
    "tänään",
    "tärkeä",
    "tässä",
    "täydellinen",
    "täydentää",
    "täynnä",
    "täysi",
    "täysin",
    "täyteen",
    "täyttyä",
    "täyttää",
    "täytyä",
    "täällä",
    "täältä",
    "törkeä",
    "törmätä",
    "uhata",
    "uhka",
    "uhri",
    "uida",
    "uinti",
    "ukraina",
    "ulkoinen",
    "ulkomaa",
    "ulkomaalainen",
    "ulkomainen",
    "ulkoministeri",
    "ulkoministeriö",
    "ulkona",
    "ulkopolitiikka",
    "ulkopuolella",
    "ulkopuolelle",
    "ulkopuolinen",
    "ulkopuolinen",
    "ulla",
    "ulos",
    "ulottua",
    "ulottuvuus",
    "unelma",
    "uni",
    "unioni",
    "united",
    "unkari",
    "unohtaa",
    "unohtua",
    "uosukainen",
    "upea",
    "upm-kymmene",
    "upota",
    "ura",
    "urakka",
    "urheilija",
    "urheilu",
    "urho",
    "usa",
    "usea",
    "useasti",
    "useimmiten",
    "usein",
    "uskaltaa",
    "usko",
    "uskoa",
    "uskonnollinen",
    "uskonto",
    "uskottavuus",
    "uudelleen",
    "uudenlainen",
    "uudestaan",
    "uudistaa",
    "uudistaminen",
    "uudistus",
    "uusi",
    "uusi",
    "uusia",
    "uusimaa",
    "uutinen",
    "uutistoimisto",
    "uutuus",
    "v",
    "vaali",
    "vaalia",
    "vaalikausi",
    "vaalipiiri",
    "vaan",
    "vaara",
    "vaarallinen",
    "vaarantaa",
    "vaasa",
    "vaate",
    "vaatia",
    "vaatimaton",
    "vaatimus",
    "vaativa",
    "vahinko",
    "vahva",
    "vahvasti",
    "vahvistaa",
    "vahvistua",
    "vahvistus",
    "vahvuus",
    "vai",
    "vaihde",
    "vaihdella",
    "vaihe",
    "vaihtaa",
    "vaihtelu",
    "vaihto",
    "vaihtoehto",
    "vaihtua",
    "vaikea",
    "vaikeus",
    "vaikeuttaa",
    "vaikka",
    "vaikka",
    "vaikkei",
    "vaikuttaa",
    "vaikuttaja",
    "vaikutus",
    "vailla",
    "vaimo",
    "vain",
    "vainio",
    "vaiva",
    "vaivata",
    "vajaa",
    "vakaa",
    "vakaus",
    "vakava",
    "vakavasti",
    "vakituinen",
    "vakuuttaa",
    "vakuuttua",
    "vakuutus",
    "vakuutusyhtiö",
    "valikoima",
    "valinta",
    "valio",
    "valiokunta",
    "valita",
    "valitettavasti",
    "valittaa",
    "valitus",
    "valkeakoski",
    "valkoinen",
    "vallata",
    "vallita",
    "valloittaa",
    "valmentaa",
    "valmentaja",
    "valmet",
    "valmiiksi",
    "valmis",
    "valmistaa",
    "valmistaja",
    "valmistautua",
    "valmistella",
    "valmistelu",
    "valmistua",
    "valmistus",
    "valmius",
    "valo",
    "valoisa",
    "valokuva",
    "valta",
    "valtakunnallinen",
    "valtakunta",
    "valtaosa",
    "valtatie",
    "valtava",
    "valtio",
    "valtioneuvosto",
    "valtionosuus",
    "valtiovarainministeri",
    "valtiovarainministeriö",
    "valtuuskunta",
    "valtuusto",
    "valtuutettu",
    "valua",
    "valuutta",
    "valvoa",
    "valvonta",
    "vamma",
    "vammala",
    "vangita",
    "vanha",
    "vanha",
    "vanhainkoti",
    "vanhempi",
    "vanhus",
    "vankeus",
    "vanki",
    "vankila",
    "vankka",
    "vantaa",
    "vapaa",
    "vapaa",
    "vapaa-aika",
    "vapaaehtoinen",
    "vapaaehtoinen",
    "vapaasti",
    "vapaus",
    "vapauttaa",
    "vapauttaminen",
    "vapautua",
    "vappu",
    "vara",
    "varaan",
    "varapuheenjohtaja",
    "varassa",
    "varastaa",
    "varasto",
    "varata",
    "varautua",
    "varhain",
    "varhainen",
    "varjo",
    "varma",
    "varmaan",
    "varmasti",
    "varmistaa",
    "varmistua",
    "varmuus",
    "varoa",
    "varoittaa",
    "varoitus",
    "varovainen",
    "varrella",
    "varsi",
    "varsin",
    "varsinainen",
    "varsinais-suomi",
    "varsinkin",
    "varten",
    "varusmies",
    "varustaa",
    "vas",
    "vasemmisto",
    "vasemmistoliitto",
    "vasen",
    "vasta",
    "vasta_kun",
    "vastaaja",
    "vastaan",
    "vastaan",
    "vastaanottaa",
    "vastaanotto",
    "vastaava",
    "vastaavasti",
    "vastainen",
    "vastata",
    "vastaus",
    "vasten",
    "vastine",
    "vastoin",
    "vastustaa",
    "vastustaja",
    "vastuu",
    "vauhdittaa",
    "vauhti",
    "vaunu",
    "vauva",
    "vedota",
    "veijo",
    "veikko",
    "veistos",
    "veli",
    "veljekset",
    "velka",
    "velvoittaa",
    "velvollisuus",
    "vene",
    "vennamo",
    "venyä",
    "venäjä",
    "venäläinen",
    "venäläinen",
    "veri",
    "verkko",
    "verkosto",
    "vero",
    "veronmaksaja",
    "verottaa",
    "verotulo",
    "verotus",
    "verran",
    "verrata",
    "verrattuna",
    "versio",
    "verta",
    "vertailla",
    "vertailu",
    "vesa",
    "vesi",
    "vesistö",
    "veteraani",
    "veto",
    "vetoomus",
    "vetäjä",
    "vetäytyä",
    "vetää",
    "video",
    "viedä",
    "vielä",
    "vienti",
    "vierailla",
    "vierailu",
    "vieras",
    "vieras",
    "vieressä",
    "viesti",
    "viestintä",
    "viettää",
    "vihdoin",
    "vihollinen",
    "vihreä",
    "vihreä",
    "viidennes",
    "viides",
    "viihde",
    "viihtyä",
    "viikko",
    "viikonloppu",
    "viikonvaihde",
    "viime",
    "viime_aikoina",
    "viimeinen",
    "viimeistellä",
    "viimeistään",
    "viimeksi",
    "viimevuotinen",
    "viina",
    "viinanen",
    "viini",
    "viisas",
    "viisi",
    "viitasaari",
    "viitata",
    "vika",
    "viktor",
    "viljelijä",
    "viljellä",
    "vilkas",
    "ville",
    "villi",
    "vilppula",
    "vinkki",
    "virallinen",
    "virallisesti",
    "viranomainen",
    "virasto",
    "virhe",
    "virka",
    "virkamies",
    "viro",
    "virolainen",
    "virolainen",
    "virrata",
    "virta",
    "virta",
    "virtanen",
    "virus",
    "vladimir",
    "voi",
    "voida",
    "voima",
    "voimakas",
    "voimakkaasti",
    "voimala",
    "voimavara",
    "voittaa",
    "voittaja",
    "voitto",
    "volvo",
    "vr",
    "vuodenvaihde",
    "vuokra",
    "vuokrata",
    "vuoksi",
    "vuori",
    "vuoro",
    "vuorokausi",
    "vuosi",
    "vuosi",
    "vuosikausi",
    "vuosikymmen",
    "vuosisata",
    "vuosittain",
    "vuosituhat",
    "vuotias",
    "vuotias",
    "vuotinen",
    "vuotisjuhla",
    "vuotuinen",
    "väestö",
    "vähemmistö",
    "väheneminen",
    "vähentyä",
    "vähentäminen",
    "vähentää",
    "vähetä",
    "vähintään",
    "vähitellen",
    "vähä",
    "vähäinen",
    "vähän",
    "väinö",
    "väisänen",
    "väite",
    "väittää",
    "väitöskirja",
    "väki",
    "väkisin",
    "väkivalta",
    "väkivaltainen",
    "väkivaltaisuus",
    "väli",
    "väliaikainen",
    "välierä",
    "väliin",
    "välille",
    "välillä",
    "välillä",
    "väline",
    "välinen",
    "välissä",
    "välittäjä",
    "välittää",
    "välittömästi",
    "välityksellä",
    "välitön",
    "välttyä",
    "välttämättä",
    "välttämätön",
    "välttää",
    "väri",
    "värikäs",
    "väsyä",
    "väylä",
    "väyrynen",
    "väärin",
    "väärinkäytös",
    "väärä",
    "washington",
    "wien",
    "williams",
    "xa",
    "ydin",
    "ydinvoima",
    "ydinvoimala",
    "yhde",
    "yhdeksän",
    "yhdeksäs",
    "yhdessä",
    "yhdistelmä",
    "yhdistyminen",
    "yhdistys",
    "yhdistyä",
    "yhdistäminen",
    "yhdistää",
    "yhdysvallat",
    "yhdysvaltalainen",
    "yhteen",
    "yhteenotto",
    "yhteensä",
    "yhteinen",
    "yhteiskunnallinen",
    "yhteiskunta",
    "yhteistyö",
    "yhteistyökumppani",
    "yhteisö",
    "yhtenäinen",
    "yhteydessä",
    "yhteys",
    "yhtiö",
    "yhtye",
    "yhtymä",
    "yhtyä",
    "yhtä",
    "yhtä_hyvin",
    "yhtään",
    "yhä",
    "yhä_enemmän",
    "yk",
    "ykkönen",
    "yksi",
    "yksikkö",
    "yksilö",
    "yksimielinen",
    "yksimielisesti",
    "yksin",
    "yksinkertainen",
    "yksinkertaisesti",
    "yksinäinen",
    "yksittäinen",
    "yksityinen",
    "yksityinen",
    "yksityiskohta",
    "yle",
    "yleensä",
    "yleinen",
    "yleisesti",
    "yleistyä",
    "yleisurheilu",
    "yleisö",
    "ylempi",
    "yli",
    "yli",
    "ylimääräinen",
    "ylin",
    "yliopisto",
    "ylioppilas",
    "ylipäätään",
    "ylistää",
    "ylittää",
    "ylivieska",
    "ylivoima",
    "ylivoimainen",
    "yllä",
    "ylläpitää",
    "yllättävän",
    "yllättää",
    "yllätys",
    "ylpeä",
    "yltää",
    "yläaste",
    "ylöjärvi",
    "ylös",
    "ymmärtää",
    "ympäri",
    "ympärille",
    "ympärillä",
    "ympäristö",
    "ympäristökeskus",
    "ympäristöministeriö",
    "ympäröidä",
    "york",
    "yrittäjä",
    "yrittää",
    "yritys",
    "yritystoiminta",
    "yrjö",
    "ystävä",
    "yö",
    "äiti",
    "äskettäin",
    "äänekoski",
    "äänestys",
    "äänestäjä",
    "äänestää",
    "ääni",
    "äärimmäisen",
    "öljy"
  ]
}
