{
  "alphabet": {
    "lowercase": [
      "a",
      "b",
      "c",
      "ch",
      "d",
      "e",
      "f",
      "g",
      "h",
      "i",
      "j",
      "k",
      "l",
      "m",
      "n",
      "o",
      "p",
      "q",
      "r",
      "s",
      "t",
      "u",
      "v",
      "w",
      "x",
      "y",
      "z",
      "á",
      "é",
      "í",
      "ó",
      "ú",
      "ý",
      "č",
      "ď",
      "ě",
      "ň",
      "ř",
      "š",
      "ť",
      "ů",
      "ž"
    ],
    "uppercase": [
      "A",
      "B",
      "C",
      "Ch",
      "D",
      "E",
      "F",
      "G",
      "H",
      "I",
      "J",
      "K",
      "L",
      "M",
      "N",
      "O",
      "P",
      "Q",
      "R",
      "S",
      "T",
      "U",
      "V",
      "W",
      "X",
      "Y",
      "Z",
      "Á",
      "É",
      "Í",
      "Ó",
      "Ú",
      "Ý",
      "Č",
      "Ď",
      "Ě",
      "Ň",
      "Ř",
      "Š",
      "Ť",
      "Ů",
      "Ž"
    ]
  },
  "answers": [
    "Ano",
    "Může být",
    "Ne"
  ],
  "color": [
    "Bílý",
    "Hnědý",
    "Modrý",
    "Oranžový",
    "Purpurový",
    "Růžový",
    "Zelený",
    "Černý",
    "Červený",
    "Šedý",
    "Žlutý"
  ],
  "level": [
    "Extrémní",
    "Kritický",
    "Mírný",
    "Nízký",
    "Velmi vysoko",
    "Vysoký"
  ],
  "quotes": [
    "Test"
  ],
  "text": [
    "Mimo jiné je v něm implementován aplikační server Zope, instalátor a většina konfiguračních nástrojů Linuxové distribuce firmy Red Hat.",
    "Python je vyvíjen jako open source projekt, který zdarma nabízí instalační balíky pro většinu běžných platforem"
  ],
  "words": [
    "abby",
    "absolutně",
    "absurdní",
    "aby",
    "abych",
    "abychom",
    "abys",
    "abysme",
    "abyste",
    "ach",
    "adresa",
    "adresu",
    "agent",
    "agenta",
    "agente",
    "agenti",
    "ah",
    "aha",
    "ahoj",
    "aie",
    "akce",
    "akci",
    "akorát",
    "al",
    "alane",
    "ale",
    "alespoň",
    "alex",
    "alexi",
    "alice",
    "alkohol",
    "all",
    "amen",
    "americe",
    "americké",
    "americký",
    "amerika",
    "ameriky",
    "američan",
    "amy",
    "and",
    "andrew",
    "andy",
    "anděl",
    "anebo",
    "angeles",
    "anglicky",
    "anglie",
    "anglii",
    "ani",
    "aniž",
    "ann",
    "anna",
    "anne",
    "annie",
    "anno",
    "ano",
    "armáda",
    "armádu",
    "armády",
    "armádě",
    "ashley",
    "asi",
    "aspoň",
    "at",
    "au",
    "aut",
    "auta",
    "autem",
    "auto",
    "autobus",
    "autobusu",
    "autě",
    "ačkoliv",
    "ať",
    "až",
    "babek",
    "babi",
    "babička",
    "baby",
    "bacha",
    "balík",
    "balíček",
    "bance",
    "banda",
    "banka",
    "banky",
    "bar",
    "barney",
    "barry",
    "baru",
    "barva",
    "barvu",
    "barvy",
    "bastarde",
    "bavit",
    "baví",
    "bazénu",
    "be",
    "bejby",
    "bejt",
    "ben",
    "bene",
    "benzín",
    "ber",
    "bere",
    "berete",
    "bereš",
    "berou",
    "beru",
    "beth",
    "betty",
    "bez",
    "beze",
    "bezpečnost",
    "bezpečnosti",
    "bezpečnostní",
    "bezpečné",
    "bezpečně",
    "bezpečí",
    "bezva",
    "bezvědomí",
    "big",
    "bill",
    "bille",
    "billy",
    "bla",
    "blbec",
    "blbej",
    "blbost",
    "blbá",
    "blbý",
    "blbě",
    "blesk",
    "blázen",
    "blízko",
    "blíž",
    "blíží",
    "bob",
    "bobby",
    "bobe",
    "bod",
    "body",
    "bodů",
    "boha",
    "bohatství",
    "bohatý",
    "bohem",
    "bohové",
    "bohu",
    "bohužel",
    "boj",
    "boje",
    "boji",
    "bojoval",
    "bojovali",
    "bojovat",
    "bojovník",
    "bojí",
    "bojím",
    "bojíte",
    "bojíš",
    "boku",
    "bolest",
    "bolesti",
    "bolet",
    "bolí",
    "bomba",
    "bombu",
    "bomby",
    "bond",
    "bonde",
    "boty",
    "bouchačku",
    "bouře",
    "bože",
    "boží",
    "bral",
    "bratr",
    "bratra",
    "bratranec",
    "bratrem",
    "bratře",
    "bratři",
    "bravo",
    "brečet",
    "brian",
    "briane",
    "bruce",
    "brzo",
    "brzy",
    "brácha",
    "brácho",
    "brána",
    "bránit",
    "bránu",
    "brány",
    "brát",
    "brýle",
    "bud",
    "buddy",
    "bude",
    "budem",
    "budeme",
    "budete",
    "budeš",
    "budou",
    "budoucnost",
    "budoucnosti",
    "budoucí",
    "budova",
    "budovu",
    "budovy",
    "budově",
    "budu",
    "bum",
    "buď",
    "buďte",
    "by",
    "bych",
    "bychom",
    "bydlet",
    "bydlí",
    "bydlím",
    "bydlíš",
    "byl",
    "byla",
    "byli",
    "bylo",
    "byly",
    "bys",
    "bysme",
    "byste",
    "byt",
    "bytost",
    "bytosti",
    "bytu",
    "bytě",
    "báječné",
    "báječný",
    "bál",
    "bála",
    "bát",
    "bílá",
    "bílé",
    "bílý",
    "být",
    "býval",
    "bývalý",
    "během",
    "běž",
    "běžet",
    "běžte",
    "běží",
    "bůh",
    "carle",
    "carol",
    "carrie",
    "cartere",
    "casey",
    "celej",
    "celkem",
    "celou",
    "celá",
    "celé",
    "celého",
    "celém",
    "celý",
    "celým",
    "cena",
    "centra",
    "centru",
    "centrum",
    "centů",
    "cenu",
    "ceny",
    "cesta",
    "cestou",
    "cestu",
    "cesty",
    "cestě",
    "charles",
    "charlesi",
    "charlie",
    "charlotte",
    "chce",
    "chceme",
    "chcete",
    "chceš",
    "chci",
    "chlap",
    "chlapa",
    "chlapce",
    "chlapci",
    "chlape",
    "chlapec",
    "chlapem",
    "chlapi",
    "chlapy",
    "chlapík",
    "chlapče",
    "chlapů",
    "chleba",
    "chloe",
    "chlápek",
    "chlápka",
    "chodil",
    "chodila",
    "chodili",
    "chodit",
    "chodí",
    "chodím",
    "chodíš",
    "choval",
    "chovat",
    "chová",
    "chování",
    "chováš",
    "chris",
    "chrisi",
    "chránit",
    "chrání",
    "chtít",
    "chtějí",
    "chtěl",
    "chtěla",
    "chtěli",
    "chuck",
    "chucku",
    "chudák",
    "chutná",
    "chuť",
    "chviličku",
    "chvilku",
    "chvíle",
    "chvíli",
    "chvílí",
    "chyba",
    "chybu",
    "chyby",
    "chybí",
    "chybíš",
    "chyběl",
    "chybět",
    "chystá",
    "chystám",
    "chystáš",
    "chytil",
    "chytili",
    "chytit",
    "chytrej",
    "chytrá",
    "chytré",
    "chytrý",
    "chytí",
    "chytřejší",
    "chyť",
    "chyťte",
    "chápete",
    "chápeš",
    "chápu",
    "cia",
    "cigaretu",
    "cigarety",
    "city",
    "cizí",
    "claire",
    "clark",
    "clarku",
    "co",
    "cokoli",
    "cokoliv",
    "cole",
    "com",
    "copak",
    "cos",
    "což",
    "cože",
    "ctihodnosti",
    "ctí",
    "cvičení",
    "cvok",
    "cz",
    "czech",
    "cíl",
    "cíle",
    "cílem",
    "císař",
    "cítil",
    "cítila",
    "cítit",
    "cítí",
    "cítím",
    "cítíte",
    "cítíš",
    "da",
    "dají",
    "dal",
    "dala",
    "daleko",
    "dali",
    "dalo",
    "další",
    "dalších",
    "dalšího",
    "dalším",
    "dan",
    "dane",
    "daniel",
    "danieli",
    "danny",
    "dar",
    "data",
    "date",
    "datum",
    "dave",
    "david",
    "davide",
    "daří",
    "dcera",
    "dcerou",
    "dceru",
    "dcery",
    "dceři",
    "de",
    "deane",
    "debile",
    "dech",
    "dej",
    "dejte",
    "delší",
    "den",
    "denně",
    "deník",
    "deset",
    "deseti",
    "detaily",
    "detektiv",
    "detektive",
    "devět",
    "diamanty",
    "dispozici",
    "divadlo",
    "divné",
    "divný",
    "divně",
    "dlouho",
    "dlouhou",
    "dlouhá",
    "dlouhé",
    "dlouhý",
    "dlužím",
    "dlužíš",
    "dna",
    "dne",
    "dnech",
    "dnem",
    "dnes",
    "dneska",
    "dnešek",
    "dnešní",
    "dny",
    "dní",
    "dně",
    "dnů",
    "do",
    "dob",
    "doba",
    "dobou",
    "dobre",
    "dobrej",
    "dobro",
    "dobrodružství",
    "dobrou",
    "dobrá",
    "dobré",
    "dobrého",
    "dobrý",
    "dobrých",
    "dobrým",
    "dobu",
    "doby",
    "době",
    "dobře",
    "dobří",
    "docela",
    "dochází",
    "dohoda",
    "dohodli",
    "dohodu",
    "dohromady",
    "dojde",
    "dojdu",
    "dojem",
    "dojít",
    "dokola",
    "dokonale",
    "dokonalá",
    "dokonalé",
    "dokonalý",
    "dokonce",
    "dokončit",
    "doktor",
    "doktora",
    "doktore",
    "doktorem",
    "doktorka",
    "doktorko",
    "doktorovi",
    "doktoři",
    "dokud",
    "dokumenty",
    "dokázal",
    "dokázala",
    "dokázali",
    "dokázat",
    "dokáže",
    "dokážeme",
    "dokážete",
    "dokážeš",
    "dokážu",
    "dolar",
    "dolarů",
    "dole",
    "doleva",
    "dolu",
    "dolů",
    "doma",
    "domem",
    "domov",
    "domova",
    "domu",
    "domy",
    "domácí",
    "domě",
    "domů",
    "don",
    "done",
    "doopravdy",
    "dopadlo",
    "dopadne",
    "dopis",
    "dopisy",
    "doprava",
    "doprdele",
    "dopředu",
    "dorazí",
    "dort",
    "doslova",
    "dost",
    "dostal",
    "dostala",
    "dostali",
    "dostalo",
    "dostane",
    "dostaneme",
    "dostanete",
    "dostaneš",
    "dostanou",
    "dostanu",
    "dostat",
    "dostatečně",
    "dostaň",
    "dostaňte",
    "dostává",
    "dosud",
    "dosáhnout",
    "dotknout",
    "doufal",
    "doufala",
    "doufat",
    "doufejme",
    "doufám",
    "dovnitř",
    "dovol",
    "dovolenou",
    "dovolením",
    "dovolil",
    "dovolit",
    "dovolte",
    "dovolíte",
    "dozadu",
    "dozvěděl",
    "dozvědět",
    "dočkat",
    "došlo",
    "dr",
    "drahoušku",
    "drahá",
    "drahé",
    "drahý",
    "drink",
    "drog",
    "drogy",
    "druh",
    "druhou",
    "druhu",
    "druhá",
    "druhé",
    "druhého",
    "druhém",
    "druhý",
    "druhým",
    "drž",
    "držel",
    "držet",
    "držte",
    "drží",
    "držím",
    "duch",
    "ducha",
    "duchové",
    "duše",
    "duši",
    "dva",
    "dvacet",
    "dvakrát",
    "dvanáct",
    "dveře",
    "dveřmi",
    "dveří",
    "dvojčata",
    "dvou",
    "dvě",
    "dvěma",
    "dá",
    "dál",
    "dále",
    "dám",
    "dáma",
    "dáme",
    "dámo",
    "dámy",
    "dárek",
    "dárky",
    "dát",
    "dáte",
    "dávají",
    "dával",
    "dávat",
    "dávej",
    "dávejte",
    "dávno",
    "dává",
    "dávám",
    "dáváš",
    "dáš",
    "déle",
    "déšť",
    "dík",
    "díky",
    "dílo",
    "díra",
    "díru",
    "díry",
    "dítě",
    "dítěte",
    "dítětem",
    "dítěti",
    "díval",
    "dívala",
    "dívat",
    "dívej",
    "dívejte",
    "dívka",
    "dívku",
    "dívky",
    "dívá",
    "dívám",
    "díváš",
    "dýchat",
    "dýchej",
    "děcka",
    "děcko",
    "děda",
    "dědeček",
    "dědo",
    "děje",
    "děkujeme",
    "děkuji",
    "děkuju",
    "dělají",
    "dělal",
    "dělala",
    "dělali",
    "dělat",
    "dělej",
    "dělejte",
    "dělo",
    "dělá",
    "dělám",
    "děláme",
    "děláte",
    "děláš",
    "děsí",
    "dětem",
    "děti",
    "dětmi",
    "dětství",
    "dětí",
    "děvka",
    "děvko",
    "děvčata",
    "děvče",
    "dřív",
    "dříve",
    "důchodu",
    "důkaz",
    "důkazy",
    "důležitá",
    "důležité",
    "důležitého",
    "důležitý",
    "důležitější",
    "dům",
    "důstojník",
    "důvod",
    "důvodu",
    "důvody",
    "důvodů",
    "důvěru",
    "earle",
    "eddie",
    "ede",
    "eh",
    "ehm",
    "el",
    "elizabeth",
    "ellie",
    "emily",
    "energie",
    "energii",
    "enterprise",
    "ericu",
    "eriku",
    "ex",
    "existovat",
    "existuje",
    "existují",
    "extra",
    "fajn",
    "fakt",
    "fakta",
    "falešný",
    "fantastické",
    "fbi",
    "federace",
    "federální",
    "film",
    "filmu",
    "filmy",
    "finanční",
    "firma",
    "firmu",
    "firmy",
    "flotily",
    "for",
    "fotbal",
    "fotka",
    "fotku",
    "fotky",
    "fotografie",
    "francie",
    "francii",
    "frank",
    "frankie",
    "franku",
    "frodo",
    "fu",
    "fuk",
    "fungovat",
    "funguje",
    "funkce",
    "furt",
    "fér",
    "gary",
    "gay",
    "generace",
    "generál",
    "generála",
    "generále",
    "george",
    "georgi",
    "go",
    "grace",
    "gratuluji",
    "gratuluju",
    "génius",
    "ha",
    "had",
    "hajzle",
    "hajzlu",
    "hale",
    "halo",
    "haló",
    "hanku",
    "harry",
    "harvey",
    "he",
    "hej",
    "hele",
    "helen",
    "henry",
    "herec",
    "hergot",
    "heslo",
    "hey",
    "hezky",
    "hezká",
    "hezké",
    "hezký",
    "historie",
    "historii",
    "hlad",
    "hlas",
    "hlasy",
    "hlava",
    "hlavní",
    "hlavním",
    "hlavně",
    "hlavou",
    "hlavu",
    "hlavy",
    "hlavě",
    "hledají",
    "hledal",
    "hledala",
    "hledali",
    "hledat",
    "hledá",
    "hledám",
    "hledáme",
    "hledání",
    "hledáte",
    "hledáš",
    "hloupost",
    "hloupá",
    "hloupé",
    "hloupý",
    "hluboko",
    "hlupák",
    "hlásí",
    "hlášení",
    "hlídat",
    "hm",
    "hmm",
    "hned",
    "hnout",
    "hnusný",
    "ho",
    "hochu",
    "hodil",
    "hodin",
    "hodina",
    "hodinky",
    "hodinou",
    "hodinu",
    "hodiny",
    "hodinách",
    "hodit",
    "hodnej",
    "hodná",
    "hodný",
    "hodně",
    "hodí",
    "holce",
    "holek",
    "holka",
    "holkou",
    "holku",
    "holky",
    "holčička",
    "holčičko",
    "honem",
    "horko",
    "hory",
    "horší",
    "host",
    "hosty",
    "hotel",
    "hotelu",
    "hotovo",
    "hotová",
    "hotové",
    "hotový",
    "house",
    "hovor",
    "howarde",
    "hoď",
    "hoří",
    "hoši",
    "hra",
    "hraje",
    "hrajeme",
    "hrajete",
    "hraješ",
    "hraju",
    "hrají",
    "hranice",
    "hranici",
    "hraní",
    "hračka",
    "hrdina",
    "hrdý",
    "hrozná",
    "hrozné",
    "hrozný",
    "hrozně",
    "hru",
    "hry",
    "hrál",
    "hrála",
    "hráli",
    "hrát",
    "hráč",
    "hrůza",
    "http",
    "hubu",
    "hudba",
    "hudbu",
    "huh",
    "humor",
    "hurá",
    "hvězda",
    "hvězdné",
    "hvězdy",
    "hádat",
    "hádej",
    "hádám",
    "háje",
    "hře",
    "hřiště",
    "hůř",
    "i'm",
    "idiot",
    "idiote",
    "ihned",
    "in",
    "infarkt",
    "informace",
    "informaci",
    "informací",
    "inteligentní",
    "internetu",
    "is",
    "it",
    "ja",
    "jack",
    "jacka",
    "jackie",
    "jackson",
    "jacksone",
    "jacku",
    "jak",
    "jake",
    "jakej",
    "jakeu",
    "jakmile",
    "jako",
    "jakoby",
    "jakou",
    "jakto",
    "jaku",
    "jaká",
    "jaké",
    "jakého",
    "jakékoliv",
    "jakém",
    "jaký",
    "jakým",
    "james",
    "jamesi",
    "jane",
    "jasno",
    "jasné",
    "jasný",
    "jasně",
    "jason",
    "jasone",
    "jazyk",
    "jde",
    "jdem",
    "jdeme",
    "jdete",
    "jdeš",
    "jdi",
    "jdou",
    "jdu",
    "jděte",
    "je",
    "jean",
    "jed",
    "jede",
    "jedem",
    "jedeme",
    "jeden",
    "jedete",
    "jedeš",
    "jedinej",
    "jedinou",
    "jediná",
    "jediné",
    "jediný",
    "jediným",
    "jedině",
    "jedl",
    "jedna",
    "jednat",
    "jedno",
    "jednoduché",
    "jednoduchý",
    "jednoduše",
    "jednodušší",
    "jednoho",
    "jednom",
    "jednomu",
    "jednotka",
    "jednotky",
    "jednou",
    "jednu",
    "jedná",
    "jednání",
    "jedné",
    "jedním",
    "jedou",
    "jedu",
    "jeffe",
    "jeho",
    "jehož",
    "jej",
    "jejich",
    "její",
    "jejích",
    "jejího",
    "jejím",
    "jel",
    "jela",
    "jeli",
    "jelikož",
    "jemu",
    "jen",
    "jennifer",
    "jenny",
    "jenom",
    "jenž",
    "jenže",
    "jerry",
    "jersey",
    "jeskyně",
    "jess",
    "jesse",
    "jestli",
    "jestliže",
    "jet",
    "jezdit",
    "jezdí",
    "jezera",
    "jeď",
    "jeďte",
    "ješte",
    "ještě",
    "jež",
    "ježiši",
    "ježíš",
    "ježíši",
    "ji",
    "jich",
    "jih",
    "jill",
    "jim",
    "jime",
    "jimmy",
    "jinak",
    "jinam",
    "jinde",
    "jindy",
    "jinej",
    "jinou",
    "jiná",
    "jiné",
    "jiného",
    "jiném",
    "jinému",
    "jiní",
    "jiný",
    "jiných",
    "jinýho",
    "jiným",
    "jinými",
    "jist",
    "jistej",
    "jistotu",
    "jistá",
    "jisté",
    "jistý",
    "jistě",
    "jistěže",
    "již",
    "jižní",
    "jmenoval",
    "jmenuje",
    "jmenujete",
    "jmenuješ",
    "jmenuji",
    "jmenuju",
    "jména",
    "jménem",
    "jméno",
    "jménu",
    "jo",
    "joe",
    "joey",
    "john",
    "johna",
    "johne",
    "johnny",
    "jones",
    "jsem",
    "jseš",
    "jsi",
    "jsme",
    "jsou",
    "jste",
    "julie",
    "já",
    "jé",
    "jí",
    "jídla",
    "jídlo",
    "jídlu",
    "jím",
    "jíst",
    "jít",
    "jó",
    "kabát",
    "kafe",
    "kalhoty",
    "kalifornie",
    "kam",
    "kamarád",
    "kamaráda",
    "kamaráde",
    "kamarádi",
    "kamarádka",
    "kamarádky",
    "kamarády",
    "kameny",
    "kamera",
    "kameru",
    "kamery",
    "kancelář",
    "kanceláře",
    "kanceláři",
    "kanál",
    "kapitán",
    "kapitána",
    "kapitáne",
    "kapse",
    "kapsy",
    "karen",
    "kariéru",
    "kartu",
    "karty",
    "kate",
    "katie",
    "kašlu",
    "každej",
    "každopádně",
    "každou",
    "každá",
    "každé",
    "každého",
    "každém",
    "každému",
    "každý",
    "každýho",
    "každým",
    "kde",
    "kdekoliv",
    "kdepak",
    "kdes",
    "kdo",
    "kdokoli",
    "kdokoliv",
    "kdy",
    "kdyby",
    "kdybych",
    "kdybychom",
    "kdybys",
    "kdybyste",
    "kdykoli",
    "kdykoliv",
    "kdysi",
    "když",
    "ke",
    "kecy",
    "kelly",
    "kenny",
    "kevine",
    "kilo",
    "kilometrů",
    "kim",
    "kina",
    "klid",
    "klidně",
    "klidu",
    "klient",
    "klobouk",
    "klub",
    "klubu",
    "kluci",
    "kluk",
    "kluka",
    "klukem",
    "kluky",
    "klídek",
    "klíč",
    "klíče",
    "km",
    "kniha",
    "knihu",
    "knihy",
    "knize",
    "knížku",
    "kněz",
    "koho",
    "kola",
    "kole",
    "kolem",
    "kolena",
    "kolik",
    "kolikrát",
    "kolo",
    "koláč",
    "kom",
    "komandére",
    "kompletní",
    "komu",
    "konce",
    "koncert",
    "konci",
    "konec",
    "konečně",
    "koni",
    "kontakt",
    "kontaktu",
    "kontrola",
    "kontrolou",
    "kontrolovat",
    "kontrolu",
    "končí",
    "končím",
    "koně",
    "kopie",
    "kopii",
    "korekce",
    "kost",
    "kostela",
    "kostele",
    "kosti",
    "kotě",
    "koukat",
    "koukej",
    "koukejte",
    "koukni",
    "koukněte",
    "koukám",
    "koule",
    "koupelně",
    "koupil",
    "koupila",
    "koupit",
    "koupím",
    "kousek",
    "kousky",
    "kouzlo",
    "kouřit",
    "kozy",
    "kočka",
    "kočku",
    "kočky",
    "košili",
    "krabice",
    "krabici",
    "kretén",
    "kreténe",
    "krev",
    "krevní",
    "krista",
    "kriste",
    "kristepane",
    "krk",
    "krku",
    "krok",
    "kromě",
    "kruci",
    "krucinál",
    "krve",
    "krvi",
    "krvácení",
    "krví",
    "krysy",
    "král",
    "krále",
    "králem",
    "králi",
    "královna",
    "královnu",
    "království",
    "krása",
    "krásnou",
    "krásná",
    "krásné",
    "krásný",
    "krásně",
    "krát",
    "kráva",
    "ksakru",
    "kterej",
    "kterou",
    "která",
    "které",
    "kterého",
    "kterém",
    "kterému",
    "který",
    "kterých",
    "kterýho",
    "kterým",
    "kterými",
    "kteří",
    "ku",
    "kuchyni",
    "kuchyně",
    "kudy",
    "kufr",
    "kufru",
    "kulka",
    "kulku",
    "kulky",
    "kung",
    "kurz",
    "kus",
    "kusy",
    "kuře",
    "květiny",
    "kvůli",
    "kyle",
    "kámen",
    "kámo",
    "kámoš",
    "kámoše",
    "kámoši",
    "kávu",
    "kéž",
    "kód",
    "kým",
    "křičet",
    "křídla",
    "kšeft",
    "kůň",
    "kůže",
    "kůži",
    "la",
    "laboratoře",
    "lady",
    "lano",
    "larry",
    "las",
    "laskavost",
    "laskavě",
    "led",
    "ledu",
    "lee",
    "legenda",
    "legrace",
    "legraci",
    "legrační",
    "lehce",
    "lehké",
    "lehni",
    "lehnout",
    "lekce",
    "lekci",
    "lenny",
    "leo",
    "lepší",
    "lepšího",
    "les",
    "lesa",
    "lese",
    "let",
    "letadla",
    "letadle",
    "letadlo",
    "letech",
    "letišti",
    "letiště",
    "letos",
    "letu",
    "lety",
    "letí",
    "letět",
    "levá",
    "lež",
    "ležet",
    "leží",
    "lhal",
    "lhala",
    "lhát",
    "lhář",
    "li",
    "liber",
    "lid",
    "lidech",
    "lidem",
    "lidi",
    "lidmi",
    "lidskou",
    "lidská",
    "lidské",
    "lidský",
    "lidstvo",
    "lidu",
    "lidé",
    "lidí",
    "lily",
    "litovat",
    "lituji",
    "liz",
    "lodi",
    "lodí",
    "lodě",
    "lois",
    "londýna",
    "londýně",
    "loni",
    "lord",
    "los",
    "lou",
    "lov",
    "love",
    "loď",
    "ložnice",
    "ložnici",
    "lucy",
    "luku",
    "láhev",
    "lásce",
    "láska",
    "lásko",
    "láskou",
    "lásku",
    "lásky",
    "lék",
    "lékař",
    "léky",
    "lépe",
    "léta",
    "létat",
    "léto",
    "líbil",
    "líbila",
    "líbilo",
    "líbit",
    "líbí",
    "líbíš",
    "líp",
    "lístek",
    "lístky",
    "líto",
    "lže",
    "lžeš",
    "lži",
    "ma",
    "madam",
    "maggie",
    "magor",
    "maj",
    "majetek",
    "majitel",
    "major",
    "majore",
    "mají",
    "malej",
    "malou",
    "malá",
    "malé",
    "malého",
    "malí",
    "malý",
    "malých",
    "mam",
    "mami",
    "maminka",
    "man",
    "manžel",
    "manžela",
    "manželem",
    "manželka",
    "manželku",
    "manželství",
    "mapu",
    "maria",
    "marie",
    "mark",
    "marku",
    "martin",
    "martine",
    "marty",
    "mary",
    "masa",
    "masku",
    "maso",
    "matce",
    "materiál",
    "matka",
    "matko",
    "matkou",
    "matku",
    "matky",
    "matte",
    "max",
    "maxi",
    "me",
    "megan",
    "mel",
    "menší",
    "metrů",
    "mezi",
    "mezinárodní",
    "mezitím",
    "meč",
    "mi",
    "miami",
    "michael",
    "michaele",
    "michaeli",
    "michelle",
    "mike",
    "miku",
    "mil",
    "milion",
    "milionu",
    "miliony",
    "milionů",
    "milióny",
    "miliónů",
    "milost",
    "miloval",
    "milovala",
    "milovat",
    "miluje",
    "miluješ",
    "miluji",
    "miluju",
    "milují",
    "milá",
    "miláčku",
    "milé",
    "milý",
    "mimo",
    "mimochodem",
    "minule",
    "minulost",
    "minulosti",
    "minulou",
    "minulý",
    "minut",
    "minutku",
    "minutu",
    "minuty",
    "mise",
    "misi",
    "miss",
    "mistr",
    "mistře",
    "mladej",
    "mladá",
    "mladé",
    "mladí",
    "mladý",
    "mladší",
    "mluv",
    "mluvil",
    "mluvila",
    "mluvili",
    "mluvit",
    "mluvte",
    "mluví",
    "mluvím",
    "mluvíme",
    "mluvíte",
    "mluvíš",
    "mléko",
    "mlč",
    "mm",
    "mmm",
    "mne",
    "mnoha",
    "mnohem",
    "mnoho",
    "mnohokrát",
    "mnou",
    "množství",
    "mně",
    "mobil",
    "moc",
    "moci",
    "mockrát",
    "moct",
    "model",
    "moderní",
    "modrá",
    "modré",
    "modrý",
    "moh",
    "mohl",
    "mohla",
    "mohli",
    "mohlo",
    "mohly",
    "mohou",
    "mohu",
    "moje",
    "moji",
    "mojí",
    "molly",
    "moment",
    "momentálně",
    "most",
    "motor",
    "motory",
    "mou",
    "mozek",
    "mozku",
    "moře",
    "moři",
    "možnost",
    "možnosti",
    "možností",
    "možná",
    "možné",
    "možný",
    "mrtev",
    "mrtvej",
    "mrtvoly",
    "mrtvá",
    "mrtvé",
    "mrtvého",
    "mrtví",
    "mrtvý",
    "mrtvých",
    "mrzí",
    "mu",
    "muj",
    "musel",
    "musela",
    "museli",
    "muselo",
    "muset",
    "musí",
    "musím",
    "musíme",
    "musíte",
    "musíš",
    "muž",
    "muže",
    "mužem",
    "muži",
    "mužů",
    "my",
    "mysl",
    "myslel",
    "myslela",
    "mysleli",
    "myslet",
    "mysli",
    "myslim",
    "myslí",
    "myslím",
    "myslíme",
    "myslíte",
    "myslíš",
    "myšlenka",
    "myšlenky",
    "má",
    "málem",
    "málo",
    "mám",
    "máma",
    "máme",
    "mámou",
    "mámu",
    "mámy",
    "mámě",
    "máte",
    "máš",
    "mé",
    "mého",
    "mém",
    "mému",
    "méně",
    "mí",
    "míle",
    "mír",
    "míru",
    "míst",
    "místa",
    "místech",
    "místnost",
    "místnosti",
    "místní",
    "místo",
    "místě",
    "mít",
    "míč",
    "míň",
    "míří",
    "mý",
    "mých",
    "mýho",
    "mým",
    "mými",
    "mě",
    "měi",
    "měj",
    "mějte",
    "měl",
    "měla",
    "měli",
    "mělo",
    "měly",
    "měnit",
    "mění",
    "města",
    "město",
    "městě",
    "měsíc",
    "měsíce",
    "měsíci",
    "měsíců",
    "můj",
    "můstek",
    "může",
    "můžem",
    "můžeme",
    "můžete",
    "můžeš",
    "můžou",
    "můžu",
    "na",
    "nabídka",
    "nabídku",
    "nabídl",
    "nabídnout",
    "nad",
    "nadále",
    "naděje",
    "naději",
    "nahlas",
    "nahoru",
    "nahoře",
    "najal",
    "najde",
    "najdeme",
    "najdete",
    "najdeš",
    "najdi",
    "najdou",
    "najdu",
    "najděte",
    "najednou",
    "najevo",
    "najíst",
    "najít",
    "nakonec",
    "nalevo",
    "nancy",
    "naopak",
    "napadl",
    "napadlo",
    "napiš",
    "naposled",
    "naposledy",
    "napravit",
    "naprosto",
    "naproti",
    "napsal",
    "napsala",
    "napsat",
    "napít",
    "napětí",
    "napřed",
    "například",
    "napůl",
    "narazil",
    "narodil",
    "narodila",
    "narozeniny",
    "narozeninám",
    "narození",
    "nashle",
    "nashledanou",
    "nastup",
    "nate",
    "naučil",
    "naučila",
    "naučit",
    "navrhuji",
    "navzdory",
    "navzájem",
    "navíc",
    "navěky",
    "navštívit",
    "navždy",
    "nazdar",
    "nazval",
    "načase",
    "naše",
    "našeho",
    "našel",
    "našem",
    "našemu",
    "naši",
    "našich",
    "našim",
    "našimi",
    "našla",
    "našli",
    "naštvaná",
    "naštvaný",
    "naštěstí",
    "naší",
    "naším",
    "naživu",
    "ne",
    "nebaví",
    "nebe",
    "neber",
    "nebezpečná",
    "nebezpečné",
    "nebezpečný",
    "nebezpečí",
    "nebi",
    "nebo",
    "neboj",
    "nebojte",
    "nebojím",
    "neboť",
    "nebude",
    "nebudeme",
    "nebudete",
    "nebudeš",
    "nebudou",
    "nebudu",
    "nebuď",
    "nebuďte",
    "nebyl",
    "nebyla",
    "nebyli",
    "nebylo",
    "nebyly",
    "nebýt",
    "nech",
    "nechal",
    "nechala",
    "nechali",
    "nechat",
    "nechce",
    "nechceme",
    "nechcete",
    "nechceš",
    "nechci",
    "nechej",
    "nechodí",
    "nechoď",
    "nechoďte",
    "nechte",
    "nechtějí",
    "nechtěl",
    "nechtěla",
    "nechtěli",
    "nechá",
    "nechám",
    "necháme",
    "nechápete",
    "nechápeš",
    "nechápu",
    "necháte",
    "necháš",
    "nechť",
    "neco",
    "necítím",
    "nedal",
    "nedokázal",
    "nedokáže",
    "nedokážeš",
    "nedokážu",
    "nedorozumění",
    "nedostal",
    "nedostane",
    "nedostaneme",
    "nedostaneš",
    "nedostanu",
    "nedotýkej",
    "nedovolím",
    "nedá",
    "nedám",
    "nedávno",
    "nedává",
    "nedáš",
    "nedívej",
    "neděje",
    "nedělal",
    "nedělej",
    "nedělejte",
    "neděli",
    "nedělá",
    "nedělám",
    "neexistuje",
    "nefunguje",
    "negativní",
    "nehoda",
    "nehodlám",
    "nehodu",
    "nehýbej",
    "nejbližší",
    "nejde",
    "nejdeš",
    "nejdu",
    "nejdřív",
    "nejdříve",
    "nejdůležitější",
    "nejen",
    "nejhorší",
    "nejkrásnější",
    "nejlepší",
    "nejlepších",
    "nejlepšího",
    "nejlepším",
    "nejlépe",
    "nejlíp",
    "nejmenší",
    "nejméně",
    "nejmíň",
    "nejprve",
    "nejrychleji",
    "nejsem",
    "nejseš",
    "nejsi",
    "nejsme",
    "nejsou",
    "nejspíš",
    "nejste",
    "nejvyšší",
    "nejvíc",
    "nejvíce",
    "největší",
    "nelze",
    "nelíbí",
    "nemají",
    "nemluv",
    "nemluvil",
    "nemluví",
    "nemluvím",
    "nemoc",
    "nemoci",
    "nemocnice",
    "nemocnici",
    "nemocná",
    "nemocný",
    "nemohl",
    "nemohla",
    "nemohli",
    "nemohou",
    "nemohu",
    "nemožné",
    "nemusel",
    "nemusela",
    "nemusí",
    "nemusím",
    "nemusíme",
    "nemusíte",
    "nemusíš",
    "nemyslel",
    "nemyslela",
    "nemysli",
    "nemyslím",
    "nemyslíte",
    "nemyslíš",
    "nemá",
    "nemám",
    "nemáme",
    "nemáte",
    "nemáš",
    "neměj",
    "neměl",
    "neměla",
    "neměli",
    "nemělo",
    "nemůže",
    "nemůžeme",
    "nemůžete",
    "nemůžeš",
    "nemůžou",
    "nemůžu",
    "nenapadlo",
    "nenašel",
    "nenašli",
    "nenech",
    "nenechal",
    "nenechte",
    "nenechám",
    "neni",
    "nenávidí",
    "nenávidím",
    "nenávidět",
    "není",
    "nepamatuješ",
    "nepamatuju",
    "nepatří",
    "neplatí",
    "nepomůže",
    "nepotřebuje",
    "nepotřebujeme",
    "nepotřebuješ",
    "nepotřebuji",
    "nepotřebuju",
    "nepřijde",
    "nepřišel",
    "nepřišla",
    "nepřátelé",
    "nepřítel",
    "nepřítele",
    "nepůjde",
    "nepůjdeš",
    "nepůjdu",
    "nerad",
    "nerozumím",
    "nerozumíš",
    "nervy",
    "nervózní",
    "nesahej",
    "neslyšel",
    "neslyšela",
    "neslyším",
    "nesmysl",
    "nesmysly",
    "nesmí",
    "nesmím",
    "nesmíme",
    "nesmíte",
    "nesmíš",
    "nesnáší",
    "nesnáším",
    "nestalo",
    "nestane",
    "nestačí",
    "nestojí",
    "nestřílejte",
    "netrap",
    "netušil",
    "netuším",
    "neudělal",
    "neudělala",
    "neudělali",
    "neudělá",
    "neudělám",
    "neuděláš",
    "neumí",
    "neumím",
    "neumíš",
    "neustále",
    "neuvěřitelné",
    "neuvěřitelný",
    "neuvěřitelně",
    "nevadilo",
    "nevadí",
    "nevidí",
    "nevidím",
    "nevidíš",
    "neviděl",
    "neviděla",
    "neviděli",
    "nevim",
    "nevinný",
    "nevrátí",
    "nevrátím",
    "nevypadá",
    "nevzal",
    "nevzpomínám",
    "neví",
    "nevím",
    "nevíme",
    "nevíte",
    "nevíš",
    "nevědí",
    "nevěděl",
    "nevěděla",
    "nevěděli",
    "nevěřil",
    "nevěří",
    "nevěřím",
    "nevěříš",
    "nevšiml",
    "new",
    "nezabil",
    "nezajímá",
    "nezapomenu",
    "nezapomeň",
    "nezapomeňte",
    "nezastaví",
    "nezdá",
    "nezlob",
    "nezmění",
    "neznamená",
    "nezná",
    "neznám",
    "neznáme",
    "neznáte",
    "neznáš",
    "nezvládnu",
    "nezáleží",
    "nečekal",
    "neřekl",
    "neřekla",
    "neřekli",
    "neřekneš",
    "neřeknu",
    "neříkal",
    "neříkej",
    "neříkejte",
    "neříká",
    "neříkám",
    "nešel",
    "nešlo",
    "neštěstí",
    "než",
    "ni",
    "nic",
    "nich",
    "nick",
    "nicku",
    "nicméně",
    "nie",
    "nijak",
    "nikam",
    "nikde",
    "nikdo",
    "nikdy",
    "nikoho",
    "nikomu",
    "nikým",
    "nim",
    "nima",
    "nimi",
    "ničeho",
    "ničem",
    "ničemu",
    "ničí",
    "ničím",
    "no",
    "noc",
    "noci",
    "noha",
    "nohama",
    "nohou",
    "nohu",
    "nohy",
    "normální",
    "normálně",
    "nos",
    "nosit",
    "nosu",
    "nosí",
    "novej",
    "novin",
    "noviny",
    "novinách",
    "novou",
    "nová",
    "nové",
    "nového",
    "novém",
    "nový",
    "nových",
    "novým",
    "noční",
    "nula",
    "nutné",
    "nutí",
    "nuže",
    "nyní",
    "náboje",
    "nádhera",
    "nádherná",
    "nádherné",
    "nádherný",
    "nádherně",
    "nádraží",
    "náhle",
    "náhoda",
    "náhodou",
    "náklaďák",
    "náladu",
    "nám",
    "náma",
    "námi",
    "námořní",
    "nápad",
    "nápady",
    "národ",
    "národní",
    "nás",
    "násilí",
    "následky",
    "návrat",
    "návratu",
    "návrh",
    "návštěvu",
    "názor",
    "náš",
    "né",
    "ní",
    "ním",
    "níž",
    "ně",
    "něco",
    "něho",
    "něj",
    "nějací",
    "nějak",
    "nějakej",
    "nějakou",
    "nějaká",
    "nějaké",
    "nějakého",
    "nějakém",
    "nějaký",
    "nějakýho",
    "nějakým",
    "někam",
    "někde",
    "někdo",
    "někdy",
    "někoho",
    "několik",
    "několika",
    "několikrát",
    "někomu",
    "některé",
    "některý",
    "někteří",
    "někým",
    "něm",
    "němci",
    "němu",
    "něčeho",
    "něčem",
    "něčemu",
    "něčí",
    "něčím",
    "nůž",
    "oba",
    "obavy",
    "obchod",
    "obchodní",
    "obchodu",
    "obchody",
    "obchodě",
    "období",
    "objevil",
    "objevila",
    "objevili",
    "objeví",
    "oblast",
    "oblasti",
    "oblek",
    "oblečení",
    "obličej",
    "obličeje",
    "oblíbená",
    "oblíbený",
    "obou",
    "obranu",
    "obrany",
    "obraz",
    "obrovská",
    "obrovské",
    "obrovský",
    "obrázek",
    "obrázky",
    "obvinění",
    "obvykle",
    "obyčejný",
    "obávám",
    "občas",
    "obě",
    "oběd",
    "oběma",
    "oběti",
    "obětí",
    "oběť",
    "oceánu",
    "och",
    "ochranu",
    "ochránit",
    "od",
    "odchod",
    "odchází",
    "odcházím",
    "oddělení",
    "ode",
    "odejde",
    "odejdeš",
    "odejdi",
    "odejdu",
    "odejděte",
    "odejít",
    "odešel",
    "odešla",
    "odešli",
    "odjel",
    "odjela",
    "odjet",
    "odkdy",
    "odkud",
    "odmítl",
    "odměnu",
    "odpoledne",
    "odpovědi",
    "odpovědět",
    "odpověz",
    "odpovězte",
    "odpověď",
    "odpočinout",
    "odpusť",
    "odpusťte",
    "odpuštění",
    "odstranit",
    "odsud",
    "odtamtud",
    "odtud",
    "odvahu",
    "odveďte",
    "odvézt",
    "odznak",
    "of",
    "oficiální",
    "oficiálně",
    "oh",
    "oheň",
    "ohledně",
    "ohledu",
    "ohně",
    "ok",
    "oka",
    "okamžik",
    "okamžiku",
    "okamžitě",
    "okay",
    "okej",
    "okna",
    "okno",
    "oko",
    "okolností",
    "okolo",
    "okolí",
    "okouzlující",
    "omlouvám",
    "omluv",
    "omluvit",
    "omluvte",
    "omluvu",
    "omyl",
    "on",
    "ona",
    "one",
    "oni",
    "ono",
    "ony",
    "ooh",
    "opakovat",
    "opakuji",
    "opatrná",
    "opatrný",
    "opatrně",
    "opatření",
    "operace",
    "operaci",
    "opice",
    "opilý",
    "opravdová",
    "opravdové",
    "opravdový",
    "opravdu",
    "opravit",
    "opustil",
    "opustila",
    "opustit",
    "opět",
    "organizace",
    "oslavu",
    "osm",
    "osoba",
    "osobní",
    "osobně",
    "osobu",
    "osoby",
    "ostatní",
    "ostatních",
    "ostatním",
    "ostatními",
    "ostrov",
    "ostrova",
    "ostrově",
    "osud",
    "osudu",
    "otce",
    "otcem",
    "otci",
    "otec",
    "otevřel",
    "otevřené",
    "otevřete",
    "otevři",
    "otevřít",
    "otisky",
    "otoč",
    "otočit",
    "otočte",
    "otázek",
    "otázka",
    "otázkou",
    "otázku",
    "otázky",
    "otče",
    "ou",
    "ovládat",
    "ovládání",
    "ovoce",
    "ovšem",
    "očekává",
    "oči",
    "očima",
    "očividně",
    "očí",
    "očích",
    "pa",
    "pacient",
    "pacienta",
    "padej",
    "padesát",
    "padáka",
    "padáme",
    "pak",
    "pal",
    "palbu",
    "palubu",
    "palubě",
    "pam",
    "pamatovat",
    "pamatuj",
    "pamatujete",
    "pamatuješ",
    "pamatuji",
    "pamatujte",
    "pamatuju",
    "paměti",
    "paměť",
    "pan",
    "pana",
    "pane",
    "panebože",
    "panem",
    "panna",
    "panu",
    "panáka",
    "paní",
    "papír",
    "papíry",
    "parchant",
    "parchante",
    "pardon",
    "park",
    "parku",
    "partner",
    "party",
    "paráda",
    "pas",
    "past",
    "pasti",
    "patnáct",
    "patro",
    "patře",
    "patří",
    "paul",
    "paule",
    "pauzu",
    "paříž",
    "paříže",
    "paříži",
    "pekla",
    "pekle",
    "peklo",
    "penis",
    "penny",
    "peníze",
    "peněz",
    "penězi",
    "peněženku",
    "perfektní",
    "pero",
    "pes",
    "pete",
    "peter",
    "petere",
    "petr",
    "petře",
    "pevně",
    "phile",
    "pil",
    "pilot",
    "pistole",
    "pistoli",
    "pití",
    "piva",
    "pivo",
    "pizzu",
    "piš",
    "planeta",
    "planetu",
    "planety",
    "planetě",
    "platit",
    "platí",
    "platím",
    "plavat",
    "ples",
    "plno",
    "plnou",
    "plná",
    "plné",
    "plný",
    "plně",
    "plukovník",
    "plukovníku",
    "plus",
    "plyn",
    "plán",
    "plánu",
    "plány",
    "pláž",
    "pláži",
    "po",
    "poblíž",
    "pobřeží",
    "pochopil",
    "pochopit",
    "pochybuji",
    "pochybuju",
    "pochází",
    "pocit",
    "pocity",
    "pod",
    "podat",
    "podařilo",
    "podaří",
    "podej",
    "podepsal",
    "podepsat",
    "podezřelý",
    "podezření",
    "podle",
    "podmínky",
    "podnik",
    "podobné",
    "podobného",
    "podobný",
    "podpis",
    "podporu",
    "podrž",
    "podstatě",
    "podvod",
    "podíl",
    "podíval",
    "podívat",
    "podívej",
    "podívejme",
    "podívejte",
    "podívám",
    "podíváme",
    "poděkovat",
    "pohled",
    "pohledu",
    "pohni",
    "pohněte",
    "pohodlí",
    "pohodě",
    "pohotovost",
    "pohov",
    "pohromadě",
    "pohyb",
    "pohybu",
    "pohřbu",
    "pohřeb",
    "pojd",
    "pojedeme",
    "pojedeš",
    "pojedu",
    "pojištění",
    "pojď",
    "pojďme",
    "pojďte",
    "pokaždé",
    "poklad",
    "pokoj",
    "pokoje",
    "pokoji",
    "pokoušel",
    "pokračovat",
    "pokračuj",
    "pokračuje",
    "pokračujte",
    "pokud",
    "pokus",
    "pokusil",
    "pokusí",
    "pokusím",
    "polda",
    "poldové",
    "poldy",
    "pole",
    "poledne",
    "poli",
    "polib",
    "polibek",
    "policajt",
    "policajti",
    "policejní",
    "policie",
    "policii",
    "policista",
    "polovina",
    "polovinu",
    "polož",
    "položit",
    "položte",
    "políbit",
    "pomalu",
    "pomoc",
    "pomoci",
    "pomoct",
    "pomocí",
    "pomohl",
    "pomohla",
    "pomohli",
    "pomohlo",
    "pomoz",
    "pomozte",
    "pomož",
    "pomáhal",
    "pomáhat",
    "pomáhá",
    "poměr",
    "pomůže",
    "pomůžete",
    "pomůžeš",
    "pomůžu",
    "pondělí",
    "poněkud",
    "ponětí",
    "poplach",
    "popovídat",
    "popravdě",
    "poprvé",
    "poradit",
    "porazit",
    "porno",
    "poručík",
    "poručíku",
    "posaď",
    "posaďte",
    "posily",
    "poslal",
    "poslala",
    "poslali",
    "poslat",
    "poslechni",
    "poslechnout",
    "poslední",
    "posledních",
    "posledního",
    "posledním",
    "posledně",
    "poslouchal",
    "poslouchat",
    "poslouchej",
    "poslouchejte",
    "poslouchám",
    "posloucháš",
    "poslyš",
    "poslyšte",
    "pospěš",
    "pospěšte",
    "postarat",
    "postarej",
    "postará",
    "postarám",
    "postav",
    "postavení",
    "postavil",
    "postavili",
    "postavit",
    "postel",
    "postele",
    "posteli",
    "postup",
    "posádka",
    "posádky",
    "posílá",
    "potichu",
    "potkal",
    "potkala",
    "potkali",
    "potkat",
    "potom",
    "potrvá",
    "poté",
    "potíže",
    "potěšení",
    "potěšením",
    "potřeba",
    "potřeboval",
    "potřebovala",
    "potřebovali",
    "potřebovat",
    "potřebuje",
    "potřebujem",
    "potřebujeme",
    "potřebujete",
    "potřebuješ",
    "potřebuji",
    "potřebuju",
    "potřebují",
    "pouta",
    "pouze",
    "použij",
    "použil",
    "použít",
    "používají",
    "používat",
    "používá",
    "povede",
    "povedlo",
    "povinnost",
    "povinnosti",
    "povolení",
    "povrchu",
    "povídal",
    "povídat",
    "povídej",
    "povídá",
    "povídám",
    "povím",
    "pověst",
    "pověz",
    "povězte",
    "pozdrav",
    "pozdě",
    "později",
    "pozice",
    "pozici",
    "poznal",
    "poznala",
    "poznali",
    "poznat",
    "pozná",
    "poznám",
    "poznámky",
    "poznávám",
    "poznáš",
    "pozor",
    "pozornost",
    "pozorně",
    "pozval",
    "pozvala",
    "pozvat",
    "pozvání",
    "počasí",
    "počet",
    "počkat",
    "počkej",
    "počkejte",
    "počkám",
    "počkáme",
    "počítat",
    "počítač",
    "počítače",
    "počítači",
    "pořád",
    "pořádku",
    "pořádnou",
    "pořádný",
    "pořádně",
    "poškození",
    "pošle",
    "pošleme",
    "pošlete",
    "pošli",
    "pošlou",
    "pošlu",
    "požádal",
    "požádala",
    "požádat",
    "prach",
    "prachy",
    "pracoval",
    "pracovala",
    "pracovali",
    "pracovat",
    "pracovní",
    "pracuje",
    "pracujeme",
    "pracujete",
    "pracuješ",
    "pracuji",
    "pracuju",
    "pracují",
    "prací",
    "prakticky",
    "prase",
    "pravda",
    "pravdou",
    "pravdu",
    "pravdy",
    "pravdě",
    "pravděpodobně",
    "pravidel",
    "pravidla",
    "pravidlo",
    "pravou",
    "pravá",
    "pravé",
    "pravý",
    "praštil",
    "prd",
    "prdele",
    "prdeli",
    "prej",
    "prezident",
    "prezidenta",
    "prezidente",
    "prima",
    "princ",
    "princezna",
    "princezno",
    "pro",
    "problém",
    "problému",
    "problémy",
    "problémů",
    "proboha",
    "probrat",
    "probudil",
    "probuď",
    "proc",
    "procent",
    "proces",
    "prodal",
    "prodat",
    "prodej",
    "prodávat",
    "prodává",
    "profesionální",
    "profesor",
    "profesore",
    "program",
    "programu",
    "prohlášení",
    "prohrál",
    "projekt",
    "projektu",
    "projet",
    "projít",
    "promiň",
    "promiňte",
    "promluvil",
    "promluvit",
    "promluvím",
    "promluvíme",
    "prostor",
    "prostoru",
    "prostě",
    "prostředí",
    "prosím",
    "proti",
    "proto",
    "protože",
    "proud",
    "provedl",
    "provést",
    "prozatím",
    "proč",
    "prošel",
    "prošla",
    "prošli",
    "prsa",
    "prst",
    "prsten",
    "prsty",
    "prstů",
    "první",
    "prvního",
    "prvním",
    "prvé",
    "pryč",
    "práce",
    "práci",
    "prádlo",
    "práva",
    "právník",
    "právníka",
    "právo",
    "právě",
    "prázdný",
    "prášky",
    "prý",
    "průkaz",
    "psa",
    "psal",
    "psi",
    "psy",
    "psát",
    "psí",
    "ptal",
    "ptala",
    "ptá",
    "pták",
    "ptáka",
    "ptám",
    "ptát",
    "ptáš",
    "puls",
    "pustil",
    "pustili",
    "pustit",
    "pusu",
    "pusy",
    "pusť",
    "pusťte",
    "pušku",
    "pytel",
    "pyšný",
    "pálí",
    "pán",
    "pána",
    "páni",
    "pánové",
    "pár",
    "párkrát",
    "párty",
    "pátek",
    "péro",
    "péči",
    "píseň",
    "písničku",
    "pít",
    "píše",
    "píšu",
    "pěknej",
    "pěknou",
    "pěkná",
    "pěkné",
    "pěkný",
    "pěkně",
    "pět",
    "pěti",
    "pěšky",
    "přece",
    "přeci",
    "před",
    "přede",
    "předem",
    "především",
    "přednost",
    "přední",
    "předpokládám",
    "představ",
    "představa",
    "představení",
    "představil",
    "představit",
    "představte",
    "představu",
    "předstírat",
    "předtím",
    "přeje",
    "přejete",
    "přeji",
    "přeju",
    "přejít",
    "překlad",
    "překvapení",
    "přeložil",
    "přemýšlej",
    "přemýšlel",
    "přemýšlela",
    "přemýšlet",
    "přemýšlím",
    "přepínám",
    "přes",
    "přesně",
    "přestal",
    "přestala",
    "přestane",
    "přestat",
    "přestaň",
    "přestaňte",
    "přesto",
    "přesvědčit",
    "přečíst",
    "přežil",
    "přežili",
    "přežití",
    "přežít",
    "při",
    "přicházejí",
    "přichází",
    "přidat",
    "přidej",
    "přijal",
    "přijde",
    "přijdeme",
    "přijdete",
    "přijdeš",
    "přijdou",
    "přijdu",
    "přijede",
    "přijel",
    "přijela",
    "přijeli",
    "přijet",
    "přijmout",
    "přijít",
    "přijď",
    "přijďte",
    "přinejmenším",
    "přines",
    "přinese",
    "přinesl",
    "přinesla",
    "přineste",
    "přinesu",
    "přináší",
    "přinést",
    "připadá",
    "připadám",
    "připomíná",
    "připrav",
    "připraven",
    "připravena",
    "připravenej",
    "připraveni",
    "připraveno",
    "připravená",
    "připravený",
    "připravil",
    "připravit",
    "připravte",
    "přirozeně",
    "přistání",
    "přitom",
    "přivedl",
    "přiveď",
    "přiveďte",
    "přivádí",
    "přivést",
    "přiznat",
    "přišel",
    "přišla",
    "přišli",
    "přišlo",
    "přál",
    "přála",
    "přání",
    "přát",
    "přátel",
    "přátele",
    "přáteli",
    "přátelství",
    "přátelé",
    "příběh",
    "příběhu",
    "příběhy",
    "příjem",
    "příjemné",
    "příjemný",
    "příkaz",
    "příklad",
    "příležitost",
    "příležitosti",
    "příliš",
    "přímo",
    "případ",
    "případu",
    "případy",
    "případě",
    "přísahám",
    "přístavu",
    "přístup",
    "přítel",
    "přítele",
    "přítelem",
    "příteli",
    "přítelkyni",
    "přítelkyně",
    "přítomnost",
    "příští",
    "příště",
    "půjde",
    "půjdem",
    "půjdeme",
    "půjdete",
    "půjdeš",
    "půjdou",
    "půjdu",
    "půjčit",
    "půl",
    "půlku",
    "půlnoci",
    "původní",
    "rachel",
    "rada",
    "radost",
    "radostí",
    "radu",
    "rady",
    "raději",
    "radši",
    "rakety",
    "rakovinu",
    "rande",
    "randy",
    "ray",
    "rayi",
    "raz",
    "reakce",
    "red",
    "respekt",
    "restaurace",
    "restauraci",
    "richard",
    "richarde",
    "ricky",
    "riskovat",
    "riziko",
    "robert",
    "roberte",
    "robin",
    "robot",
    "roce",
    "rock",
    "rocky",
    "rodina",
    "rodinou",
    "rodinu",
    "rodiny",
    "rodině",
    "rodiče",
    "rodičů",
    "rodičům",
    "rohu",
    "rok",
    "rokem",
    "roku",
    "roky",
    "roků",
    "roli",
    "rory",
    "rose",
    "roste",
    "rovnou",
    "rovně",
    "royi",
    "rozdíl",
    "rozešli",
    "rozhodl",
    "rozhodla",
    "rozhodli",
    "rozhodne",
    "rozhodnout",
    "rozhodnutí",
    "rozhodně",
    "rozhovor",
    "rozkaz",
    "rozkazy",
    "rozloučit",
    "roztomilý",
    "rozum",
    "rozumím",
    "rozumíte",
    "rozumíš",
    "rozumět",
    "rty",
    "ruce",
    "ruka",
    "rukama",
    "rukojmí",
    "rukou",
    "ruku",
    "ruky",
    "rusové",
    "ruším",
    "ryan",
    "ryba",
    "ryby",
    "rychle",
    "rychleji",
    "rychlejší",
    "rychlost",
    "rychlé",
    "rychlý",
    "rád",
    "ráda",
    "rádi",
    "rádio",
    "rána",
    "ráno",
    "ránu",
    "rány",
    "různé",
    "různých",
    "sa",
    "sakra",
    "sakru",
    "sally",
    "salát",
    "sam",
    "sama",
    "same",
    "sami",
    "sammy",
    "samo",
    "samotného",
    "samotě",
    "samozřejmě",
    "samá",
    "samé",
    "samý",
    "san",
    "sandy",
    "santa",
    "sarah",
    "sbohem",
    "schodech",
    "schopen",
    "schopni",
    "schopnost",
    "schopnosti",
    "schopná",
    "schopný",
    "schovat",
    "schovej",
    "schůzku",
    "scott",
    "scotte",
    "scénu",
    "scénář",
    "se",
    "seane",
    "sebe",
    "seber",
    "sebevražda",
    "sebevraždu",
    "sebou",
    "sebral",
    "sedm",
    "sedmi",
    "sedni",
    "sednout",
    "sedněte",
    "sedí",
    "sedím",
    "seděl",
    "sedět",
    "sehnal",
    "sehnat",
    "sejdeme",
    "sejít",
    "sekund",
    "sem",
    "sen",
    "sendvič",
    "senzory",
    "senátore",
    "seru",
    "seržant",
    "seržante",
    "ses",
    "sestra",
    "sestro",
    "sestrou",
    "sestru",
    "sestry",
    "sestře",
    "set",
    "setkal",
    "setkali",
    "setkat",
    "setkáme",
    "setkání",
    "sever",
    "severní",
    "severu",
    "sex",
    "sexu",
    "sexuální",
    "sexy",
    "seznam",
    "seznamu",
    "seznámit",
    "seš",
    "seženu",
    "sežeň",
    "sežeňte",
    "shane",
    "shledanou",
    "show",
    "si",
    "sice",
    "signál",
    "sil",
    "silnice",
    "silnici",
    "silná",
    "silné",
    "silný",
    "silnější",
    "silou",
    "simon",
    "simone",
    "sir",
    "sire",
    "sis",
    "situace",
    "situaci",
    "sklapni",
    "skleničku",
    "sklo",
    "skončil",
    "skončila",
    "skončili",
    "skončilo",
    "skončit",
    "skončí",
    "skončím",
    "skoro",
    "skoč",
    "skočit",
    "skrz",
    "skrývá",
    "skupina",
    "skupinu",
    "skupiny",
    "skutečnost",
    "skutečnosti",
    "skutečná",
    "skutečné",
    "skutečný",
    "skutečně",
    "skvěle",
    "skvělej",
    "skvělou",
    "skvělá",
    "skvělé",
    "skvělý",
    "slabost",
    "slabý",
    "sladké",
    "sladký",
    "slavný",
    "sledoval",
    "sledovat",
    "sleduj",
    "sleduje",
    "sledujte",
    "slepý",
    "slez",
    "slečna",
    "slečno",
    "slečnu",
    "slib",
    "slibuji",
    "slibuju",
    "sloužit",
    "slov",
    "slova",
    "slovo",
    "slovy",
    "složité",
    "slunce",
    "sluneční",
    "slušný",
    "slušně",
    "sluší",
    "služba",
    "službu",
    "služby",
    "službě",
    "slyšel",
    "slyšela",
    "slyšeli",
    "slyšels",
    "slyšet",
    "slyší",
    "slyším",
    "slyšíte",
    "slyšíš",
    "slzy",
    "sláva",
    "slíbil",
    "slíbila",
    "sme",
    "smith",
    "smlouvu",
    "smrdí",
    "smrt",
    "smrti",
    "smrtí",
    "smutná",
    "smutné",
    "smutný",
    "smysl",
    "smyslu",
    "smát",
    "smíchu",
    "smím",
    "směr",
    "směrem",
    "směšné",
    "směšný",
    "smůla",
    "smůlu",
    "snad",
    "snadno",
    "snadné",
    "snadný",
    "snaž",
    "snažil",
    "snažila",
    "snažili",
    "snažit",
    "snaží",
    "snažím",
    "snažíme",
    "snažíte",
    "snažíš",
    "snu",
    "sny",
    "snídani",
    "snídaně",
    "sním",
    "sníst",
    "snědl",
    "snů",
    "so",
    "sobotu",
    "sobě",
    "som",
    "sonny",
    "sophie",
    "sorry",
    "sotva",
    "sou",
    "souboj",
    "soud",
    "soudce",
    "soudní",
    "soudu",
    "souhlas",
    "souhlasil",
    "souhlasit",
    "souhlasí",
    "souhlasím",
    "soukromí",
    "soukromý",
    "soustředit",
    "soustřeď",
    "soutěž",
    "součást",
    "součástí",
    "souřadnice",
    "spadl",
    "spadla",
    "spal",
    "spala",
    "speciální",
    "spojení",
    "spojených",
    "spojit",
    "společnost",
    "společnosti",
    "společného",
    "společnýho",
    "společně",
    "spolu",
    "spolubydlící",
    "spolupracovat",
    "spousta",
    "spoustu",
    "spravedlnost",
    "spravedlnosti",
    "správce",
    "správnou",
    "správná",
    "správné",
    "správný",
    "správně",
    "spánku",
    "spát",
    "spí",
    "spíš",
    "spíše",
    "sranda",
    "srandu",
    "sračky",
    "srdce",
    "srdcem",
    "srdci",
    "sráči",
    "st",
    "stal",
    "stala",
    "stalo",
    "stan",
    "stane",
    "stanice",
    "stanici",
    "stanley",
    "stanu",
    "starat",
    "starej",
    "starost",
    "starosti",
    "starou",
    "start",
    "stará",
    "staré",
    "starého",
    "starý",
    "starých",
    "starší",
    "stav",
    "stavu",
    "stačilo",
    "stačit",
    "stačí",
    "staří",
    "ste",
    "stejnou",
    "stejná",
    "stejné",
    "stejný",
    "stejně",
    "steve",
    "sto",
    "stojí",
    "stojím",
    "stojíš",
    "stole",
    "století",
    "stolu",
    "stop",
    "stopa",
    "stopu",
    "stopy",
    "stovky",
    "strach",
    "strachu",
    "strana",
    "stranou",
    "stranu",
    "strany",
    "straně",
    "strašné",
    "strašný",
    "strašně",
    "street",
    "stroj",
    "stroje",
    "strom",
    "stromu",
    "stromy",
    "stránku",
    "stránky",
    "strávil",
    "strávit",
    "stráže",
    "strýc",
    "strýček",
    "strýčku",
    "stupně",
    "stupňů",
    "stvoření",
    "stvořil",
    "styl",
    "stál",
    "stála",
    "stále",
    "stálo",
    "stát",
    "státní",
    "státu",
    "států",
    "stává",
    "stín",
    "střechu",
    "střední",
    "středu",
    "střelil",
    "střeše",
    "střílej",
    "střílet",
    "střílí",
    "stůj",
    "stůjte",
    "stůl",
    "subtitles",
    "sundat",
    "sundej",
    "sundejte",
    "super",
    "susan",
    "sušenky",
    "svatba",
    "svatbu",
    "svatby",
    "svatbě",
    "svatební",
    "svatá",
    "svatého",
    "svatý",
    "svině",
    "svobodný",
    "svobodu",
    "svobody",
    "svoje",
    "svoji",
    "svojí",
    "svou",
    "svá",
    "své",
    "svého",
    "svém",
    "svému",
    "svý",
    "svých",
    "svýho",
    "svým",
    "svými",
    "svědek",
    "svědka",
    "svědky",
    "svědomí",
    "svět",
    "světa",
    "světla",
    "světlo",
    "světu",
    "světě",
    "svůj",
    "sydney",
    "symbol",
    "syn",
    "syna",
    "synem",
    "synku",
    "synovi",
    "synu",
    "systém",
    "systému",
    "systémy",
    "sám",
    "sáro",
    "síla",
    "sílu",
    "síly",
    "síť",
    "sýr",
    "ta",
    "tady",
    "tahle",
    "tajemství",
    "tajná",
    "tajné",
    "tajný",
    "tak",
    "takhle",
    "takovej",
    "takovou",
    "taková",
    "takové",
    "takového",
    "takovém",
    "takoví",
    "takový",
    "takových",
    "takovýho",
    "takovým",
    "takto",
    "taky",
    "také",
    "takže",
    "talent",
    "tam",
    "tamhle",
    "tancovat",
    "tanec",
    "tančit",
    "tati",
    "tato",
    "tatínek",
    "taxi",
    "tašku",
    "te",
    "tebe",
    "tebou",
    "technologie",
    "ted",
    "teda",
    "teddy",
    "tede",
    "tedy",
    "tehdy",
    "telefon",
    "telefonní",
    "telefonu",
    "telefony",
    "televize",
    "televizi",
    "ten",
    "tenhle",
    "tenkrát",
    "tento",
    "tentokrát",
    "teorie",
    "teorii",
    "teplo",
    "teprve",
    "terry",
    "test",
    "testy",
    "teta",
    "tetování",
    "texasu",
    "teď",
    "teďka",
    "that",
    "the",
    "thomas",
    "ti",
    "ticho",
    "tihle",
    "tim",
    "time",
    "tisíc",
    "tisíce",
    "tito",
    "titul",
    "titulky",
    "tiše",
    "tlak",
    "tlustá",
    "tlustý",
    "tma",
    "to",
    "tobě",
    "tohle",
    "toho",
    "tohohle",
    "tohoto",
    "tolik",
    "tom",
    "tome",
    "tomhle",
    "tommy",
    "tomto",
    "tomu",
    "tomuhle",
    "tomuto",
    "tony",
    "tos",
    "totiž",
    "toto",
    "totálně",
    "totéž",
    "tou",
    "touhle",
    "touto",
    "tracy",
    "tradice",
    "trest",
    "trh",
    "trhu",
    "trik",
    "tričko",
    "trochu",
    "trošku",
    "trpí",
    "trpělivost",
    "trpět",
    "trvalo",
    "trvat",
    "trvá",
    "trápí",
    "trávu",
    "trénink",
    "tu",
    "tudy",
    "tuhle",
    "tuto",
    "tušení",
    "tv",
    "tvoje",
    "tvoji",
    "tvojí",
    "tvou",
    "tvrdí",
    "tvrdý",
    "tvrdě",
    "tvá",
    "tvář",
    "tváře",
    "tváři",
    "tváří",
    "tvé",
    "tvého",
    "tvém",
    "tvému",
    "tví",
    "tvý",
    "tvých",
    "tvýho",
    "tvým",
    "tvůj",
    "ty",
    "tyhle",
    "typ",
    "tys",
    "tyto",
    "tábor",
    "tábora",
    "táboře",
    "táců",
    "támhle",
    "táta",
    "táto",
    "tátou",
    "tátovi",
    "tátu",
    "táty",
    "té",
    "téhle",
    "téma",
    "téměř",
    "této",
    "tím",
    "tímhle",
    "tímto",
    "tý",
    "týden",
    "týdne",
    "týdny",
    "týdně",
    "týdnů",
    "týhle",
    "týká",
    "tým",
    "týmu",
    "týče",
    "tě",
    "těch",
    "těchto",
    "těhotná",
    "těla",
    "těle",
    "tělo",
    "těm",
    "těma",
    "těmi",
    "těmito",
    "těsně",
    "těší",
    "těším",
    "těžce",
    "těžko",
    "těžká",
    "těžké",
    "těžký",
    "těžší",
    "třeba",
    "třech",
    "třemi",
    "třetí",
    "tři",
    "třicet",
    "třikrát",
    "tří",
    "třída",
    "třídy",
    "třídě",
    "ublížil",
    "ublížit",
    "ubohý",
    "udržet",
    "událost",
    "události",
    "udělají",
    "udělal",
    "udělala",
    "udělali",
    "udělalo",
    "udělat",
    "udělej",
    "udělejte",
    "udělá",
    "udělám",
    "uděláme",
    "uděláte",
    "uděláš",
    "uh",
    "uhni",
    "uhněte",
    "ujistit",
    "ukazuje",
    "ukaž",
    "ukažte",
    "uklidni",
    "uklidnit",
    "uklidněte",
    "ukončit",
    "ukradl",
    "ukradli",
    "ukrást",
    "ukázal",
    "ukázala",
    "ukázalo",
    "ukázat",
    "ukáže",
    "ukážu",
    "ulice",
    "ulici",
    "um",
    "umí",
    "umím",
    "umírají",
    "umírá",
    "umírám",
    "umíte",
    "umíš",
    "umění",
    "umře",
    "umřel",
    "umřela",
    "umřu",
    "umřít",
    "unavená",
    "unavený",
    "unesli",
    "up",
    "uprostřed",
    "upřímný",
    "upřímně",
    "určité",
    "určitě",
    "usa",
    "ustupte",
    "utekl",
    "utekla",
    "uteč",
    "utrpení",
    "utéct",
    "utíkat",
    "utíkej",
    "utíkejte",
    "uvidí",
    "uvidím",
    "uvidíme",
    "uvidíte",
    "uvidíš",
    "uviděl",
    "uvnitř",
    "uvolni",
    "uvolnit",
    "uvádí",
    "uvědomil",
    "uvěřit",
    "učil",
    "učit",
    "učitel",
    "učí",
    "uši",
    "už",
    "užij",
    "užijte",
    "užít",
    "vadit",
    "vadí",
    "vajíčka",
    "van",
    "varoval",
    "varovat",
    "varování",
    "vaz",
    "vařit",
    "vaše",
    "vašeho",
    "vašem",
    "vašemu",
    "vaši",
    "vašich",
    "vašim",
    "vaší",
    "vaším",
    "vdaná",
    "vděčný",
    "ve",
    "vede",
    "vedení",
    "vedl",
    "vedle",
    "vedlejší",
    "vedou",
    "vedoucí",
    "vegas",
    "vejce",
    "velení",
    "velice",
    "velikost",
    "velikosti",
    "velitel",
    "velitele",
    "veliteli",
    "velitelství",
    "veličenstvo",
    "velkej",
    "velkou",
    "velká",
    "velké",
    "velkého",
    "velkém",
    "velký",
    "velkých",
    "velkým",
    "velmi",
    "vem",
    "vemte",
    "ven",
    "venku",
    "verze",
    "verzi",
    "veselé",
    "vesmír",
    "vesmíru",
    "vesnice",
    "vesnici",
    "vevnitř",
    "vezme",
    "vezmeme",
    "vezmete",
    "vezmeš",
    "vezmi",
    "vezmu",
    "vezměte",
    "večer",
    "večera",
    "večeře",
    "večeři",
    "večírek",
    "večírku",
    "veřejnosti",
    "veškeré",
    "vhodné",
    "video",
    "vidí",
    "vidím",
    "vidíme",
    "vidíte",
    "vidíš",
    "viděl",
    "viděla",
    "viděli",
    "viděls",
    "vidět",
    "vietnamu",
    "vim",
    "vina",
    "vinen",
    "vinu",
    "virus",
    "viď",
    "vlak",
    "vlaku",
    "vlastní",
    "vlastních",
    "vlastního",
    "vlastním",
    "vlastně",
    "vlasy",
    "vlevo",
    "vliv",
    "vlny",
    "vláda",
    "vládu",
    "vlády",
    "vnitřní",
    "vo",
    "voda",
    "vodou",
    "vodu",
    "vody",
    "vodě",
    "vojenské",
    "vojáci",
    "voják",
    "vojáky",
    "vojáků",
    "volal",
    "volala",
    "volali",
    "volat",
    "volba",
    "vole",
    "volno",
    "volná",
    "volný",
    "volá",
    "volám",
    "volání",
    "von",
    "voní",
    "vpravo",
    "vpřed",
    "vrací",
    "vracím",
    "vrah",
    "vraha",
    "vrať",
    "vraťte",
    "vražd",
    "vražda",
    "vraždu",
    "vraždy",
    "vrtulník",
    "vrátil",
    "vrátila",
    "vrátili",
    "vrátit",
    "vrátí",
    "vrátím",
    "vrátíme",
    "vrátíte",
    "vrátíš",
    "vsadím",
    "vskutku",
    "vstaň",
    "vstoupit",
    "vstup",
    "vstupte",
    "vstát",
    "vstávat",
    "vstávej",
    "vteřin",
    "vteřinku",
    "vtip",
    "vtipné",
    "vtipný",
    "vy",
    "vybavení",
    "vyber",
    "vybral",
    "vybrala",
    "vybrali",
    "vybranou",
    "vybrat",
    "vychází",
    "vydal",
    "vydat",
    "vydrž",
    "vydržet",
    "vydržte",
    "vydrží",
    "vydělat",
    "vyhnout",
    "vyhodil",
    "vyhodili",
    "vyhodit",
    "vyhraje",
    "vyhrál",
    "vyhrála",
    "vyhráli",
    "vyhrát",
    "vyjde",
    "vyjít",
    "vylez",
    "vymyslel",
    "vymyslet",
    "vyměnit",
    "vynikající",
    "vypadají",
    "vypadal",
    "vypadala",
    "vypadalo",
    "vypadat",
    "vypadneme",
    "vypadni",
    "vypadnout",
    "vypadněte",
    "vypadá",
    "vypadám",
    "vypadáte",
    "vypadáš",
    "vypni",
    "vypnout",
    "vypněte",
    "vyprávěl",
    "vyprávět",
    "vyrazit",
    "vyrazíme",
    "vyrostl",
    "vyrovnat",
    "vysoce",
    "vysoko",
    "vysokou",
    "vysoká",
    "vysoké",
    "vysoký",
    "vyspat",
    "vystoupení",
    "vysvětlení",
    "vysvětlit",
    "vysvětluje",
    "vysvětlím",
    "vysílání",
    "vytvořil",
    "vytvořit",
    "vytáhl",
    "vytáhnout",
    "využít",
    "vyzkoušet",
    "vyzvednout",
    "vyřešit",
    "vyřídit",
    "vyřídím",
    "vyšel",
    "vyšetřování",
    "vyšlo",
    "vyšší",
    "vyžaduje",
    "vzadu",
    "vzal",
    "vzala",
    "vzali",
    "vzbuď",
    "vzdal",
    "vzduch",
    "vzduchu",
    "vzdálenost",
    "vzdát",
    "vzhledem",
    "vzhůru",
    "vzkaz",
    "vzorek",
    "vzpomenout",
    "vzpomínky",
    "vzpomínám",
    "vzpomínáte",
    "vzpomínáš",
    "vzrušující",
    "vztah",
    "vztahu",
    "vztahy",
    "vzít",
    "válce",
    "válka",
    "válku",
    "války",
    "vám",
    "váma",
    "vámi",
    "vánoce",
    "vánoční",
    "vás",
    "váš",
    "vážné",
    "vážný",
    "vážně",
    "vážím",
    "vést",
    "ví",
    "víc",
    "více",
    "víkend",
    "vím",
    "víme",
    "vína",
    "víno",
    "víru",
    "víte",
    "vítej",
    "vítejte",
    "vítr",
    "vítám",
    "vítěz",
    "vítězství",
    "víš",
    "výborné",
    "výborný",
    "výborně",
    "výbuch",
    "výběr",
    "východ",
    "východní",
    "východu",
    "výhled",
    "výkon",
    "výlet",
    "výpověď",
    "výraz",
    "výročí",
    "výsledek",
    "výsledky",
    "výsosti",
    "výtahu",
    "výzkum",
    "význam",
    "výš",
    "včas",
    "včera",
    "včetně",
    "věc",
    "věcech",
    "věci",
    "věcí",
    "vědomí",
    "vědí",
    "věděl",
    "věděla",
    "věděli",
    "vědět",
    "věk",
    "věku",
    "věnovat",
    "většina",
    "většinou",
    "většinu",
    "větší",
    "vězení",
    "vězně",
    "věčnost",
    "věčně",
    "věř",
    "věřil",
    "věřila",
    "věřili",
    "věřit",
    "věřte",
    "věří",
    "věřím",
    "věříte",
    "věříš",
    "věž",
    "však",
    "vše",
    "všech",
    "všechen",
    "všechna",
    "všechno",
    "všechnu",
    "všechny",
    "všecko",
    "všeho",
    "všem",
    "všemi",
    "všemu",
    "všichni",
    "všiml",
    "všimla",
    "všude",
    "vší",
    "vším",
    "vůbec",
    "vůdce",
    "vůle",
    "vůli",
    "vůz",
    "vůči",
    "vždy",
    "vždycky",
    "vždyť",
    "walter",
    "waltere",
    "washington",
    "washingtonu",
    "wayne",
    "we",
    "wendy",
    "west",
    "whisky",
    "white",
    "whoa",
    "will",
    "wille",
    "william",
    "williame",
    "wow",
    "www",
    "yeah",
    "york",
    "yorku",
    "you",
    "your",
    "za",
    "zabere",
    "zabij",
    "zabije",
    "zabiješ",
    "zabijou",
    "zabijte",
    "zabiju",
    "zabiják",
    "zabijí",
    "zabil",
    "zabila",
    "zabili",
    "zabit",
    "zabití",
    "zabránit",
    "zabíjení",
    "zabíjet",
    "zabíjí",
    "zabít",
    "zachránil",
    "zachránila",
    "zachránit",
    "zadarmo",
    "zadek",
    "zadkem",
    "zadku",
    "zadní",
    "zadrž",
    "zahrát",
    "zajistit",
    "zajímalo",
    "zajímat",
    "zajímavé",
    "zajímavý",
    "zajímá",
    "zajít",
    "zamiloval",
    "zamilovaná",
    "zamilovaný",
    "zaplatil",
    "zaplatit",
    "zaplatí",
    "zaplatím",
    "zaplatíš",
    "zapomenout",
    "zapomeň",
    "zapomeňte",
    "zapomněl",
    "zapomněla",
    "zaprvé",
    "zas",
    "zase",
    "zasloužil",
    "zaslouží",
    "zasloužíš",
    "zasranej",
    "zasraná",
    "zasraný",
    "zastav",
    "zastavil",
    "zastavili",
    "zastavit",
    "zastavte",
    "zastaví",
    "zastřel",
    "zastřelil",
    "zastřelit",
    "zatknout",
    "zatracenej",
    "zatracená",
    "zatracený",
    "zatraceně",
    "zatím",
    "zatímco",
    "zatčen",
    "zavolal",
    "zavolala",
    "zavolat",
    "zavolej",
    "zavolejte",
    "zavolá",
    "zavolám",
    "zavoláme",
    "zavřeli",
    "zavřete",
    "zavři",
    "zavřít",
    "zač",
    "začal",
    "začala",
    "začali",
    "začalo",
    "začne",
    "začneme",
    "začneš",
    "začni",
    "začnou",
    "začnu",
    "začněte",
    "začátek",
    "začátku",
    "začínají",
    "začíná",
    "začínám",
    "začínáme",
    "začínáš",
    "začít",
    "zařídil",
    "zařídit",
    "zařídím",
    "zařízení",
    "zažil",
    "zbavit",
    "zbláznil",
    "zbláznila",
    "zboží",
    "zbožňuju",
    "zbraní",
    "zbraně",
    "zbraň",
    "zbylo",
    "zbytek",
    "zbytečně",
    "zbývá",
    "zcela",
    "zda",
    "zdarma",
    "zde",
    "zdi",
    "zdravotní",
    "zdraví",
    "zdravím",
    "zdravý",
    "zdroj",
    "zdroje",
    "zdá",
    "zdálo",
    "ze",
    "zem",
    "zemi",
    "zemí",
    "země",
    "zemře",
    "zemřel",
    "zemřela",
    "zemřeli",
    "zemřeš",
    "zemřu",
    "zemřít",
    "zeptal",
    "zeptat",
    "zeptej",
    "zeptejte",
    "zeptám",
    "zezadu",
    "zeď",
    "zima",
    "zjevně",
    "zjisti",
    "zjistil",
    "zjistila",
    "zjistili",
    "zjistit",
    "zjistí",
    "zjistím",
    "zjistíme",
    "zklamal",
    "zkontrolovat",
    "zkontroluj",
    "zkontrolujte",
    "zkoušel",
    "zkoušela",
    "zkouška",
    "zkoušku",
    "zkoušky",
    "zkouším",
    "zkrátka",
    "zkurvenej",
    "zkus",
    "zkusil",
    "zkusit",
    "zkuste",
    "zkusím",
    "zkusíme",
    "zkušenosti",
    "zlato",
    "zlatíčko",
    "zlatý",
    "zle",
    "zlo",
    "zloděj",
    "zlomil",
    "zločin",
    "zločinu",
    "zlá",
    "zlé",
    "zlý",
    "zmiz",
    "zmizel",
    "zmizela",
    "zmizet",
    "zmizte",
    "zmizí",
    "zmlkni",
    "zmrde",
    "zmrzlinu",
    "změna",
    "změnil",
    "změnila",
    "změnilo",
    "změnit",
    "změnu",
    "změny",
    "změní",
    "znají",
    "znal",
    "znala",
    "znamenalo",
    "znamenat",
    "znamená",
    "znamení",
    "zničení",
    "zničil",
    "zničila",
    "zničili",
    "zničit",
    "zničí",
    "znova",
    "znovu",
    "zná",
    "znám",
    "známe",
    "známky",
    "známý",
    "znát",
    "znáte",
    "znáš",
    "zní",
    "zodpovědnost",
    "zodpovědný",
    "zoe",
    "zoo",
    "zpomal",
    "zpoždění",
    "zpráv",
    "zpráva",
    "zprávu",
    "zprávy",
    "zpátky",
    "zpívat",
    "zpět",
    "způsob",
    "způsobem",
    "způsobil",
    "způsobit",
    "způsoby",
    "zradil",
    "zranění",
    "zraněný",
    "zrovna",
    "zrušit",
    "zrádce",
    "zticha",
    "ztratil",
    "ztratila",
    "ztratili",
    "ztratit",
    "ztráta",
    "ztráty",
    "zuby",
    "zvedni",
    "zvednout",
    "zvedněte",
    "zvládli",
    "zvládne",
    "zvládneme",
    "zvládneš",
    "zvládnout",
    "zvládnu",
    "zvláštní",
    "zvláštního",
    "zvláště",
    "zvlášť",
    "zvuk",
    "zvířat",
    "zvířata",
    "zvíře",
    "zábava",
    "zábavné",
    "zábavu",
    "záchod",
    "záchranu",
    "záda",
    "zádech",
    "zády",
    "zájem",
    "zájmu",
    "základnu",
    "základní",
    "základě",
    "zákon",
    "zákona",
    "zákony",
    "záležitost",
    "záležitosti",
    "záleží",
    "zámek",
    "západ",
    "západní",
    "zápas",
    "zároveň",
    "zásah",
    "zásoby",
    "zástupce",
    "závod",
    "záznam",
    "záznamy",
    "zázrak",
    "září",
    "získal",
    "získali",
    "získat",
    "zítra",
    "zřejmě",
    "zůstal",
    "zůstala",
    "zůstali",
    "zůstalo",
    "zůstane",
    "zůstaneme",
    "zůstanete",
    "zůstaneš",
    "zůstanou",
    "zůstanu",
    "zůstat",
    "zůstaň",
    "zůstaňte",
    "zůstává",
    "údaje",
    "úder",
    "údolí",
    "úkol",
    "úkoly",
    "úmyslu",
    "úplně",
    "úroveň",
    "úrovni",
    "úsměv",
    "úspěch",
    "úterý",
    "útok",
    "útoku",
    "útěk",
    "útěku",
    "území",
    "účet",
    "účty",
    "úřad",
    "úřadu",
    "úžasná",
    "úžasné",
    "úžasný",
    "úžasně",
    "čaj",
    "čarodějnice",
    "čas",
    "čase",
    "časem",
    "často",
    "času",
    "časy",
    "časů",
    "čau",
    "čeho",
    "čekají",
    "čekal",
    "čekala",
    "čekali",
    "čekat",
    "čeká",
    "čekám",
    "čekáme",
    "čekáte",
    "čekáš",
    "čelit",
    "čem",
    "čemu",
    "černou",
    "černá",
    "černé",
    "černý",
    "čertu",
    "červená",
    "červené",
    "červený",
    "čest",
    "četl",
    "četla",
    "či",
    "činu",
    "čistá",
    "čisté",
    "čistý",
    "čistě",
    "člen",
    "členem",
    "člověk",
    "člověka",
    "člověkem",
    "člověku",
    "člověče",
    "článek",
    "čo",
    "čtvrtek",
    "čtvrti",
    "čtyři",
    "čtyřicet",
    "část",
    "části",
    "částí",
    "čí",
    "čím",
    "čísla",
    "číslo",
    "číst",
    "ďábel",
    "řada",
    "řady",
    "řadě",
    "řece",
    "ředitel",
    "řek",
    "řekl",
    "řekla",
    "řekli",
    "řekne",
    "řekneme",
    "řeknete",
    "řekneš",
    "řekni",
    "řeknou",
    "řeknu",
    "řekněme",
    "řekněte",
    "řeky",
    "řeč",
    "řečeno",
    "řeči",
    "řešení",
    "řešit",
    "řidič",
    "říci",
    "říct",
    "řídil",
    "řídit",
    "řídí",
    "říkají",
    "říkal",
    "říkala",
    "říkali",
    "říkat",
    "říkej",
    "říká",
    "říkám",
    "říkáme",
    "říkáte",
    "říkáš",
    "řím",
    "říma",
    "řízení",
    "říše",
    "šampaňské",
    "šance",
    "šanci",
    "šaty",
    "šek",
    "šel",
    "šerif",
    "šerife",
    "šest",
    "šesti",
    "škoda",
    "škola",
    "škole",
    "školní",
    "školu",
    "školy",
    "šla",
    "šli",
    "šlo",
    "špatnej",
    "špatnou",
    "špatná",
    "špatné",
    "špatného",
    "špatný",
    "špatně",
    "štít",
    "štíty",
    "štěstí",
    "šálek",
    "šéf",
    "šéfa",
    "šéfe",
    "šílenec",
    "šílenství",
    "šílená",
    "šílené",
    "šílený",
    "šíleně",
    "šťastnou",
    "šťastná",
    "šťastné",
    "šťastní",
    "šťastný",
    "šťastně",
    "žaludek",
    "že",
    "žehnej",
    "žen",
    "žena",
    "ženami",
    "ženatý",
    "ženou",
    "ženskou",
    "ženská",
    "ženské",
    "ženský",
    "ženu",
    "ženy",
    "ženě",
    "žes",
    "žid",
    "žije",
    "žijeme",
    "žijete",
    "žiješ",
    "žiju",
    "žijí",
    "žil",
    "žila",
    "žili",
    "život",
    "života",
    "životem",
    "životní",
    "životu",
    "životy",
    "životě",
    "životů",
    "živé",
    "živého",
    "živí",
    "živý",
    "žádnej",
    "žádnou",
    "žádná",
    "žádné",
    "žádného",
    "žádném",
    "žádní",
    "žádný",
    "žádost",
    "žádá",
    "žádám",
    "žít",
    "žízeň"
  ]
}
