{
  "banks": [
    "Bank Melli Iran",
    "Bank Mellat",
    "Bank Saderat Iran",
    "Export Development Bank of Iran",
    "Bank Pasargad",
    "Karafarin Bank",
    "Eghtesad Novin Bank",
    "EN Bank",
    "Tejarat Bank",
    "Parsian Bank"
  ],
  "company": {
    "name": [
      "شرکت ملی نفت ایران",
      "معادن ایران",
      "سازمان نوسازی ",
      "ایران خودرو",
      "امیدان تجارت کیش ",
      "سایپا",
      "بانک ملی ایران",
      "ایران خودرو",
      "مجتمع فولاد مبارکه",
      "بانک صادرات ایران",
      "بانک پارسیان",
      "بانک ملت",
      "همراه اول",
      "بانک سپه",
      "بانک تجارت",
      "صنایع پتروشیمی ایران",
      "صنایع مس ایران",
      "بانک مسکن",
      "لایف برد پارسه",
      "ذوب آهن اصفهان",
      "کشتیرانی",
      "بانک کشاورزی",
      "سازه گستر",
      "مپنا",
      "صنایع پترو شیمی بو علی سینا",
      "فولاد خورستان",
      "ابر موتور",
      "سرمایه‌گذاری بانک ملی",
      "ایران خودرو دیزل",
      "توسعه صنعتی بوشهر",
      "بانک اقتصاد نوین",
      "ایران خودرو خراسان",
      "شرکت زامیاد",
      "صنایع شیر ایران (پگاه)",
      "بانک پاسارگاد",
      "پارس خودرو",
      "گروه بهمن",
      "سرمایه‌گذاری غدیر",
      "ایمیدرو",
      "کارخانجات داروپخش",
      "بانک سینا",
      "سایپا دیزل",
      "بانک کارآفرین",
      "معدنی و صنعتی چادرملو",
      "ساخت تأسیسات دریایی ایران",
      "هپکو",
      "اتکا",
      "گسترش و نوسازی صنایع ایران",
      "شهاب",
      "صنایع آذرآب",
      "تولی‌پرس",
      "هواپیمایی آسمان",
      "سازمان صنایع هوایی ایران",
      "مادیران",
      "ایران ارقام",
      "پارس آنلاین",
      "شاتل",
      "شرکت مخابرات ایران",
      "ایرانسل",
      "راه‌آهن ایران",
      "هواپیمایی پیام",
      "متروی تهران",
      "شرکت ملی نفت‌کش ایران",
      "پالایش و پخش فراورده‌های نفتی ایران",
      "سازمان انرژی اتمی ایران",
      "آبسال",
      "حفاری شمال",
      "صدا و سیما",
      "نوسا",
      "رجحان",
      "شرکت داده‌پردازی ایران",
      "گروه هتل‌های هما",
      "کیش اورینتال",
      "الک تیک"
    ],
    "type": {
      "title": [
        "شرکت",
        "سهامی عام‌",
        "سهامی خاص",
        "شرکت با مسئولیت محدود",
        "شرکت تضامنی",
        "شرکت مختلط غیرسهامی",
        "شرکت مختلط سهامی",
        "شرکت نسبی",
        "شرکت تعاونی"
      ],
      "abbr": [
        "شرکت",
        "سازمان"
      ]
    }
  },
  "currency-code": "IRR"
}
