{
  "company": {
    "name": [
      "شركة إعمار العقارية",
    "شركة دبي للاستثمار",
    "شركة أبوظبي الوطنية للطاقة (طاقة)",
    "شركة الإمارات للاتصالات (اتصالات)",
    "شركة دبي القابضة",
    "شركة المراعي",
    "شركة دو",
    "شركة أبوظبي للإنشاءات",
    "شركة الاتحاد للطيران",
    "شركة بترول أبوظبي الوطنية (أدنوك)",
    "شركة دبي العالمية",
    "شركة نخيل",
    "شركة الخليج للمال",
    "شركة الإمارات العالمية للألمنيوم",
    "شركة مجموعة الفيصلية",
    "شركة بترومين",
    "شركة سابك",
    "شركة الإمارات للمنتجات الغذائية",
    "شركة مجموعة الطاير",
    "شركة راشد الزياني وأولاده",
    "شركة الشارقة للأسمنت",
    "شركة مجموعة الجميرا",
    "شركة الغرير",
    "شركة أركاديا",
    "شركة المتحدة للطيران",
    "شركة بروج للبتروكيماويات",
    "شركة أوكسيدنتال بتروليوم",
    "شركة أملاك للتمويل",
    "شركة مجموعة المنصوري",
    "شركة البحر الأحمر للتطوير",
    "شركة الصناعات الوطنية",
    "شركة إينوك",
    "شركة بيئة",
    "شركة المركزية",
    "شركة أسواق",
    "شركة المراعي",
    "شركة زين الإمارات",
    "شركة رويال داتش شل",
    "شركة اتصالات متكاملة",
    "شركة الإمارات للألمنيوم",
    "شركة دبي للاستثمار العقاري",
    "شركة الخطوط الجوية العربية السعودية",
    "شركة تاتا",
    "شركة أبوظبي للإعلام",
    "شركة الإمارات للأمن",
    "شركة الجابر",
    "شركة تكنولوجيا المعلومات والاتصالات",
    "شركة أمانات القابضة",
    "شركة أبار",
    "شركة إليسار",
    "شركة بترول الإمارات الوطنية",
    "شركة ستيلك",
    "شركة الوطنية للتقنية",
    "شركة المواصلات العامة",
    "شركة إتصالات ذكية",
    "شركة الشرق الأوسط للطاقة"
    ],
    "type": {
      "abbr": [
    "شركة ذات مسؤولية محدودة (LLC)",
    "شركة مساهمة عامة",
    "شركة مساهمة خاصة",
    "شركة فردية",
    "شركة تضامن",
    "شركة توصية بسيطة",
    "شركة أجنبية",
    "فرع شركة أجنبية",
    "شركة ذات مسؤولية محدودة مع فرع",
    "شركة تطوير عقاري",
    "شركة استثمارية",
    "شركة قابضة"

      ],
      "title": [
       "شركة ذات مسؤولية محدودة (LLC)",
    "شركة مساهمة عامة",
    "شركة مساهمة خاصة",
    "شركة فردية",
    "شركة تضامن",
    "شركة توصية بسيطة",
    "شركة أجنبية",
    "فرع شركة أجنبية",
    "شركة ذات مسؤولية محدودة مع فرع",
    "شركة تطوير عقاري",
    "شركة استثمارية",
    "شركة قابضة"
      ]
    }
  },
  "currency-code": "د.ا.",
  "price-format": "####;##",
  "numeric-decimal": ".",
  "numeric-thousands": ",",
  "numeric-frac-digits": 2
}
