{
  "academic_degree": [
    "ليسانس",
    "ماستر",
    "دكتوراه"
  ],
  "gender": [
    "ذكر",
    "أنثى"
  ],
  "language": [
    "الصينية الماندرين",
    "الإسبانية",
    "الإنجليزية",
    "البنغالية",
    "الهندية",
    "البرتغالية",
    "الروسية",
    "اليابانية",
    "الألمانية",
    "الصينية الوو",
    "الجاوية",
    "الكورية",
    "الفرنسية",
    "الفيتنامية",
    "التيلجو",
    "الصينية الكانتونية",
    "الماراثية",
    "التاميلية",
    "التركية",
    "الأردية",
    "الصينية المين",
    "الصينية الجينيو",
    "الغوجاراتية",
    "البولندية",
    "العربية المصرية",
    "الأوكرانية",
    "الإيطالية",
    "الصينية الشيانغ",
    "المالايالامية",
    "الصينية الهكا",
    "الكانادا",
    "الأوريا",
    "البنجابية الغربية",
    "السوندية",
    "البنجابية الشرقية",
    "الرومانية",
    "البوجبورية",
    "الأذربيجانية",
    "الفارسية",
    "الميثيلية",
    "الهوسا",
    "العربية الجزائرية",
    "البورمية",
    "الصربية",
    "الصينية الجان",
    "الأوادية",
    "التايلاندية",
    "الهولندية",
    "اليوروبية",
    "السندية",
    "العربية المغربية",
    "العربية الصعيدية",
    "الأوزبكية",
    "الماليزية",
    "الأمهرية",
    "الإندونيسية",
    "الإيغبو",
    "الفلبينية",
    "النيبالية",
    "العربية السودانية",
    "السرايكية",
    "الفيزايانية",
    "العربية البدوية",
    "التايلاندية الشمالية الشرقية",
    "الآسامية",
    "الهنغارية",
    "الشيتاغونية",
    "العربية العراقية (الميزوبوتامية)",
    "المدورية",
    "السنهالية",
    "الهاريانفية",
    "الماروارية",
    "التشيكية",
    "اليونانية",
    "الماجاهي",
    "الشاتيسجارية",
    "الدكنية",
    "الصينية المين باي",
    "البيلاروسية",
    "الزوانغ"
  ],
  "names": {
    "female": [
      "زيرة",
      "رشا",
      "فلة",
      "مسيكة",
      "عودة",
      "كلتوم",
      "سهى",
      "العكري",
      "عدادة",
      "لويزة",
      "منال",
      "حورية",
      "أسمه",
      "لونجة",
      "مريامة",
      "ميساء",
      "زكية",
      "فظمة",
      "فاتن",
      "مماس",
      "هدى",
      "صباح",
      "عقيلة",
      "كوثر",
      "غادة",
      "خوخة",
      "كميليا",
      "الزهراء",
      "روزة",
      "أميرة",
      "شريفة",
      "أمينة",
      "جنى",
      "رانيا",
      "كميلة",
      "مباركة",
      "نجاة",
      "نسرين",
      "يسمينة",
      "فتنة",
      "فريال",
      "لمياء",
      "ويزة",
      "ياسمين",
      "بختة",
      "ربيعة",
      "غالية",
      "اشراق",
      "ثيزيري",
      "فتيحة",
      "دينة",
      "عيشة",
      "نعيمة",
      "منى",
      "ججيقة",
      "وسيلة",
      "جميلة",
      "حميلة",
      "سامية",
      "خيرة",
      "حنيفة",
      "عوبة",
      "وفية",
      "فازية",
      "بلقيس",
      "زبيدة",
      "عزيزة",
      "ابتسام",
      "العاج",
      "ماية",
      "نورية",
      "فاطنة",
      "مقنين",
      "شهيناز",
      "رزيقة",
      "أسماء",
      "فيروز",
      "العيفة",
      "اسمهان",
      "حكيمة",
      "زوهرة",
      "زاكية",
      "وهيبة",
      "لارة",
      "صاره",
      "سمينة",
      "رقية",
      "الضاوية",
      "فوزية",
      "رحمة",
      "سمر",
      "سناء",
      "فطيمة",
      "صبرينة",
      "دهبية",
      "فاطمة الزهرة",
      "آلاء",
      "فظيلة",
      "زهية",
      "شهرزاد",
      "خدوجة",
      "صبيحة",
      "نفيسة",
      "سيليا",
      "صورية",
      "خديجة",
      "إبتسام",
      "فريدة",
      "منيرة",
      "زاهية",
      "سكينه",
      "عيدة",
      "ثورية",
      "هند",
      "لتيسيا",
      "عبلة",
      "حمامة",
      "فروجة",
      "نورة",
      "رحاب",
      "سلينا",
      "أم الخير",
      "شهيرة",
      "حياة",
      "نصيرة",
      "هندة",
      "ظريفة",
      "فريزة",
      "فاطمة",
      "أم السعد",
      "هديل",
      "نهاد",
      "كايمة",
      "امينة",
      "سمية",
      "حسينة",
      "عائشة",
      "شمس",
      "ياسمينة",
      "كنزة",
      "ذهبية",
      "سكورة",
      "سخرية",
      "منية",
      "تاسعديت",
      "وردية",
      "يمينة",
      "لالهم",
      "مريم عفاف",
      "تيماء",
      "اكرام",
      "بهجة",
      "اوردية",
      "لينة",
      "ريمة",
      "لالة",
      "غنية",
      "العلجة",
      "سهيلة",
      "فرح",
      "الين",
      "نجوى",
      "فاطمة الزهراء",
      "كركود",
      "ام الخير",
      "ربيحة",
      "فايزة",
      "وردة",
      "سعدة",
      "عويشة",
      "رميساء",
      "سلمى",
      "مدينة شيراز",
      "ريهام",
      "حفصة",
      "دعاء",
      "هبة",
      "سليمة",
      "سماح",
      "رفيقة",
      "بشرى",
      "لامية",
      "سعاد",
      "تينهينان",
      "اوريدة",
      "أمال",
      "ليلى",
      "وفاء",
      "رشيدة",
      "سعدية",
      "نور",
      "مسيسيليا",
      "كرمية",
      "رندة",
      "ملاك",
      "سعيدة",
      "ملينة",
      "غانية",
      "صونيا",
      "مايا",
      "نوميديا",
      "اميرة",
      "صليحة",
      "حسناء",
      "حميدة",
      "ليلة",
      "نبيلة",
      "ثين هنان",
      "فاطيمة",
      "انيسة",
      "اسمة",
      "مريم",
      "سيرين",
      "إيمان",
      "دليلة",
      "يسرى",
      "أماني",
      "بركاهم",
      "نسيبة",
      "أنفال",
      "وزنة",
      "صوفية",
      "نور الهدى",
      "زهيرة",
      "فضيلة",
      "نجية",
      "مليسة",
      "نورهان",
      "وئام",
      "كايسة",
      "نماء",
      "كريمة",
      "ندى",
      "شيماء",
      "جميعة",
      "أنيسة",
      "كاتيا",
      "نوال",
      "كهينة",
      "منتهى",
      "كاميلة",
      "نادين",
      "ميليسة",
      "هنادي",
      "اسماء",
      "اسراء",
      "الياقوت",
      "رانية",
      "سهام",
      "هانية",
      "أسيا",
      "حنان",
      "ليديا",
      "ثيللي",
      "أنايس",
      "حدة",
      "باية",
      "صارة",
      "الورد",
      "وصال",
      "نور الايمان",
      "سيليليا",
      "حفيظة",
      "بهية",
      "زوليخة",
      "هيبة",
      "مسعودة",
      "أسيل",
      "الطاوس",
      "سارة",
      "خلود",
      "سومية",
      "فطومة",
      "قمير",
      "عبير",
      "حليمة",
      "مليكة",
      "فطمة",
      "إكرام",
      "سميرة",
      "زوينة",
      "كاهنة",
      "زهوة",
      "هناء",
      "فايرة",
      "نصيـــرة",
      "ملعيد",
      "ديهيا",
      "صافية",
      "إنصاف",
      "ليندة",
      "نوارة",
      "صوفيا",
      "ايرانيا",
      "رفيدة",
      "بثينة",
      "زينب",
      "دانيا",
      "ليدية",
      "زهرة",
      "تكليت",
      "حبيبة",
      "ليليا",
      "وسام",
      "رتيبة",
      "مرام",
      "شيراز",
      "الربح",
      "مياسة",
      "صفاء",
      "حسيبة",
      "هاجر",
      "إسراء",
      "زهراء",
      "نسيمة",
      "فطوم",
      "هالة",
      "تسعديت",
      "الويزة",
      "الياسمين",
      "خلفية",
      "راضية",
      "ليزا",
      "شهرة",
      "كاهينة",
      "ريم",
      "خليدة",
      "جقجيقة",
      "خولة",
      "مروى",
      "دنيا",
      "عديدي",
      "وريدة",
      "الزهرة",
      "روان",
      "آية",
      "نادية",
      "جوهر",
      "ضاوية"
    ],
    "male": [
      "أنس",
      "صادق",
      "بوسعد",
      "منور",
      "ليث",
      "شعبان",
      "رامي",
      "الحاج",
      "محمد الصديق",
      "خلادي",
      "طارق",
      "أمير",
      "إسحاق",
      "حسان",
      "جمال",
      "ريان",
      "آدم",
      "محمد وسيم",
      "سالم",
      "بوزيد",
      "قاسم",
      "مصطفى",
      "سماعيل",
      "سامر",
      "عبد الباسط",
      "رضا",
      "حاج",
      "لعموري",
      "عبد المالك",
      "سيف",
      "عصام",
      "فيصل",
      "زيد",
      "اسامة",
      "محمد حسين",
      "صابر",
      "بوجمعة",
      "ندير",
      "عبد الحق",
      "سيفاكس",
      "سمير",
      "أيمن عيسى",
      "عبد الكريم",
      "زرين",
      "عبد الرشيد",
      "خليف",
      "عزيز",
      "محمد أمين",
      "بويكر",
      "رضوان",
      "منصور",
      "زهير",
      "عبد المحسن",
      "اسعيد",
      "عبد السلام",
      "أكرم",
      "بودبزة",
      "عبادة",
      "ساعد",
      "عبد الرزاق",
      "حسام الدين",
      "سفيان",
      "عمر",
      "فوضيل",
      "بن علية",
      "غيلاس",
      "اسلام",
      "بلعيد",
      "سيد أحمد",
      "زين الدين",
      "ركان كريم",
      "نور الدين",
      "يحي",
      "محمد نجيب",
      "كريم",
      "احمد",
      "عماد",
      "محمد الامين",
      "تقي الدين",
      "جلول",
      "مروان",
      "ارزقي",
      "محمد نسيم",
      "حسين",
      "عاشور",
      "مجيد",
      "عباس",
      "عبد الوهاب",
      "خالد",
      "بلقاسم",
      "أنور",
      "ميلود",
      "عامر",
      "هاشمي",
      "صالح",
      "لياس",
      "يزيد",
      "طوطاح",
      "مسينيسا",
      "سيدعلي",
      "خميسي",
      "عبد الحميد",
      "محمد إسلام",
      "محمد عادل",
      "محمود",
      "زكريا",
      "فاتح",
      "مفدي",
      "مسعود",
      "عبد الرحيم",
      "كمال",
      "مالك",
      "الوناس",
      "سعد الدين",
      "سعد",
      "محمد ايمن",
      "اذلس",
      "مولود",
      "شريف",
      "عمار",
      "موراد",
      "امحمد",
      "زكرياء",
      "عيسى",
      "داود",
      "سليمان",
      "يوسف",
      "حمة",
      "علال",
      "فضلول",
      "عبد المجيد",
      "يعقوب",
      "يانيس",
      "أعمروش",
      "اكلي",
      "محند ارزقي",
      "نورالدين",
      "فارس",
      "خليل",
      "شمس الدين",
      "العيد",
      "لونيس",
      "أبوبكر",
      "تاشفين",
      "حسام",
      "محند امقران",
      "برهيم",
      "رابح",
      "علي",
      "فوزي",
      "ناصر",
      "أمياس",
      "أكلي",
      "عماد زين الدين",
      "علاء الدين",
      "حمزة",
      "نادر",
      "كسيلة",
      "السعيد",
      "لوناس",
      "فريد",
      "وليد",
      "محمد ياسين",
      "محمد",
      "سامي",
      "رياض",
      "رشيدة",
      "بؤخلفة",
      "زين العابدين",
      "ادير",
      "إياد",
      "اجمد",
      "هشام",
      "عبد الله",
      "محمد أيمن",
      "عبد العزيز",
      "عبد الفتاح",
      "مكي",
      "اعمر",
      "امزيان",
      "فرحات",
      "سيف الدين",
      "ابراهيم",
      "مأمون",
      "نوار",
      "مازيغ",
      "الياس",
      "بلال",
      "محمد طارق",
      "الأخضر",
      "مراد",
      "العربي",
      "دحمان",
      "محند امزيان",
      "لخظر",
      "نصر الدين",
      "احميدة",
      "العزازي",
      "لكحل",
      "سعيد",
      "أحمد نذير",
      "قويدر",
      "إلياس",
      "نسيم",
      "صفيان",
      "وائل",
      "ياسين",
      "محمد واعمر",
      "أحمد",
      "إيلاس",
      "شكري",
      "لقمان",
      "عبد النور",
      "بوعلم",
      "الخير",
      "حكيم",
      "محمد أمزيان",
      "محمد أكرم",
      "حليم",
      "إيهاب",
      "رفيق",
      "يوبا",
      "توهامي",
      "سيلاس",
      "العيساوي",
      "محمد الخليل",
      "ولعيد",
      "عميروش",
      "عبد الحمبد",
      "جواد",
      "ضياء الدين",
      "عمارة",
      "أمين",
      "فهد",
      "فؤاد",
      "باسم",
      "امير",
      "بلفاسم",
      "ربح",
      "محمد شمس الدين",
      "يحيا",
      "عبد الرحمان",
      "زياد",
      "أرزقي",
      "خالدي",
      "عماد الدين",
      "محمد أشرف",
      "محمد زهير",
      "فاروق",
      "ايدير",
      "بدرالدين",
      "مدني",
      "حميد",
      "ماسينيسا",
      "عبد الرحمن",
      "بوعلام",
      "احسن",
      "خلاف",
      "موسى",
      "خير الدين",
      "منجد",
      "محمد رضا",
      "ايمن",
      "وسيم",
      "بشير",
      "صهيب",
      "مرزاق",
      "قاسي",
      "عبد المؤمن",
      "يونس",
      "توفيق",
      "نوح",
      "بولعراس",
      "الصالح",
      "علاء",
      "عبد الغاني",
      "خليفة",
      "رمضان",
      "بوخالفة",
      "عمران",
      "عمرو",
      "قانه",
      "علاوة",
      "معيوف",
      "نبيل",
      "عبد الرؤوف",
      "طاهر",
      "إسماعيل",
      "حمو",
      "مقران",
      "محفوظ",
      "قدير",
      "محمد اكلي",
      "محمد إلياس",
      "عبد الحكيم",
      "أيوب",
      "عادل",
      "سليم",
      "عبد الحفيظ",
      "مخلوف",
      "محمد لمين",
      "محند السعيد",
      "بن عليا",
      "أنيس",
      "براهيم",
      "إسلام",
      "مسيل",
      "أسامة",
      "أيمن",
      "جلال",
      "عياش",
      "أحسن",
      "جيلالي",
      "نذير",
      "رشيد",
      "لجاج",
      "ماليك",
      "العزيز",
      "تودرت",
      "انور",
      "مزيان",
      "جاب الدين",
      "عبد القادر",
      "صلاح الدين",
      "طيب",
      "مرزوق",
      "عز الدين",
      "أعمر",
      "مناد",
      "أنيس ريان",
      "إبراهيم",
      "أدم",
      "محمد المهدي"
    ]
  },
  "nationality": [
    "أفغاني",
    "ألباني",
    "جزائري",
    "أمريكي",
    "أندوري",
    "أنغولي",
    "أنتيغوي",
    "أرجنتيني",
    "أرميني",
    "أسترالي",
    "نمساوي",
    "أذربيجاني",
    "باهامي",
    "بحريني",
    "بنغلاديشي",
    "بربادوسي",
    "بيلاروسي",
    "بلجيكي",
    "بليزي",
    "بنيني",
    "بوتاني",
    "بوليفي",
    "بوسني",
    "بوتسواني",
    "برازيلي",
    "بريطاني",
    "بروناي",
    "بلغاري",
    "بوركيني",
    "بورمي",
    "بوروندي",
    "كامبودي",
    "كاميروني",
    "كندي",
    "كيب فيردي",
    "تشادي",
    "تشيلي",
    "صيني",
    "كولومبي",
    "كوموري",
    "كونغولي",
    "كوستاريكي",
    "كرواتي",
    "كوبي",
    "قبرصي",
    "تشيكي",
    "دنماركي",
    "جيبوتي",
    "دومينيكاني",
    "إكوادوري",
    "مصري",
    "سلفادوري",
    "غيني استوائي",
    "إريتري",
    "إستوني",
    "إسواتيني",
    "إثيوبي",
    "فيجي",
    "فنلندي",
    "فرنسي",
    "غابوني",
    "غامبي",
    "جورجي",
    "ألماني",
    "غاناوي",
    "يوناني",
    "غرينادي",
    "غواتيمالي",
    "غيني",
    "غيني بيساوي",
    "غوياني",
    "هايتي",
    "هندوراسي",
    "هنغاري",
    "آيسلندي",
    "هندي",
    "إندونيسي",
    "إيراني",
    "عراقي",
    "إيرلندي",
    "إيطالي",
    "إيفواري",
    "جامايكي",
    "ياباني",
    "أردني",
    "كازاخستاني",
    "كيني",
    "كيريباتي",
    "كوري شمالي",
    "كوري جنوبي",
    "كويتي",
    "قيرغيزستاني",
    "لاوسي",
    "لاتفي",
    "لبناني",
    "ليسوتي",
    "ليبيري",
    "ليبي"
  ],
  "occupation": [
    "مدير",
    "مساعد إداري",
    "محاسب",
    "مدير مشاريع",
    "موظف استقبال",
    "مدير تسويق",
    "موظف موارد بشرية",
    "مهندس حاسوب",
    "طبيب",
    "ممرض",
    "صيدلي",
    "أخصائي تخدير",
    "طبيب أسنان",
    "معالج طبيعي",
    "أخصائي نفسي",
    "تقني مختبر",
    "أستاذ جامعي",
    "مشرف تربوي",
    "معلم",
    "مهندس مدني",
    "مهندس كهرباء",
    "مهندس ميكانيكا",
    "مهندس برمجيات",
    "تقني صيانة",
    "تقني إلكترونيات",
    "مصمم جرافيك",
    "مصور",
    "كاتب",
    "مغني",
    "مخرج سينمائي",
    "نجار",
    "سباك",
    "كهربائي",
    "حداد",
    "مبلط",
    "حرفي جلد",
    "صباغ",
    "ميكانيكي سيارات",
    "بناء",
    "بائع",
    "صاحب متجر",
    "كاشير",
    "نادِل",
    "طباخ",
    "حارس أمن",
    "سائق تاكسي",
    "موظف خدمة العملاء",
    "مزارع",
    "مهندس",
    "بيطري",
    "أخصائي بيئة",
    "مدير مزرعة",
    "بستاني",
    "مهندس تنظيف",
    "باحث علمي",
    "كيميائي",
    "عالم آثار",
    "محامي",
    "قاضي",
    "كاتب عدل",
    "مستشار قانوني",
    "محقق",
    "بقال",
    "قاضي التحقيق",
    "مدقق حسابات",
    "صحفي",
    "مذيع",
    "معد برامج",
    "محرر",
    "مراسل",
    "متخصص في التسويق",
    "مختص في الأمن السيبراني",
    "مدرب رياضي",
    "مهندس اعلام الي",
    "مهندس زلازل",
    "تقني أجهزة طبية",
    "شرطي",
    "جمركي",
    "دركي",
    "عسكري",
    "اسكافي",
    "خياط",
    "عامل تنظيف",
    "مصور فوتوغرافي",
    "مراقب جودة",
    "مدير موارد بشرية",
    "تقني تدفئة وتكييف",
    "طبيب بيطري",
    "تقني صيانة الالات صناعية",
    "منسق مشاريع",
    "مستشار مالي",
    "مهندس معماري",
    "مستشار تربوي",
    "تقني كهرباء صناعية",
    "تقني كهرباء"
  ],
  "political_views": [
    "رأسمالي",
    "شيوعي",
    "ليبرالي"
  ],
  "surnames": [
    "آيت",
    "الأسود",
    "الأشهب",
    "الأمل",
    "البرادعي",
    "البرج",
    "البرجاني",
    "البرغوتي",
    "البرق",
    "البرقوقي",
    "البركاوي",
    "البرنس",
    "البرودي",
    "البساط",
    "البقالي",
    "البكري",
    "البلخياط",
    "البلقاضي",
    "البهلوان",
    "البيضاوي",
    "التازي",
    "التواتي",
    "الجابري",
    "الجبالي",
    "الجراري",
    "الجزولي",
    "الجميل",
    "الجوادي",
    "الجيد",
    "الحرش",
    "الحسين",
    "الحمومي",
    "الحنفي",
    "الخياط",
    "الداودي",
    "الراشدي",
    "الراقي",
    "الراوي",
    "الرباطي",
    "الربيعي",
    "الرحالي",
    "الرحماني",
    "الرداد",
    "الرفاعي",
    "الريفي",
    "الزاوي",
    "الزرزولي",
    "الزروالي",
    "الزروق",
    "الزروي",
    "الزريبي",
    "الزريولي",
    "الزغبي",
    "الزكري",
    "الزناتي",
    "الزنكي",
    "الزهراني",
    "الزهراوي",
    "الزيات",
    "السعيدي",
    "السكيري",
    "الشابي",
    "الشامي",
    "الشرفي",
    "الشعبي",
    "الشيخ",
    "الشيرازي",
    "الطاهر",
    "الطاهري",
    "الطرابلسي",
    "الطريق",
    "العبادي",
    "العباسي",
    "العبدي",
    "العربي",
    "العسري",
    "العلامي",
    "العماري",
    "العنابي",
    "الغازي",
    "الفاسي",
    "الفرجاني",
    "الكدالي",
    "الكلباني",
    "الماحي",
    "المالكي",
    "المباركي",
    "المحجوب",
    "المدرسي",
    "المدني",
    "المرابطي",
    "المرزوقي",
    "المريني",
    "المستقبل",
    "المستيري",
    "المسعودي",
    "المعروفي",
    "الملحمي",
    "المنصوري",
    "المهدي",
    "المهراوي",
    "مولاي",
    "الناصري",
    "الهاشمي",
    "الهراتي",
    "الوجدي",
    "الودغيري",
    "الوزاني",
    "الوسيم",
    "الوليدي"
  ],
  "title": {
    "female": {
      "typical": [
        "السيدة"
      ],
      "academic": [
        "الدكتورة",
        "الاستاذة"
      ]
    },
    "male": {
      "typical": [
        "السيد"
      ],
      "academic": [
        "الدكتور",
        "الاستاذ"
      ]
    }
  },
  "university": [
    "جامعة محمد الخامس",
    "جامعة القاضي عياض",
    "جامعة الحسن الثاني",
    "جامعة شعيب الدكالي",
    "جامعة عبد المالك السعدي",
    "جامعة سيدي محمد بن عبد الله",
    "جامعة السلطان مولاي سليمان",
    "جامعة الأخوين",
    "جامعة ابن زهر",
    "جامعة الحسن الأول",
    "جامعة العلوم والتقنيات في فاس",
    "جامعة ابن طفيل",
    "جامعة محمد الأول",
    "جامعة المولى إسماعيل",
    "جامعة العلوم القانونية والاقتصادية والاجتماعية",
    "جامعة الرباط الدولية",
    "جامعة الدار البيضاء",
    "جامعة العيون",
    "جامعة المراكش",
    "جامعة القنيطرة",
    "جامعة الزهراوي",
    "جامعة جابر بن حيان",
    "جامعة بن زهر",
    "جامعة الأهرام",
    "جامعة أكادير",
    "جامعة الحسن الثاني بالدار البيضاء",
    "جامعة بني ملال",
    "جامعة سطات",
    "جامعة بني ملال",
    "جامعة فاس",
    "جامعة الصويرة",
    "جامعة تنغير",
    "جامعة أسفي",
    "جامعة تطوان",
    "جامعة اليوسفية",
    "جامعة فاس",
    "جامعة تارودانت",
    "جامعة مراكش",
    "جامعة الدار البيضاء الكبرى",
    "جامعة طنجة",
    "جامعة الحسيمة",
    "جامعة المحمدية",
    "جامعة قصر السوق",
    "جامعة خنيفرة",
    "جامعة إفران",
    "جامعة مكناس",
    "جامعة باكورة",
    "جامعة باجة",
    "جامعة كلميم",
    "جامعة الراشيدية",
    "جامعة أرفود",
    "جامعة الجرف",
    "جامعة الناظور",
    "جامعة سلا",
    "جامعة بن سليمان",
    "جامعة تيميثار",
    "جامعة بني ملال خنيفرة"
  ],
  "views_on": [
    "سلبي",
    "ايجابي",
    "حيادي"
  ],
  "telephone_fmt": [
    "05########",
    "06########",
    "07########",
    "(+212) 05########",
    "(+212) 06########",
    "(+212) 07########"
  ],
  "worldview": [
    "مسلم",
    "مسيحي",
    "لا ديني",
    "يهودي",
    "إخواني",
    "سلفي",
    "صوفي",
    "غير محدد"
  ]
}
