{
  "banks": [
    "BNP Paribas",
    "Crédit Agricole",
    "Société Générale",
    "Groupe BPCE",
    "Crédit Mutuel Alliance Fédérale",
    "La Banque Postale",
    "Natixis",
    "HSBC France",
    "Crédit du Nord",
    "CIC",
    "LCL",
    "AXA Banque",
    "Banque Palatine",
    "Banque Chaix",
    "Banque Martin Maurel",
    "Banque Populaire Auvergne Rhône Alpes",
    "Banque Populaire Occitane",
    "Banque Populaire Bourgogne Franche-Comté",
    "Banque Populaire Grand Ouest",
    "Banque Populaire Aquitaine Centre Atlantique",
    "Banque Populaire Val de France",
    "Banque Populaire Alsace Lorraine Champagne",
    "Banque Populaire du Massif Central",
    "Banque Populaire Rives de Paris",
    "Banque Populaire Méditerranée",
    "Banque Populaire Loire et Lyonnais",
    "Banque Populaire Atlantique",
    "Banque Populaire Provençale et Corse",
    "Banque Populaire du Sud",
    "Banque Fédérative du Crédit Mutuel",
    "Banque de France",
    "Caisse des Dépôts et Consignations",
    "Compagnie Financière Edmond de Rothschild",
    "Banque Robeco",
    "Compagnie Monégasque de Banque",
    "Banque de l'Indochine",
    "Banque Degroof Petercam France",
    "Citibank France",
    "Crédit Foncier de France",
    "BFT Investment Managers",
    "Groupe Caisse d'Epargne",
    "Bouwfonds Marignan Immobilier",
    "Arkea Banque Entreprises et Institutionnels",
    "Banque Dupuy de Parseval",
    "Oddo BHF",
    "Société de Banque et d'Expansion",
    "Banque de Savoie",
    "Sygma Banque",
    "Banque de Polynésie",
    "Banque de Tahiti",
    "BPE",
    "HSBC Private Bank",
    "Banque de l'Habitat",
    "Fideuram Wargny Banque Privée",
    "HSBC SFH",
    "Barclays France",
    "BNP Paribas Real Estate Investment Management France",
    "KBL Richelieu Banque Privée",
    "Ostrum Asset Management",
    "EFG Banque Privée",
    "CA Indosuez Wealth",
    "Rothschild & Co",
    "Mirabaud France",
    "KBL European Private Bankers",
    "Banque Richelieu France",
    "Financière Tiepolo",
    "Société Marseillaise de Crédit",
    "Milleis Banque",
    "Neuflize OBC",
    "Oddo Banque Privée",
    "Puilaetco Dewaay Private Bankers",
    "Banque Neuflize OBC"
  ],
  "company": {
    "type": {
      "title": [
        "Fonds commun de placement",
        "Société d'exercice libéral",
        "Entreprise individuelle",
        "Entreprise unipersonnelle à responsabilité limitée",
        "Société d'investissement à capital variable",
        "Groupement d'intérêt économique",
        "Société en participation",
        "Société en nom collectif",
        "Société en commandite simple",
        "Société en commandite par actions",
        "Société à responsabilité limitée",
        "Société anonyme",
        "Société coopérative de production",
        "Société d'économie mixte",
        "Société par actions simplifiée"
      ],
      "abbr": [
        "FCP",
        "SEL",
        "EI",
        "EURL",
        "SICAV",
        "GIE",
        "SEP",
        "SNC",
        "SCS",
        "SCA",
        "SARL",
        "SA",
        "SCOP",
        "SEM",
        "SAS"
      ]
    },
    "name": [
      "ACMAT",
      "ALTEN",
      "AT Internet",
      "Adixen Vacuum Products",
      "AgileBio",
      "Air France",
      "Aixam",
      "Akeneo",
      "Alcatel Micro Machining Systems",
      "Altadyn",
      "Altran",
      "Amalto",
      "Ankama",
      "Anovo",
      "Aquafadas",
      "Araxxe",
      "Areva NC",
      "Arqana",
      "Arthus-Bertrand",
      "Arturia",
      "Asendia",
      "Assimil",
      "Assystem",
      "Astra Clément-Bayard",
      "Atari, SA",
      "Ateme",
      "Atlas Telecom",
      "Atos",
      "Auchan",
      "AudioGaming",
      "Auralog",
      "Aureus Sciences",
      "Auverland",
      "Azendoo",
      "BUF Compagnie",
      "Babbler",
      "Babolat",
      "Berthillon",
      "Beurger King Muslim",
      "Big C",
      "BioMérieux",
      "BlueNext",
      "Bolloré Africa Logistics",
      "Bolloré Logistics",
      "Borie-Manoux",
      "Brandt (brand)",
      "Braud (company)",
      "Breguet (brand)",
      "Buffet Crampon",
      "Bugatti",
      "Burelle",
      "BusinessObjects",
      "Buzzinbees",
      "CIJ",
      "CILAS",
      "CMA CGM",
      "Chargeurs",
      "Charron, Girardot et Voigt",
      "Charvet Place Vendôme",
      "Chausson (recreational vehicle)",
      "Christofle",
      "Chronopost",
      "Citroën",
      "Cloem",
      "Cofidis",
      "Colas Group",
      "Compagnie des Alpes",
      "Compagnie générale transaérienne",
      "Compagnie Électro-Mécanique",
      "Comptoir des Cotonniers",
      "Conforama",
      "Convertigo",
      "DBV Technologies",
      "DCNS (company)",
      "Dacem",
      "Daher",
      "Dallay",
      "Dangel",
      "Daniel Kern Manufacture d'Orgues",
      "Dassault Systèmes",
      "Daum (studio)",
      "De Buyer",
      "Derichebourg",
      "Desoutter Tools",
      "Devoucoux",
      "Digimind",
      "Digital Surf",
      "Dmailer",
      "Dolphin Integration",
      "Domaine Clarence Dillon",
      "Dormeuil",
      "Duralex",
      "DxO Labs",
      "DxOMark",
      "EMTEC",
      "ESI Group",
      "EXo Platform",
      "Eiffel",
      "Electricfil",
      "Elie Bleu",
      "Ellipse Programmé",
      "Eramet",
      "Espace Group",
      "Essilor",
      "Esterel Technologies",
      "Eugen Systems",
      "Euriware",
      "Euro Disney S.C.A.",
      "Eurodif",
      "Eurofins Scientific",
      "Euromarché",
      "Euronews SA",
      "GRAITEC",
      "Genostar",
      "Golaem",
      "Groupe Bull",
      "IMDS Group",
      "Infinit",
      "Intego",
      "Neotys",
      "Netvibes",
      "Odisei",
      "Olea Medical",
      "OpenCube Technologies",
      "OpenPlug",
      "Sescoi",
      "SoftAtHome",
      "Sunopsis",
      "Systancia",
      "Vera Borea"
    ]
  },
  "currency-code": "EUR"
}
