{
  "company": {
    "name": [
      "الجزائرية للمياه",
      "(شركة المياه و التطهير للجزائر (سيال",
      "المؤسسة العمومية للتلفزيون",
      "المؤسسة الوطنية لعتاد الأشغال العمومية",
      "سوناطراك",
      "إتراج",
      "اتصالات الجزائر",
      "الإذاعة الجزائرية",
      "البث الإذاعي والتلفزي الجزائري",
      "ياليدين",
      "الجزائرية للطرق السيارة",
      "الخطوط الجوية الجزائرية",
      "الديوان الوطني الجزائري للسياحة",
      "الشركة الجزائرية لصناعة المروحيات",
      "الشركة الوطنية للعربات الصناعية",
      "الشركة الوطنية للنقل بالسكك الحديدية",
      "الشركة الوطنية للهندسة المدنية والبناء",
      "المؤسسة الوطنية للصناعات الإلكترونية",
      "المؤسسة الوطنية للصناعات الكهرومنزلية",
      "سوقرال",
      "النقل البحري الجزائري",
      "الوكالة الجزائرية للإشعاع الثقافي",
      "الوكالة الوطنية للدراسات و متابعة إنجاز الاستثمارات في السكك الحديدية",
      "بريد الجزائر",
      "ترامواي الجزائر",
      "تيليفيريك",
      "سونلغاز",
      "سيرتا",
      "شركة الجرارات الجزائرية",
      "سيترام",
      "صيدال",
      "طيران الطاسيلي",
      "مترو الجزائر",
      "قناة الجزائر الدولية",
      "مترو وهران",
      "مجموعة كوسيدار",
      "مدار القابضة",
      "مرسيدس بنز الجزائر",
      "مصنع سيتال",
      "موبيليس",
      "هيبروك للنقل البحري",
      "وجهات الخطوط الجوية الجزائرية",
      "إريس",
      "إفري",
      "اش بي تكنولوجي",
      "الباسو سوناطراك للغاز الطبيعي المسال",
      "السلام إلكترونيك",
      "المعهد الجزائري للبترول",
      "المعهد الجزائري للتقييس",
      "جيون إلكترونيك",
      "حمود بوعلام",
      "دار البرزخ للنشر",
      "سيفيتال",
      "فاغور براند",
      "كابريس",
      "كالغاز",
      "كوبرا إلكترونيكس",
      "كوندور",
      "مايكروسوفت الجزائر",
      "مجمع أمودا للهندسة",
      "مصنع كريباور",
      "نومهيد",
      "ورود",
      "يسير"
    ],
    "type": {
      "abbr": [
        "شركة",
        "مؤسسة",
        "SARL",
        "SPA",
        "SPAS",
        "SNC",
        "صندوق",
        "شركة أجنبية",
        "تعاضدية",
        "تعاونية",
        "شركة قابضة"
      ],
      "title": [
        "شركة",
        "مؤسسة",
        "شركة ذات مسؤولية محدودة (SARL)",
        "شركة ذات أسهم (SPA)",
        "شركة المساهمة البسيطة (SPAS)",
        "شركة التضامن (SNC)",
        "صندوق",
        "شركة أجنبية",
        "تعاضدية",
        "تعاونية",
        "شركة قابضة"
      ]
    }
  },
  "currency-code": "د.ج.",
  "price-format": "####;##",
  "numeric-decimal": ".",
  "numeric-thousands": ",",
  "numeric-frac-digits": 2
}
