{
  "banks": [
    "بنك ظفار ش.م.ع.ع",
    "بنك مسقط ش م ع ع",
    "البنك الوطني العماني ش.م.ع.ع.ع",
    "بنك عمان العربي ش.م.ع.ع",
    "صحار الدولي",
    "البنك الأهلي ش م ع ع",
    "بنك الإسكان العماني ش.م.ع.م",
    "بنك التنمية",
    "بنك نزوى",
    "بنك العز الإسلامي ش.م.ع.م",
    "بنك ملي إيران",
    "بنك بارودا",
    "بنك صادرات إيران",
    "بنك ستاندرد تشارترد",
    "ستيت بنك أوف إنديا",
    "بنك بيروت",
    "بنك أبوظبي الأول",
    "بنك قطر الوطني"
  ],
  "company": {
    "type": {
      "title": [
        "شركة",
        "مؤسسة",
        "مجموعة"
      ],
      "abbr": [
        "شركة",
        "مؤسسة",
        "مجموعة"
      ]
    },
    "name": [
      "مؤسسة الزبير",
      "مجموعة سهيل بهوان",
      "محسن حيدر درويش",
      "مجموعة الطيران العماني",
      "مجموعة دبليوجي تاول",
      "جلفار للهندسة والمقاولات",
      "النهضة للخدمات",
      "النورس للإتصالات السلكية واللاسلكية",
      "أسمنت عمان",
      "صلالة لخدمات المواني",
      "تسويق النفط العمانية",
      "مواصلات",
      "المطاحن العمانية",
      "صحار للطاقة",
      "أونك القابضة",
      "حديد الجزيرة",
      "الأنوار لبلاط السيراميك",
      "تأجير للتمويل",
      "تكافل عمان",
      "الصفاء للأغذية",
      "أعلاف ظفار",
      "المتحدة للطاقة"
    ]
  },
  "currency-code": "OMR"
}
