{
  "academic_degree": [
    "بكالوريوس",
    "ماجستير",
    "دكتوراه"
  ],
  "gender": [
    "ذكر",
    "أنثى"
  ],
  "language": [
    "الصينية الماندرين",
    "الإسبانية",
    "الإنجليزية",
    "البنغالية",
    "الهندية",
    "البرتغالية",
    "الروسية",
    "اليابانية",
    "الألمانية",
    "الصينية الوو",
    "الجاوية",
    "الكورية",
    "الفرنسية",
    "الفيتنامية",
    "التيلجو",
    "الصينية الكانتونية",
    "الماراثية",
    "التاميلية",
    "التركية",
    "الأردية",
    "الصينية المين",
    "الصينية الجينيو",
    "الغوجاراتية",
    "البولندية",
    "العربية المصرية",
    "الأوكرانية",
    "الإيطالية",
    "الصينية الشيانغ",
    "المالايالامية",
    "الصينية الهكا",
    "الكانادا",
    "الأوريا",
    "البنجابية الغربية",
    "السوندية",
    "البنجابية الشرقية",
    "الرومانية",
    "البوجبورية",
    "الأذربيجانية",
    "الفارسية",
    "الميثيلية",
    "الهوسا",
    "العربية الجزائرية",
    "البورمية",
    "الصربية",
    "الصينية الجان",
    "الأوادية",
    "التايلاندية",
    "الهولندية",
    "اليوروبية",
    "السندية",
    "العربية المغربية",
    "العربية الصعيدية",
    "الأوزبكية",
    "الماليزية",
    "الأمهرية",
    "الإندونيسية",
    "الإيغبو",
    "الفلبينية",
    "النيبالية",
    "العربية السودانية",
    "السرايكية",
    "الفيزايانية",
    "العربية البدوية",
    "التايلاندية الشمالية الشرقية",
    "الآسامية",
    "الهنغارية",
    "الشيتاغونية",
    "العربية العراقية (الميزوبوتامية)",
    "المدورية",
    "السنهالية",
    "الهاريانفية",
    "الماروارية",
    "التشيكية",
    "اليونانية",
    "الماجاهي",
    "الشاتيسجارية",
    "الدكنية",
    "الصينية المين باي",
    "البيلاروسية",
    "الزوانغ"
  ],
  "names": {
    "female": [
      "فاطمة",
      "زينب",
      "عائشة",
      "عهود",
      "صباح",
      "أمل",
      "نادية",
      "سهى",
      "أمينة",
      "سمية",
      "سارة",
      "سلمى",
      "مريم",
      "حنان",
      "سعاد",
      "ملاك",
      "إمتثال",
      "وفاء",
      "رشا",
      "غادة",
      "هند",
      "ليلى",
      "ريم",
      "هدى",
      "صفاء",
      "رحمة",
      "اسراء",
      "موزة",
      "ابتسام",
      "آية",
      "نور",
      "جنى",
      "سهام",
      "فريدة",
      "إيمان",
      "إسراء",
      "ياسمين",
      "جميلة",
      "أسماء",
      "خديجة",
      "نجوى",
      "بشرى",
      "فرح",
      "زهراء",
      "هالة",
      "يسرى",
      "نادية",
      "أسيل",
      "نوارة",
      "ميساء",
      "شيماء",
      "صفية",
      "عبير",
      "لمياء",
      "جوخة",
      "آلاء",
      "هاجر",
      "أميرة",
      "نوال",
      "دنيا",
      "مرام",
      "إسراء",
      "ميثاء",
      "هديل",
      "أماني",
      "وصال",
      "رحاب",
      "هبة",
      "أسماء",
      "دعاء",
      "كوثر",
      "شمسة",
      "إيثار",
      "زوينة",
      "ثريا"
    ],
    "male": [
      "آدم",
      "أنس",
      "مراش",
      "أيمن",
      "إياد",
      "باسم",
      "زايد",
      "سفيان",
      "مروان",
      "نوح",
      "مالك",
      "جواد",
      "ليث",
      "يوسف",
      "كريم",
      "عماد",
      "زيد",
      "هشام",
      "خلفان",
      "حسان",
      "أسامة",
      "أنس",
      "عادل",
      "فهد",
      "سيف",
      "محمود",
      "فارس",
      "خليل",
      "عمر",
      "عبد الله",
      "عبد القادر",
      "عبد الكريم",
      "عزيز",
      "عبد الرحيم",
      "عبد الفتاح",
      "عبد المجيد",
      "عبد الرحمن",
      "يزيد",
      "السعيد",
      "موسى",
      "إبراهيم",
      "سمير",
      "جلال",
      "جواد",
      "خالد",
      "وليد",
      "حمزة",
      "نورالدين",
      "عامر",
      "سليم",
      "فيصل",
      "سامي",
      "رياض",
      "نادر",
      "طارق",
      "جمال",
      "صهيب",
      "شريف",
      "حليم",
      "بلال",
      "زكريا",
      "منجد",
      "علاء",
      "وسيم",
      "وائل",
      "يعقوب",
      "عزام",
      "سالم",
      "محمد",
      "مصطفى",
      "سرور",
      "علي",
      "رياد",
      "أمجد",
      "ناصر",
      "نصر",
      "هيثم",
      "تيمور",
      "حمزة",
      "إلياس",
      "إياد",
      "يحيى"
    ]
  },
  "nationality": [
    "أفغاني",
    "ألباني",
    "جزائري",
    "أمريكي",
    "أندوري",
    "أنغولي",
    "أنتيغوي",
    "أرجنتيني",
    "أرميني",
    "أسترالي",
    "نمساوي",
    "أذربيجاني",
    "باهامي",
    "بحريني",
    "بنغلاديشي",
    "بربادوسي",
    "بيلاروسي",
    "بلجيكي",
    "بليزي",
    "بنيني",
    "بوتاني",
    "بوليفي",
    "بوسني",
    "بوتسواني",
    "برازيلي",
    "بريطاني",
    "بروناي",
    "بلغاري",
    "بوركيني",
    "بورمي",
    "بوروندي",
    "كامبودي",
    "كاميروني",
    "كندي",
    "كيب فيردي",
    "تشادي",
    "تشيلي",
    "صيني",
    "كولومبي",
    "كوموري",
    "كونغولي",
    "كوستاريكي",
    "كرواتي",
    "كوبي",
    "قبرصي",
    "تشيكي",
    "دنماركي",
    "جيبوتي",
    "دومينيكاني",
    "إكوادوري",
    "مصري",
    "سلفادوري",
    "غيني استوائي",
    "إريتري",
    "إستوني",
    "إسواتيني",
    "إثيوبي",
    "فيجي",
    "فنلندي",
    "فرنسي",
    "غابوني",
    "غامبي",
    "جورجي",
    "ألماني",
    "غاناوي",
    "يوناني",
    "غرينادي",
    "غواتيمالي",
    "غيني",
    "غيني بيساوي",
    "غوياني",
    "هايتي",
    "هندوراسي",
    "هنغاري",
    "آيسلندي",
    "هندي",
    "إندونيسي",
    "إيراني",
    "عراقي",
    "إيرلندي",
    "إيطالي",
    "إيفواري",
    "جامايكي",
    "ياباني",
    "أردني",
    "كازاخستاني",
    "كيني",
    "كيريباتي",
    "كوري شمالي",
    "كوري جنوبي",
    "كويتي",
    "قيرغيزستاني",
    "لاوسي",
    "لاتفي",
    "لبناني",
    "ليسوتي",
    "ليبيري",
    "ليبي"
  ],
  "occupation": [
    "مدير",
    "مساعد إداري",
    "محاسب",
    "مدير مشاريع",
    "موظف استقبال",
    "مدير تسويق",
    "موظف موارد بشرية",
    "مهندس حاسوب",
    "طبيب",
    "ممرض",
    "صيدلي",
    "أخصائي تخدير",
    "طبيب أسنان",
    "معالج طبيعي",
    "أخصائي نفسي",
    "تقني مختبر",
    "أستاذ جامعي",
    "مشرف تربوي",
    "معلم",
    "مهندس مدني",
    "مهندس كهرباء",
    "مهندس ميكانيكا",
    "مهندس برمجيات",
    "تقني صيانة",
    "تقني إلكترونيات",
    "مصمم جرافيك",
    "مصور",
    "كاتب",
    "مغني",
    "مخرج سينمائي",
    "نجار",
    "سباك",
    "كهربائي",
    "حداد",
    "مبلط",
    "حرفي جلد",
    "صباغ",
    "ميكانيكي سيارات",
    "بناء",
    "بائع",
    "صاحب متجر",
    "كاشير",
    "نادِل",
    "طباخ",
    "حارس أمن",
    "سائق تاكسي",
    "موظف خدمة العملاء",
    "مزارع",
    "مهندس",
    "بيطري",
    "أخصائي بيئة",
    "مدير مزرعة",
    "بستاني",
    "مهندس تنظيف",
    "باحث علمي",
    "كيميائي",
    "عالم آثار",
    "محامي",
    "قاضي",
    "كاتب عدل",
    "مستشار قانوني",
    "محقق",
    "بقال",
    "قاضي التحقيق",
    "مدقق حسابات",
    "صحفي",
    "مذيع",
    "معد برامج",
    "محرر",
    "مراسل",
    "متخصص في التسويق",
    "مختص في الأمن السيبراني",
    "مدرب رياضي",
    "مهندس اعلام الي",
    "مهندس زلازل",
    "تقني أجهزة طبية",
    "شرطي",
    "جمركي",
    "دركي",
    "عسكري",
    "اسكافي",
    "خياط",
    "عامل تنظيف",
    "مصور فوتوغرافي",
    "مراقب جودة",
    "مدير موارد بشرية",
    "تقني تدفئة وتكييف",
    "طبيب بيطري",
    "تقني صيانة الالات صناعية",
    "منسق مشاريع",
    "مستشار مالي",
    "مهندس معماري",
    "مستشار تربوي",
    "تقني كهرباء صناعية",
    "تقني كهرباء"
  ],
  "political_views": [
    "رأسمالي",
    "شيوعي",
    "ليبرالي"
  ],
  "surnames": [
    "السعيدي",
    "العبدلي",
    "العلوي",
    "البوسعيدي",
    "المبوسعيدي",
    "العبري",
    "الجهوري",
    "الجعفري",
    "البلوشي",
    "البكري",
    "الروشدي",
    "الحجي",
    "الوهيبي",
    "المحرزي",
    "العزيزي",
    "آل عبدالسلام",
    "الكثيري",
    "الشبيبي",
    "السعدي",
    "الخليلي",
    "الجرادي",
    "الرشيدي",
    "البريكي",
    "الحنشي",
    "البدري",
    "السيابي",
    "الرحيلي",
    "الرئيسي",
    "المهيري",
    "الظهوري",
    "الساعدي",
    "الحكلي",
    "المكدمي",
    "العولقي",
    "المهري",
    "اليافعي",
    "المشايخي",
    "الهاشمي",
    "البويقي",
    "الوهيبي",
    "الأغبري",
    "البادي",
    "الأنصاري",
    "الجعفري",
    "الجنيبي",
    "الجامودي",
    "الحبسي",
    "الحجري",
    "الحجوري",
    "التويجري",
    "الحداني",
    "الحروسوسي",
    "الحسني",
    "الحكماني",
    "الحاتمي",
    "الحوسني",
    "الخضوري",
    "الخميسي",
    "الخمبشي",
    "الخاطري",
    "الخياري",
    "الدرعي",
    "الدغاري",
    "الدغيشي",
    "الذهلي",
    "الرحبي",
    "الرزيقي",
    "الرمضاني",
    "الراجحي",
    "الزيدي",
    "السلماني",
    "السناني",
    "السالمي",
    "الساعدي",
    "السيفي",
    "الشبيلي",
    "الشبيبي",
    "الشحي",
    "الشرجي",
    "الشرياني",
    "الشعيبي",
    "الشقصي",
    "الشكوري",
    "الشامسي",
    "الشيدي",
    "الصقري",
    "الصوافي",
    "الضامري",
    "الطائي",
    "الطارشي",
    "الظاهري",
    "العتبي",
    "العبادي",
    "العدواني",
    "العدوي",
    "العريمي",
    "العزري",
    "العامري",
    "العيسائي",
    "الغداني",
    "الغريبي",
    "الغساني",
    "الغاربي",
    "القاسمي",
    "الكندي",
    "الكيومي",
    "المحروقي",
    "المخزومي",
    "المزروعي",
    "المسكري",
    "المزروعي",
    "المسروي",
    "المشيفري",
    "المشرفي",
    "المعولي",
    "المعمري",
    "الناعبي",
    "الندابي",
    "النعماني",
    "النعيمي",
    "النوفلي",
    "الهدابي",
    "الهاشمي",
    "الهلالي",
    "اليحيائي",
    "اليعربي",
    "اليعقوبي",
    "الأخزمي",
    "الأسماعيلي",
    "المالكي",
    "الحارثي",
    "البحري",
    "الجساسي",
    "الجهضمي",
    "الحسني",
    "الحضرمي",
    "الخالدي",
    "الراسبي",
    "الربيعي",
    "الكلباني",
    "المحاربي",
    "اللمكي",
    "الهنائي",
    "النهدي",
    "الكعبي"
  ],
  "title": {
    "female": {
      "typical": [
        "الفاضلة"
      ],
      "academic": [
        "الدكتورة",
        "الاستاذة"
      ]
    },
    "male": {
      "typical": [
        "الفاضل"
      ],
      "academic": [
        "الدكتور",
        "الاستاذ"
      ]
    }
  },
  "university": [
    "جامعة السلطان قابوس",
    "الجامعة التقنية",
    "جامعة صحار",
    "جامعة نزوى",
    "كلية الخليج",
    "كلية مزون",
    "الكلية الحديثة للأعمال والعلوم",
    "الكلية العسكرية",
    "كلية الشرق الأوسط",
    "الجامعة الألمانية للتكنولوجيا",
    "الجامعة العربية المفتوحة",
    "كلية عمان للسياحة",
    "كلية صور",
    "جامعة البريمي",
    "جامعة مسقط"
  ],
  "views_on": [
    "سلبي",
    "ايجابي",
    "حيادي"
  ],
  "telephone_fmt": [
    "9#######",
    "7#######",
    "2#######",
    "(+968) 9#######",
    "(+968) 7#######",
    "(+968) 2########"
  ],
  "worldview": [
    "مسلم",
    "مسيحي",
    "لا ديني",
    "يهودي",
    "إخواني",
    "سلفي",
    "صوفي",
    "غير محدد"
  ]
}
