{
  "company": {
    "name": [
      "شركة المياه",
      "اتصالات",
      "الإذاعة الوطنية",
      "الخطوط الجوية",
      "الديوان الوطني  للسياحة",
      "الشركة القومية لصناعة المروحيات",
      "الشركة الوطنية للعربات الصناعية",
      "الشركة الوطنية للنقل بالسكك الحديدية",
      "الشركة الوطنية للهندسة المدنية والبناء",
      "المؤسسة الوطنية للصناعات الإلكترونية",
      "المؤسسة الوطنية للصناعات الكهرومنزلية",
      "النقل البحري القومي",
      "الوكالة القومية للإشعاع الثقافي",
      "البريد",
      "شركة الجرارات القومية",
      "مدار القابضة",
      "السلام إلكترونيك",
      "المعهد القومي للبترول",
      "المعهد القومي للتقييس",
      "دار البرزخ للنشر",
      "ورود",
      "يسير"
    ],
    "type": {
      "abbr": [
        "شركة",
        "مؤسسة",
        "SARL",
        "SPA",
        "SPAS",
        "SNC",
        "صندوق",
        "شركة أجنبية",
        "تعاضدية",
        "تعاونية",
        "شركة قابضة"
      ],
      "title": [
        "شركة",
        "مؤسسة",
        "شركة ذات مسؤولية محدودة (SARL)",
        "شركة ذات أسهم (SPA)",
        "شركة المساهمة البسيطة (SPAS)",
        "شركة التضامن (SNC)",
        "صندوق",
        "شركة أجنبية",
        "تعاضدية",
        "تعاونية",
        "شركة قابضة"
      ]
    }
  },
  "currency-code": "د.أ.",
  "price-format": "####.###",
  "numeric-decimal": ".",
  "numeric-thousands": ",",
  "numeric-frac-digits": 3
}
