{
  "day": {
    "abbr": [
      "س",
      "ح",
      "ن",
      "ث",
      "ر",
      "خ",
      "ج"
    ],
    "name": [
      "السبت",
      "الأحد",
      "الإثنين",
      "الثلاثاء",
      "الأربعاء",
      "الخميس",
      "الجمعة"
    ]
  },
  "formats": {
    "date": "%d-%m-%Y",
    "time": "%H:%M:%S"
  },
  "month": {
    "abbr": [
 "كانون2",
      "شباط",
      "أذار",
      "نيسان",
      "أيار",
      "حزيران",
      "تمور",
      "آب",
      "أيلول",
      "تشرين1",
      "تشرين2",
      "كانون1"
    ],
    "name": [
 "كانون الثاني",
      "شباط",
      "أذار",
      "نيسان",
      "أيار",
      "حزيران",
      "تمور",
      "آب",
      "أيلول",
      "تشرين الأول",
      "تشرين الثاني",
      "كانون الأول"
    ]
  },
  "periodicity": [
    "سنوي",
    "أسبوعي",
    "أبداً",
    "شهري",
    "نادراً",
    "غالباً",
    "يوميًا",
    "مرة واحدة"
  ]
}
